書換後候補,復元先旧表記,代表旧字,代表新字,採用,整理区分,根拠種別,属性メモ,先行v3重複,出典URL候補,運用メモ,除外理由,後続管理
学校,學校,學,学,FALSE,新規・辞書検索系・基底熟語,漢字/熟語検索サイト・漢検系確認候補,,FALSE,https://kokugo.jitenon.jp/kanji/%E5%AD%B8/contain/ / https://kakijun.com/kanji/kotoba/5b78.html,先行の告示PDF由来リストとは別枠。語単位最長一致でのみ実行し、一字置換は禁止。,旧字体・新字体の一字対応で処理可能なため、熟語単位ルールから除外,旧字体一字対応テーブル側で管理
学生,學生,學,学,FALSE,新規・辞書検索系・基底熟語,漢字/熟語検索サイト・漢検系確認候補,,FALSE,https://kokugo.jitenon.jp/kanji/%E5%AD%B8/contain/ / https://kakijun.com/kanji/kotoba/5b78.html,先行の告示PDF由来リストとは別枠。語単位最長一致でのみ実行し、一字置換は禁止。,旧字体・新字体の一字対応で処理可能なため、熟語単位ルールから除外,旧字体一字対応テーブル側で管理
大学,大學,學,学,FALSE,新規・辞書検索系・基底熟語,漢字/熟語検索サイト・漢検系確認候補,,FALSE,https://kokugo.jitenon.jp/kanji/%E5%AD%B8/contain/ / https://kakijun.com/kanji/kotoba/5b78.html,先行の告示PDF由来リストとは別枠。語単位最長一致でのみ実行し、一字置換は禁止。,旧字体・新字体の一字対応で処理可能なため、熟語単位ルールから除外,旧字体一字対応テーブル側で管理
学問,學問,學,学,FALSE,新規・辞書検索系・基底熟語,漢字/熟語検索サイト・漢検系確認候補,,FALSE,https://kokugo.jitenon.jp/kanji/%E5%AD%B8/contain/ / https://kakijun.com/kanji/kotoba/5b78.html,先行の告示PDF由来リストとは別枠。語単位最長一致でのみ実行し、一字置換は禁止。,旧字体・新字体の一字対応で処理可能なため、熟語単位ルールから除外,旧字体一字対応テーブル側で管理
学術,學術,學,学,FALSE,新規・辞書検索系・基底熟語,漢字/熟語検索サイト・漢検系確認候補,,FALSE,https://kokugo.jitenon.jp/kanji/%E5%AD%B8/contain/ / https://kakijun.com/kanji/kotoba/5b78.html,先行の告示PDF由来リストとは別枠。語単位最長一致でのみ実行し、一字置換は禁止。,旧字体・新字体の一字対応で処理可能なため、熟語単位ルールから除外,旧字体一字対応テーブル側で管理
科学,科學,學,学,FALSE,新規・辞書検索系・基底熟語,漢字/熟語検索サイト・漢検系確認候補,,FALSE,https://kokugo.jitenon.jp/kanji/%E5%AD%B8/contain/ / https://kakijun.com/kanji/kotoba/5b78.html,先行の告示PDF由来リストとは別枠。語単位最長一致でのみ実行し、一字置換は禁止。,旧字体・新字体の一字対応で処理可能なため、熟語単位ルールから除外,旧字体一字対応テーブル側で管理
数学,數學,學,学,FALSE,新規・辞書検索系・基底熟語,漢字/熟語検索サイト・漢検系確認候補,,FALSE,https://kokugo.jitenon.jp/kanji/%E5%AD%B8/contain/ / https://kakijun.com/kanji/kotoba/5b78.html,先行の告示PDF由来リストとは別枠。語単位最長一致でのみ実行し、一字置換は禁止。,旧字体・新字体の一字対応で処理可能なため、熟語単位ルールから除外,旧字体一字対応テーブル側で管理
文学,文學,學,学,FALSE,新規・辞書検索系・基底熟語,漢字/熟語検索サイト・漢検系確認候補,,FALSE,https://kokugo.jitenon.jp/kanji/%E5%AD%B8/contain/ / https://kakijun.com/kanji/kotoba/5b78.html,先行の告示PDF由来リストとは別枠。語単位最長一致でのみ実行し、一字置換は禁止。,旧字体・新字体の一字対応で処理可能なため、熟語単位ルールから除外,旧字体一字対応テーブル側で管理
留学,留學,學,学,FALSE,新規・辞書検索系・基底熟語,漢字/熟語検索サイト・漢検系確認候補,,FALSE,https://kokugo.jitenon.jp/kanji/%E5%AD%B8/contain/ / https://kakijun.com/kanji/kotoba/5b78.html,先行の告示PDF由来リストとは別枠。語単位最長一致でのみ実行し、一字置換は禁止。,旧字体・新字体の一字対応で処理可能なため、熟語単位ルールから除外,旧字体一字対応テーブル側で管理
進学,進學,學,学,FALSE,新規・辞書検索系・基底熟語,漢字/熟語検索サイト・漢検系確認候補,,FALSE,https://kokugo.jitenon.jp/kanji/%E5%AD%B8/contain/ / https://kakijun.com/kanji/kotoba/5b78.html,先行の告示PDF由来リストとは別枠。語単位最長一致でのみ実行し、一字置換は禁止。,旧字体・新字体の一字対応で処理可能なため、熟語単位ルールから除外,旧字体一字対応テーブル側で管理
修学,修學,學,学,FALSE,新規・辞書検索系・基底熟語,漢字/熟語検索サイト・漢検系確認候補,,FALSE,https://kokugo.jitenon.jp/kanji/%E5%AD%B8/contain/ / https://kakijun.com/kanji/kotoba/5b78.html,先行の告示PDF由来リストとは別枠。語単位最長一致でのみ実行し、一字置換は禁止。,旧字体・新字体の一字対応で処理可能なため、熟語単位ルールから除外,旧字体一字対応テーブル側で管理
学会,學會,學,学,FALSE,新規・辞書検索系・基底熟語,漢字/熟語検索サイト・漢検系確認候補,,FALSE,https://kokugo.jitenon.jp/kanji/%E5%AD%B8/contain/ / https://kakijun.com/kanji/kotoba/5b78.html,先行の告示PDF由来リストとは別枠。語単位最長一致でのみ実行し、一字置換は禁止。,旧字体・新字体の一字対応で処理可能なため、熟語単位ルールから除外,旧字体一字対応テーブル側で管理
学者,學者,學,学,FALSE,新規・辞書検索系・基底熟語,漢字/熟語検索サイト・漢検系確認候補,,FALSE,https://kokugo.jitenon.jp/kanji/%E5%AD%B8/contain/ / https://kakijun.com/kanji/kotoba/5b78.html,先行の告示PDF由来リストとは別枠。語単位最長一致でのみ実行し、一字置換は禁止。,旧字体・新字体の一字対応で処理可能なため、熟語単位ルールから除外,旧字体一字対応テーブル側で管理
学園,學園,學,学,FALSE,新規・辞書検索系・基底熟語,漢字/熟語検索サイト・漢検系確認候補,,FALSE,https://kokugo.jitenon.jp/kanji/%E5%AD%B8/contain/ / https://kakijun.com/kanji/kotoba/5b78.html,先行の告示PDF由来リストとは別枠。語単位最長一致でのみ実行し、一字置換は禁止。,旧字体・新字体の一字対応で処理可能なため、熟語単位ルールから除外,旧字体一字対応テーブル側で管理
学部,學部,學,学,FALSE,新規・辞書検索系・基底熟語,漢字/熟語検索サイト・漢検系確認候補,,FALSE,https://kokugo.jitenon.jp/kanji/%E5%AD%B8/contain/ / https://kakijun.com/kanji/kotoba/5b78.html,先行の告示PDF由来リストとは別枠。語単位最長一致でのみ実行し、一字置換は禁止。,旧字体・新字体の一字対応で処理可能なため、熟語単位ルールから除外,旧字体一字対応テーブル側で管理
学期,學期,學,学,FALSE,新規・辞書検索系・基底熟語,漢字/熟語検索サイト・漢検系確認候補,,FALSE,https://kokugo.jitenon.jp/kanji/%E5%AD%B8/contain/ / https://kakijun.com/kanji/kotoba/5b78.html,先行の告示PDF由来リストとは別枠。語単位最長一致でのみ実行し、一字置換は禁止。,旧字体・新字体の一字対応で処理可能なため、熟語単位ルールから除外,旧字体一字対応テーブル側で管理
学年,學年,學,学,FALSE,新規・辞書検索系・基底熟語,漢字/熟語検索サイト・漢検系確認候補,,FALSE,https://kokugo.jitenon.jp/kanji/%E5%AD%B8/contain/ / https://kakijun.com/kanji/kotoba/5b78.html,先行の告示PDF由来リストとは別枠。語単位最長一致でのみ実行し、一字置換は禁止。,旧字体・新字体の一字対応で処理可能なため、熟語単位ルールから除外,旧字体一字対応テーブル側で管理
学科,學科,學,学,FALSE,新規・辞書検索系・基底熟語,漢字/熟語検索サイト・漢検系確認候補,,FALSE,https://kokugo.jitenon.jp/kanji/%E5%AD%B8/contain/ / https://kakijun.com/kanji/kotoba/5b78.html,先行の告示PDF由来リストとは別枠。語単位最長一致でのみ実行し、一字置換は禁止。,旧字体・新字体の一字対応で処理可能なため、熟語単位ルールから除外,旧字体一字対応テーブル側で管理
学習,學習,學,学,FALSE,新規・辞書検索系・基底熟語,漢字/熟語検索サイト・漢検系確認候補,,FALSE,https://kokugo.jitenon.jp/kanji/%E5%AD%B8/contain/ / https://kakijun.com/kanji/kotoba/5b78.html,先行の告示PDF由来リストとは別枠。語単位最長一致でのみ実行し、一字置換は禁止。,旧字体・新字体の一字対応で処理可能なため、熟語単位ルールから除外,旧字体一字対応テーブル側で管理
哲学,哲學,學,学,FALSE,新規・辞書検索系・基底熟語,漢字/熟語検索サイト・漢検系確認候補,,FALSE,https://kokugo.jitenon.jp/kanji/%E5%AD%B8/contain/ / https://kakijun.com/kanji/kotoba/5b78.html,先行の告示PDF由来リストとは別枠。語単位最長一致でのみ実行し、一字置換は禁止。,旧字体・新字体の一字対応で処理可能なため、熟語単位ルールから除外,旧字体一字対応テーブル側で管理
医学,醫學,學,学,FALSE,新規・辞書検索系・基底熟語,漢字/熟語検索サイト・漢検系確認候補,,FALSE,https://kokugo.jitenon.jp/kanji/%E5%AD%B8/contain/ / https://kakijun.com/kanji/kotoba/5b78.html,先行の告示PDF由来リストとは別枠。語単位最長一致でのみ実行し、一字置換は禁止。,旧字体・新字体の一字対応で処理可能なため、熟語単位ルールから除外,旧字体一字対応テーブル側で管理
化学,化學,學,学,FALSE,新規・辞書検索系・基底熟語,漢字/熟語検索サイト・漢検系確認候補,,FALSE,https://kokugo.jitenon.jp/kanji/%E5%AD%B8/contain/ / https://kakijun.com/kanji/kotoba/5b78.html,先行の告示PDF由来リストとは別枠。語単位最長一致でのみ実行し、一字置換は禁止。,旧字体・新字体の一字対応で処理可能なため、熟語単位ルールから除外,旧字体一字対応テーブル側で管理
国家,國家,國,国,FALSE,新規・辞書検索系・基底熟語,漢字/熟語検索サイト・漢検系確認候補,,FALSE,https://kokugo.jitenon.jp/kanji/%E5%9C%8B/contain/ / https://kakijun.com/kanji/kotoba/570b.html,先行の告示PDF由来リストとは別枠。語単位最長一致でのみ実行し、一字置換は禁止。,旧字体・新字体の一字対応で処理可能なため、熟語単位ルールから除外,旧字体一字対応テーブル側で管理
国民,國民,國,国,FALSE,新規・辞書検索系・基底熟語,漢字/熟語検索サイト・漢検系確認候補,,FALSE,https://kokugo.jitenon.jp/kanji/%E5%9C%8B/contain/ / https://kakijun.com/kanji/kotoba/570b.html,先行の告示PDF由来リストとは別枠。語単位最長一致でのみ実行し、一字置換は禁止。,旧字体・新字体の一字対応で処理可能なため、熟語単位ルールから除外,旧字体一字対応テーブル側で管理
外国,外國,國,国,FALSE,新規・辞書検索系・基底熟語,漢字/熟語検索サイト・漢検系確認候補,,FALSE,https://kokugo.jitenon.jp/kanji/%E5%9C%8B/contain/ / https://kakijun.com/kanji/kotoba/570b.html,先行の告示PDF由来リストとは別枠。語単位最長一致でのみ実行し、一字置換は禁止。,旧字体・新字体の一字対応で処理可能なため、熟語単位ルールから除外,旧字体一字対応テーブル側で管理
中国,中國,國,国,FALSE,新規・辞書検索系・基底熟語,漢字/熟語検索サイト・漢検系確認候補,,FALSE,https://kokugo.jitenon.jp/kanji/%E5%9C%8B/contain/ / https://kakijun.com/kanji/kotoba/570b.html,先行の告示PDF由来リストとは別枠。語単位最長一致でのみ実行し、一字置換は禁止。,旧字体・新字体の一字対応で処理可能なため、熟語単位ルールから除外,旧字体一字対応テーブル側で管理
米国,米國,國,国,FALSE,新規・辞書検索系・基底熟語,漢字/熟語検索サイト・漢検系確認候補,,FALSE,https://kokugo.jitenon.jp/kanji/%E5%9C%8B/contain/ / https://kakijun.com/kanji/kotoba/570b.html,先行の告示PDF由来リストとは別枠。語単位最長一致でのみ実行し、一字置換は禁止。,旧字体・新字体の一字対応で処理可能なため、熟語単位ルールから除外,旧字体一字対応テーブル側で管理
英国,英國,國,国,FALSE,新規・辞書検索系・基底熟語,漢字/熟語検索サイト・漢検系確認候補,,FALSE,https://kokugo.jitenon.jp/kanji/%E5%9C%8B/contain/ / https://kakijun.com/kanji/kotoba/570b.html,先行の告示PDF由来リストとは別枠。語単位最長一致でのみ実行し、一字置換は禁止。,旧字体・新字体の一字対応で処理可能なため、熟語単位ルールから除外,旧字体一字対応テーブル側で管理
国語,國語,國,国,FALSE,新規・辞書検索系・基底熟語,漢字/熟語検索サイト・漢検系確認候補,,FALSE,https://kokugo.jitenon.jp/kanji/%E5%9C%8B/contain/ / https://kakijun.com/kanji/kotoba/570b.html,先行の告示PDF由来リストとは別枠。語単位最長一致でのみ実行し、一字置換は禁止。,旧字体・新字体の一字対応で処理可能なため、熟語単位ルールから除外,旧字体一字対応テーブル側で管理
国際,國際,國,国,FALSE,新規・辞書検索系・基底熟語,漢字/熟語検索サイト・漢検系確認候補,,FALSE,https://kokugo.jitenon.jp/kanji/%E5%9C%8B/contain/ / https://kakijun.com/kanji/kotoba/570b.html,先行の告示PDF由来リストとは別枠。語単位最長一致でのみ実行し、一字置換は禁止。,旧字体・新字体の一字対応で処理可能なため、熟語単位ルールから除外,旧字体一字対応テーブル側で管理
国立,國立,國,国,FALSE,新規・辞書検索系・基底熟語,漢字/熟語検索サイト・漢検系確認候補,,FALSE,https://kokugo.jitenon.jp/kanji/%E5%9C%8B/contain/ / https://kakijun.com/kanji/kotoba/570b.html,先行の告示PDF由来リストとは別枠。語単位最長一致でのみ実行し、一字置換は禁止。,旧字体・新字体の一字対応で処理可能なため、熟語単位ルールから除外,旧字体一字対応テーブル側で管理
国会,國會,國,国,FALSE,新規・辞書検索系・基底熟語,漢字/熟語検索サイト・漢検系確認候補,,FALSE,https://kokugo.jitenon.jp/kanji/%E5%9C%8B/contain/ / https://kakijun.com/kanji/kotoba/570b.html,先行の告示PDF由来リストとは別枠。語単位最長一致でのみ実行し、一字置換は禁止。,旧字体・新字体の一字対応で処理可能なため、熟語単位ルールから除外,旧字体一字対応テーブル側で管理
国境,國境,國,国,FALSE,新規・辞書検索系・基底熟語,漢字/熟語検索サイト・漢検系確認候補,,FALSE,https://kokugo.jitenon.jp/kanji/%E5%9C%8B/contain/ / https://kakijun.com/kanji/kotoba/570b.html,先行の告示PDF由来リストとは別枠。語単位最長一致でのみ実行し、一字置換は禁止。,旧字体・新字体の一字対応で処理可能なため、熟語単位ルールから除外,旧字体一字対応テーブル側で管理
国土,國土,國,国,FALSE,新規・辞書検索系・基底熟語,漢字/熟語検索サイト・漢検系確認候補,,FALSE,https://kokugo.jitenon.jp/kanji/%E5%9C%8B/contain/ / https://kakijun.com/kanji/kotoba/570b.html,先行の告示PDF由来リストとは別枠。語単位最長一致でのみ実行し、一字置換は禁止。,旧字体・新字体の一字対応で処理可能なため、熟語単位ルールから除外,旧字体一字対応テーブル側で管理
建国,建國,國,国,FALSE,新規・辞書検索系・基底熟語,漢字/熟語検索サイト・漢検系確認候補,,FALSE,https://kokugo.jitenon.jp/kanji/%E5%9C%8B/contain/ / https://kakijun.com/kanji/kotoba/570b.html,先行の告示PDF由来リストとは別枠。語単位最長一致でのみ実行し、一字置換は禁止。,旧字体・新字体の一字対応で処理可能なため、熟語単位ルールから除外,旧字体一字対応テーブル側で管理
帰国,歸國,國,国,FALSE,新規・辞書検索系・基底熟語,漢字/熟語検索サイト・漢検系確認候補,,FALSE,https://kokugo.jitenon.jp/kanji/%E5%9C%8B/contain/ / https://kakijun.com/kanji/kotoba/570b.html,先行の告示PDF由来リストとは別枠。語単位最長一致でのみ実行し、一字置換は禁止。,旧字体・新字体の一字対応で処理可能なため、熟語単位ルールから除外,旧字体一字対応テーブル側で管理
国王,國王,國,国,FALSE,新規・辞書検索系・基底熟語,漢字/熟語検索サイト・漢検系確認候補,,FALSE,https://kokugo.jitenon.jp/kanji/%E5%9C%8B/contain/ / https://kakijun.com/kanji/kotoba/570b.html,先行の告示PDF由来リストとは別枠。語単位最長一致でのみ実行し、一字置換は禁止。,旧字体・新字体の一字対応で処理可能なため、熟語単位ルールから除外,旧字体一字対応テーブル側で管理
国旗,國旗,國,国,FALSE,新規・辞書検索系・基底熟語,漢字/熟語検索サイト・漢検系確認候補,,FALSE,https://kokugo.jitenon.jp/kanji/%E5%9C%8B/contain/ / https://kakijun.com/kanji/kotoba/570b.html,先行の告示PDF由来リストとは別枠。語単位最長一致でのみ実行し、一字置換は禁止。,旧字体・新字体の一字対応で処理可能なため、熟語単位ルールから除外,旧字体一字対応テーブル側で管理
国名,國名,國,国,FALSE,新規・辞書検索系・基底熟語,漢字/熟語検索サイト・漢検系確認候補,,FALSE,https://kokugo.jitenon.jp/kanji/%E5%9C%8B/contain/ / https://kakijun.com/kanji/kotoba/570b.html,先行の告示PDF由来リストとは別枠。語単位最長一致でのみ実行し、一字置換は禁止。,旧字体・新字体の一字対応で処理可能なため、熟語単位ルールから除外,旧字体一字対応テーブル側で管理
国道,國道,國,国,FALSE,新規・辞書検索系・基底熟語,漢字/熟語検索サイト・漢検系確認候補,,FALSE,https://kokugo.jitenon.jp/kanji/%E5%9C%8B/contain/ / https://kakijun.com/kanji/kotoba/570b.html,先行の告示PDF由来リストとは別枠。語単位最長一致でのみ実行し、一字置換は禁止。,旧字体・新字体の一字対応で処理可能なため、熟語単位ルールから除外,旧字体一字対応テーブル側で管理
国鉄,國鐵,國,国,FALSE,新規・辞書検索系・基底熟語,漢字/熟語検索サイト・漢検系確認候補,,FALSE,https://kokugo.jitenon.jp/kanji/%E5%9C%8B/contain/ / https://kakijun.com/kanji/kotoba/570b.html,先行の告示PDF由来リストとは別枠。語単位最長一致でのみ実行し、一字置換は禁止。,旧字体・新字体の一字対応で処理可能なため、熟語単位ルールから除外,旧字体一字対応テーブル側で管理
国宝,國寶,國,国,FALSE,新規・辞書検索系・基底熟語,漢字/熟語検索サイト・漢検系確認候補,,FALSE,https://kokugo.jitenon.jp/kanji/%E5%9C%8B/contain/ / https://kakijun.com/kanji/kotoba/570b.html,先行の告示PDF由来リストとは別枠。語単位最長一致でのみ実行し、一字置換は禁止。,旧字体・新字体の一字対応で処理可能なため、熟語単位ルールから除外,旧字体一字対応テーブル側で管理
国防,國防,國,国,FALSE,新規・辞書検索系・基底熟語,漢字/熟語検索サイト・漢検系確認候補,,FALSE,https://kokugo.jitenon.jp/kanji/%E5%9C%8B/contain/ / https://kakijun.com/kanji/kotoba/570b.html,先行の告示PDF由来リストとは別枠。語単位最長一致でのみ実行し、一字置換は禁止。,旧字体・新字体の一字対応で処理可能なため、熟語単位ルールから除外,旧字体一字対応テーブル側で管理
国政,國政,國,国,FALSE,新規・辞書検索系・基底熟語,漢字/熟語検索サイト・漢検系確認候補,,FALSE,https://kokugo.jitenon.jp/kanji/%E5%9C%8B/contain/ / https://kakijun.com/kanji/kotoba/570b.html,先行の告示PDF由来リストとは別枠。語単位最長一致でのみ実行し、一字置換は禁止。,旧字体・新字体の一字対応で処理可能なため、熟語単位ルールから除外,旧字体一字対応テーブル側で管理
国勢,國勢,國,国,FALSE,新規・辞書検索系・基底熟語,漢字/熟語検索サイト・漢検系確認候補,,FALSE,https://kokugo.jitenon.jp/kanji/%E5%9C%8B/contain/ / https://kakijun.com/kanji/kotoba/570b.html,先行の告示PDF由来リストとは別枠。語単位最長一致でのみ実行し、一字置換は禁止。,旧字体・新字体の一字対応で処理可能なため、熟語単位ルールから除外,旧字体一字対応テーブル側で管理
国庫,國庫,國,国,FALSE,新規・辞書検索系・基底熟語,漢字/熟語検索サイト・漢検系確認候補,,FALSE,https://kokugo.jitenon.jp/kanji/%E5%9C%8B/contain/ / https://kakijun.com/kanji/kotoba/570b.html,先行の告示PDF由来リストとは別枠。語単位最長一致でのみ実行し、一字置換は禁止。,旧字体・新字体の一字対応で処理可能なため、熟語単位ルールから除外,旧字体一字対応テーブル側で管理
会社,會社,會,会,FALSE,新規・辞書検索系・基底熟語,漢字/熟語検索サイト・漢検系確認候補,,FALSE,https://kokugo.jitenon.jp/kanji/%E6%9C%83/contain/ / https://kakijun.com/kanji/kotoba/6703.html,先行の告示PDF由来リストとは別枠。語単位最長一致でのみ実行し、一字置換は禁止。,旧字体・新字体の一字対応で処理可能なため、熟語単位ルールから除外,旧字体一字対応テーブル側で管理
会議,會議,會,会,FALSE,新規・辞書検索系・基底熟語,漢字/熟語検索サイト・漢検系確認候補,,FALSE,https://kokugo.jitenon.jp/kanji/%E6%9C%83/contain/ / https://kakijun.com/kanji/kotoba/6703.html,先行の告示PDF由来リストとは別枠。語単位最長一致でのみ実行し、一字置換は禁止。,旧字体・新字体の一字対応で処理可能なため、熟語単位ルールから除外,旧字体一字対応テーブル側で管理
会計,會計,會,会,FALSE,新規・辞書検索系・基底熟語,漢字/熟語検索サイト・漢検系確認候補,,FALSE,https://kokugo.jitenon.jp/kanji/%E6%9C%83/contain/ / https://kakijun.com/kanji/kotoba/6703.html,先行の告示PDF由来リストとは別枠。語単位最長一致でのみ実行し、一字置換は禁止。,旧字体・新字体の一字対応で処理可能なため、熟語単位ルールから除外,旧字体一字対応テーブル側で管理
大会,大會,會,会,FALSE,新規・辞書検索系・基底熟語,漢字/熟語検索サイト・漢検系確認候補,,FALSE,https://kokugo.jitenon.jp/kanji/%E6%9C%83/contain/ / https://kakijun.com/kanji/kotoba/6703.html,先行の告示PDF由来リストとは別枠。語単位最長一致でのみ実行し、一字置換は禁止。,旧字体・新字体の一字対応で処理可能なため、熟語単位ルールから除外,旧字体一字対応テーブル側で管理
社会,社會,會,会,FALSE,新規・辞書検索系・基底熟語,漢字/熟語検索サイト・漢検系確認候補,,FALSE,https://kokugo.jitenon.jp/kanji/%E6%9C%83/contain/ / https://kakijun.com/kanji/kotoba/6703.html,先行の告示PDF由来リストとは別枠。語単位最長一致でのみ実行し、一字置換は禁止。,旧字体・新字体の一字対応で処理可能なため、熟語単位ルールから除外,旧字体一字対応テーブル側で管理
協会,協會,會,会,FALSE,新規・辞書検索系・基底熟語,漢字/熟語検索サイト・漢検系確認候補,,FALSE,https://kokugo.jitenon.jp/kanji/%E6%9C%83/contain/ / https://kakijun.com/kanji/kotoba/6703.html,先行の告示PDF由来リストとは別枠。語単位最長一致でのみ実行し、一字置換は禁止。,旧字体・新字体の一字対応で処理可能なため、熟語単位ルールから除外,旧字体一字対応テーブル側で管理
機会,機會,會,会,FALSE,新規・辞書検索系・基底熟語,漢字/熟語検索サイト・漢検系確認候補,,FALSE,https://kokugo.jitenon.jp/kanji/%E6%9C%83/contain/ / https://kakijun.com/kanji/kotoba/6703.html,先行の告示PDF由来リストとは別枠。語単位最長一致でのみ実行し、一字置換は禁止。,旧字体・新字体の一字対応で処理可能なため、熟語単位ルールから除外,旧字体一字対応テーブル側で管理
面会,面會,會,会,FALSE,新規・辞書検索系・基底熟語,漢字/熟語検索サイト・漢検系確認候補,,FALSE,https://kokugo.jitenon.jp/kanji/%E6%9C%83/contain/ / https://kakijun.com/kanji/kotoba/6703.html,先行の告示PDF由来リストとは別枠。語単位最長一致でのみ実行し、一字置換は禁止。,旧字体・新字体の一字対応で処理可能なため、熟語単位ルールから除外,旧字体一字対応テーブル側で管理
会話,會話,會,会,FALSE,新規・辞書検索系・基底熟語,漢字/熟語検索サイト・漢検系確認候補,,FALSE,https://kokugo.jitenon.jp/kanji/%E6%9C%83/contain/ / https://kakijun.com/kanji/kotoba/6703.html,先行の告示PDF由来リストとは別枠。語単位最長一致でのみ実行し、一字置換は禁止。,旧字体・新字体の一字対応で処理可能なため、熟語単位ルールから除外,旧字体一字対応テーブル側で管理
会場,會場,會,会,FALSE,新規・辞書検索系・基底熟語,漢字/熟語検索サイト・漢検系確認候補,,FALSE,https://kokugo.jitenon.jp/kanji/%E6%9C%83/contain/ / https://kakijun.com/kanji/kotoba/6703.html,先行の告示PDF由来リストとは別枠。語単位最長一致でのみ実行し、一字置換は禁止。,旧字体・新字体の一字対応で処理可能なため、熟語単位ルールから除外,旧字体一字対応テーブル側で管理
会員,會員,會,会,FALSE,新規・辞書検索系・基底熟語,漢字/熟語検索サイト・漢検系確認候補,,FALSE,https://kokugo.jitenon.jp/kanji/%E6%9C%83/contain/ / https://kakijun.com/kanji/kotoba/6703.html,先行の告示PDF由来リストとは別枠。語単位最長一致でのみ実行し、一字置換は禁止。,旧字体・新字体の一字対応で処理可能なため、熟語単位ルールから除外,旧字体一字対応テーブル側で管理
会長,會長,會,会,FALSE,新規・辞書検索系・基底熟語,漢字/熟語検索サイト・漢検系確認候補,,FALSE,https://kokugo.jitenon.jp/kanji/%E6%9C%83/contain/ / https://kakijun.com/kanji/kotoba/6703.html,先行の告示PDF由来リストとは別枠。語単位最長一致でのみ実行し、一字置換は禁止。,旧字体・新字体の一字対応で処理可能なため、熟語単位ルールから除外,旧字体一字対応テーブル側で管理
会館,會館,會,会,FALSE,新規・辞書検索系・基底熟語,漢字/熟語検索サイト・漢検系確認候補,,FALSE,https://kokugo.jitenon.jp/kanji/%E6%9C%83/contain/ / https://kakijun.com/kanji/kotoba/6703.html,先行の告示PDF由来リストとは別枠。語単位最長一致でのみ実行し、一字置換は禁止。,旧字体・新字体の一字対応で処理可能なため、熟語単位ルールから除外,旧字体一字対応テーブル側で管理
会合,會合,會,会,FALSE,新規・辞書検索系・基底熟語,漢字/熟語検索サイト・漢検系確認候補,,FALSE,https://kokugo.jitenon.jp/kanji/%E6%9C%83/contain/ / https://kakijun.com/kanji/kotoba/6703.html,先行の告示PDF由来リストとは別枠。語単位最長一致でのみ実行し、一字置換は禁止。,旧字体・新字体の一字対応で処理可能なため、熟語単位ルールから除外,旧字体一字対応テーブル側で管理
会費,會費,會,会,FALSE,新規・辞書検索系・基底熟語,漢字/熟語検索サイト・漢検系確認候補,,FALSE,https://kokugo.jitenon.jp/kanji/%E6%9C%83/contain/ / https://kakijun.com/kanji/kotoba/6703.html,先行の告示PDF由来リストとは別枠。語単位最長一致でのみ実行し、一字置換は禁止。,旧字体・新字体の一字対応で処理可能なため、熟語単位ルールから除外,旧字体一字対応テーブル側で管理
会報,會報,會,会,FALSE,新規・辞書検索系・基底熟語,漢字/熟語検索サイト・漢検系確認候補,,FALSE,https://kokugo.jitenon.jp/kanji/%E6%9C%83/contain/ / https://kakijun.com/kanji/kotoba/6703.html,先行の告示PDF由来リストとは別枠。語単位最長一致でのみ実行し、一字置換は禁止。,旧字体・新字体の一字対応で処理可能なため、熟語単位ルールから除外,旧字体一字対応テーブル側で管理
都会,都會,會,会,FALSE,新規・辞書検索系・基底熟語,漢字/熟語検索サイト・漢検系確認候補,,FALSE,https://kokugo.jitenon.jp/kanji/%E6%9C%83/contain/ / https://kakijun.com/kanji/kotoba/6703.html,先行の告示PDF由来リストとは別枠。語単位最長一致でのみ実行し、一字置換は禁止。,旧字体・新字体の一字対応で処理可能なため、熟語単位ルールから除外,旧字体一字対応テーブル側で管理
再会,再會,會,会,FALSE,新規・辞書検索系・基底熟語,漢字/熟語検索サイト・漢検系確認候補,,FALSE,https://kokugo.jitenon.jp/kanji/%E6%9C%83/contain/ / https://kakijun.com/kanji/kotoba/6703.html,先行の告示PDF由来リストとは別枠。語単位最長一致でのみ実行し、一字置換は禁止。,旧字体・新字体の一字対応で処理可能なため、熟語単位ルールから除外,旧字体一字対応テーブル側で管理
集会,集會,會,会,FALSE,新規・辞書検索系・基底熟語,漢字/熟語検索サイト・漢検系確認候補,,FALSE,https://kokugo.jitenon.jp/kanji/%E6%9C%83/contain/ / https://kakijun.com/kanji/kotoba/6703.html,先行の告示PDF由来リストとは別枠。語単位最長一致でのみ実行し、一字置換は禁止。,旧字体・新字体の一字対応で処理可能なため、熟語単位ルールから除外,旧字体一字対応テーブル側で管理
閉会,閉會,會,会,FALSE,新規・辞書検索系・基底熟語,漢字/熟語検索サイト・漢検系確認候補,,FALSE,https://kokugo.jitenon.jp/kanji/%E6%9C%83/contain/ / https://kakijun.com/kanji/kotoba/6703.html,先行の告示PDF由来リストとは別枠。語単位最長一致でのみ実行し、一字置換は禁止。,旧字体・新字体の一字対応で処理可能なため、熟語単位ルールから除外,旧字体一字対応テーブル側で管理
身体,身體,體,体,FALSE,新規・辞書検索系・基底熟語,漢字/熟語検索サイト・漢検系確認候補,,FALSE,https://kokugo.jitenon.jp/kanji/%E9%AB%94/contain/ / https://kakijun.com/kanji/kotoba/9ad4.html,先行の告示PDF由来リストとは別枠。語単位最長一致でのみ実行し、一字置換は禁止。,旧字体・新字体の一字対応で処理可能なため、熟語単位ルールから除外,旧字体一字対応テーブル側で管理
体育,體育,體,体,FALSE,新規・辞書検索系・基底熟語,漢字/熟語検索サイト・漢検系確認候補,,FALSE,https://kokugo.jitenon.jp/kanji/%E9%AB%94/contain/ / https://kakijun.com/kanji/kotoba/9ad4.html,先行の告示PDF由来リストとは別枠。語単位最長一致でのみ実行し、一字置換は禁止。,旧字体・新字体の一字対応で処理可能なため、熟語単位ルールから除外,旧字体一字対応テーブル側で管理
体操,體操,體,体,FALSE,新規・辞書検索系・基底熟語,漢字/熟語検索サイト・漢検系確認候補,,FALSE,https://kokugo.jitenon.jp/kanji/%E9%AB%94/contain/ / https://kakijun.com/kanji/kotoba/9ad4.html,先行の告示PDF由来リストとは別枠。語単位最長一致でのみ実行し、一字置換は禁止。,旧字体・新字体の一字対応で処理可能なため、熟語単位ルールから除外,旧字体一字対応テーブル側で管理
体制,體制,體,体,FALSE,新規・辞書検索系・基底熟語,漢字/熟語検索サイト・漢検系確認候補,,FALSE,https://kokugo.jitenon.jp/kanji/%E9%AB%94/contain/ / https://kakijun.com/kanji/kotoba/9ad4.html,先行の告示PDF由来リストとは別枠。語単位最長一致でのみ実行し、一字置換は禁止。,旧字体・新字体の一字対応で処理可能なため、熟語単位ルールから除外,旧字体一字対応テーブル側で管理
体系,體系,體,体,FALSE,新規・辞書検索系・基底熟語,漢字/熟語検索サイト・漢検系確認候補,,FALSE,https://kokugo.jitenon.jp/kanji/%E9%AB%94/contain/ / https://kakijun.com/kanji/kotoba/9ad4.html,先行の告示PDF由来リストとは別枠。語単位最長一致でのみ実行し、一字置換は禁止。,旧字体・新字体の一字対応で処理可能なため、熟語単位ルールから除外,旧字体一字対応テーブル側で管理
体験,體驗,體,体,FALSE,新規・辞書検索系・基底熟語,漢字/熟語検索サイト・漢検系確認候補,,FALSE,https://kokugo.jitenon.jp/kanji/%E9%AB%94/contain/ / https://kakijun.com/kanji/kotoba/9ad4.html,先行の告示PDF由来リストとは別枠。語単位最長一致でのみ実行し、一字置換は禁止。,旧字体・新字体の一字対応で処理可能なため、熟語単位ルールから除外,旧字体一字対応テーブル側で管理
体力,體力,體,体,FALSE,新規・辞書検索系・基底熟語,漢字/熟語検索サイト・漢検系確認候補,,FALSE,https://kokugo.jitenon.jp/kanji/%E9%AB%94/contain/ / https://kakijun.com/kanji/kotoba/9ad4.html,先行の告示PDF由来リストとは別枠。語単位最長一致でのみ実行し、一字置換は禁止。,旧字体・新字体の一字対応で処理可能なため、熟語単位ルールから除外,旧字体一字対応テーブル側で管理
体重,體重,體,体,FALSE,新規・辞書検索系・基底熟語,漢字/熟語検索サイト・漢検系確認候補,,FALSE,https://kokugo.jitenon.jp/kanji/%E9%AB%94/contain/ / https://kakijun.com/kanji/kotoba/9ad4.html,先行の告示PDF由来リストとは別枠。語単位最長一致でのみ実行し、一字置換は禁止。,旧字体・新字体の一字対応で処理可能なため、熟語単位ルールから除外,旧字体一字対応テーブル側で管理
肉体,肉體,體,体,FALSE,新規・辞書検索系・基底熟語,漢字/熟語検索サイト・漢検系確認候補,,FALSE,https://kokugo.jitenon.jp/kanji/%E9%AB%94/contain/ / https://kakijun.com/kanji/kotoba/9ad4.html,先行の告示PDF由来リストとは別枠。語単位最長一致でのみ実行し、一字置換は禁止。,旧字体・新字体の一字対応で処理可能なため、熟語単位ルールから除外,旧字体一字対応テーブル側で管理
全体,全體,體,体,FALSE,新規・辞書検索系・基底熟語,漢字/熟語検索サイト・漢検系確認候補,,FALSE,https://kokugo.jitenon.jp/kanji/%E9%AB%94/contain/ / https://kakijun.com/kanji/kotoba/9ad4.html,先行の告示PDF由来リストとは別枠。語単位最長一致でのみ実行し、一字置換は禁止。,旧字体・新字体の一字対応で処理可能なため、熟語単位ルールから除外,旧字体一字対応テーブル側で管理
主体,主體,體,体,FALSE,新規・辞書検索系・基底熟語,漢字/熟語検索サイト・漢検系確認候補,,FALSE,https://kokugo.jitenon.jp/kanji/%E9%AB%94/contain/ / https://kakijun.com/kanji/kotoba/9ad4.html,先行の告示PDF由来リストとは別枠。語単位最長一致でのみ実行し、一字置換は禁止。,旧字体・新字体の一字対応で処理可能なため、熟語単位ルールから除外,旧字体一字対応テーブル側で管理
団体,團體,體,体,FALSE,新規・辞書検索系・基底熟語,漢字/熟語検索サイト・漢検系確認候補,,FALSE,https://kokugo.jitenon.jp/kanji/%E9%AB%94/contain/ / https://kakijun.com/kanji/kotoba/9ad4.html,先行の告示PDF由来リストとは別枠。語単位最長一致でのみ実行し、一字置換は禁止。,旧字体・新字体の一字対応で処理可能なため、熟語単位ルールから除外,旧字体一字対応テーブル側で管理
具体,具體,體,体,FALSE,新規・辞書検索系・基底熟語,漢字/熟語検索サイト・漢検系確認候補,,FALSE,https://kokugo.jitenon.jp/kanji/%E9%AB%94/contain/ / https://kakijun.com/kanji/kotoba/9ad4.html,先行の告示PDF由来リストとは別枠。語単位最長一致でのみ実行し、一字置換は禁止。,旧字体・新字体の一字対応で処理可能なため、熟語単位ルールから除外,旧字体一字対応テーブル側で管理
実体,實體,體,体,FALSE,新規・辞書検索系・基底熟語,漢字/熟語検索サイト・漢検系確認候補,,FALSE,https://kokugo.jitenon.jp/kanji/%E9%AB%94/contain/ / https://kakijun.com/kanji/kotoba/9ad4.html,先行の告示PDF由来リストとは別枠。語単位最長一致でのみ実行し、一字置換は禁止。,旧字体・新字体の一字対応で処理可能なため、熟語単位ルールから除外,旧字体一字対応テーブル側で管理
字体,字體,體,体,FALSE,新規・辞書検索系・基底熟語,漢字/熟語検索サイト・漢検系確認候補,,FALSE,https://kokugo.jitenon.jp/kanji/%E9%AB%94/contain/ / https://kakijun.com/kanji/kotoba/9ad4.html,先行の告示PDF由来リストとは別枠。語単位最長一致でのみ実行し、一字置換は禁止。,旧字体・新字体の一字対応で処理可能なため、熟語単位ルールから除外,旧字体一字対応テーブル側で管理
物体,物體,體,体,FALSE,新規・辞書検索系・基底熟語,漢字/熟語検索サイト・漢検系確認候補,,FALSE,https://kokugo.jitenon.jp/kanji/%E9%AB%94/contain/ / https://kakijun.com/kanji/kotoba/9ad4.html,先行の告示PDF由来リストとは別枠。語単位最長一致でのみ実行し、一字置換は禁止。,旧字体・新字体の一字対応で処理可能なため、熟語単位ルールから除外,旧字体一字対応テーブル側で管理
体温,體溫,體,体,FALSE,新規・辞書検索系・基底熟語,漢字/熟語検索サイト・漢検系確認候補,,FALSE,https://kokugo.jitenon.jp/kanji/%E9%AB%94/contain/ / https://kakijun.com/kanji/kotoba/9ad4.html,先行の告示PDF由来リストとは別枠。語単位最長一致でのみ実行し、一字置換は禁止。,旧字体・新字体の一字対応で処理可能なため、熟語単位ルールから除外,旧字体一字対応テーブル側で管理
気体,氣體,體,体,FALSE,新規・辞書検索系・基底熟語,漢字/熟語検索サイト・漢検系確認候補,,FALSE,https://kokugo.jitenon.jp/kanji/%E9%AB%94/contain/ / https://kakijun.com/kanji/kotoba/9ad4.html,先行の告示PDF由来リストとは別枠。語単位最長一致でのみ実行し、一字置換は禁止。,旧字体・新字体の一字対応で処理可能なため、熟語単位ルールから除外,旧字体一字対応テーブル側で管理
液体,液體,體,体,FALSE,新規・辞書検索系・基底熟語,漢字/熟語検索サイト・漢検系確認候補,,FALSE,https://kokugo.jitenon.jp/kanji/%E9%AB%94/contain/ / https://kakijun.com/kanji/kotoba/9ad4.html,先行の告示PDF由来リストとは別枠。語単位最長一致でのみ実行し、一字置換は禁止。,旧字体・新字体の一字対応で処理可能なため、熟語単位ルールから除外,旧字体一字対応テーブル側で管理
体質,體質,體,体,FALSE,新規・辞書検索系・基底熟語,漢字/熟語検索サイト・漢検系確認候補,,FALSE,https://kokugo.jitenon.jp/kanji/%E9%AB%94/contain/ / https://kakijun.com/kanji/kotoba/9ad4.html,先行の告示PDF由来リストとは別枠。語単位最長一致でのみ実行し、一字置換は禁止。,旧字体・新字体の一字対応で処理可能なため、熟語単位ルールから除外,旧字体一字対応テーブル側で管理
体裁,體裁,體,体,FALSE,新規・辞書検索系・基底熟語,漢字/熟語検索サイト・漢検系確認候補,,FALSE,https://kokugo.jitenon.jp/kanji/%E9%AB%94/contain/ / https://kakijun.com/kanji/kotoba/9ad4.html,先行の告示PDF由来リストとは別枠。語単位最長一致でのみ実行し、一字置換は禁止。,旧字体・新字体の一字対応で処理可能なため、熟語単位ルールから除外,旧字体一字対応テーブル側で管理
体積,體積,體,体,FALSE,新規・辞書検索系・基底熟語,漢字/熟語検索サイト・漢検系確認候補,,FALSE,https://kokugo.jitenon.jp/kanji/%E9%AB%94/contain/ / https://kakijun.com/kanji/kotoba/9ad4.html,先行の告示PDF由来リストとは別枠。語単位最長一致でのみ実行し、一字置換は禁止。,旧字体・新字体の一字対応で処理可能なため、熟語単位ルールから除外,旧字体一字対応テーブル側で管理
空気,空氣,氣,気,FALSE,新規・辞書検索系・基底熟語,漢字/熟語検索サイト・漢検系確認候補,,FALSE,https://kokugo.jitenon.jp/kanji/%E6%B0%A3/contain/ / https://kakijun.com/kanji/kotoba/6c23.html,先行の告示PDF由来リストとは別枠。語単位最長一致でのみ実行し、一字置換は禁止。,旧字体・新字体の一字対応で処理可能なため、熟語単位ルールから除外,旧字体一字対応テーブル側で管理
天気,天氣,氣,気,FALSE,新規・辞書検索系・基底熟語,漢字/熟語検索サイト・漢検系確認候補,,FALSE,https://kokugo.jitenon.jp/kanji/%E6%B0%A3/contain/ / https://kakijun.com/kanji/kotoba/6c23.html,先行の告示PDF由来リストとは別枠。語単位最長一致でのみ実行し、一字置換は禁止。,旧字体・新字体の一字対応で処理可能なため、熟語単位ルールから除外,旧字体一字対応テーブル側で管理
元気,元氣,氣,気,FALSE,新規・辞書検索系・基底熟語,漢字/熟語検索サイト・漢検系確認候補,,FALSE,https://kokugo.jitenon.jp/kanji/%E6%B0%A3/contain/ / https://kakijun.com/kanji/kotoba/6c23.html,先行の告示PDF由来リストとは別枠。語単位最長一致でのみ実行し、一字置換は禁止。,旧字体・新字体の一字対応で処理可能なため、熟語単位ルールから除外,旧字体一字対応テーブル側で管理
気分,氣分,氣,気,FALSE,新規・辞書検索系・基底熟語,漢字/熟語検索サイト・漢検系確認候補,,FALSE,https://kokugo.jitenon.jp/kanji/%E6%B0%A3/contain/ / https://kakijun.com/kanji/kotoba/6c23.html,先行の告示PDF由来リストとは別枠。語単位最長一致でのみ実行し、一字置換は禁止。,旧字体・新字体の一字対応で処理可能なため、熟語単位ルールから除外,旧字体一字対応テーブル側で管理
気持,氣持,氣,気,FALSE,新規・辞書検索系・基底熟語,漢字/熟語検索サイト・漢検系確認候補,,FALSE,https://kokugo.jitenon.jp/kanji/%E6%B0%A3/contain/ / https://kakijun.com/kanji/kotoba/6c23.html,先行の告示PDF由来リストとは別枠。語単位最長一致でのみ実行し、一字置換は禁止。,旧字体・新字体の一字対応で処理可能なため、熟語単位ルールから除外,旧字体一字対応テーブル側で管理
電気,電氣,氣,気,FALSE,新規・辞書検索系・基底熟語,漢字/熟語検索サイト・漢検系確認候補,,FALSE,https://kokugo.jitenon.jp/kanji/%E6%B0%A3/contain/ / https://kakijun.com/kanji/kotoba/6c23.html,先行の告示PDF由来リストとは別枠。語単位最長一致でのみ実行し、一字置換は禁止。,旧字体・新字体の一字対応で処理可能なため、熟語単位ルールから除外,旧字体一字対応テーブル側で管理
気象,氣象,氣,気,FALSE,新規・辞書検索系・基底熟語,漢字/熟語検索サイト・漢検系確認候補,,FALSE,https://kokugo.jitenon.jp/kanji/%E6%B0%A3/contain/ / https://kakijun.com/kanji/kotoba/6c23.html,先行の告示PDF由来リストとは別枠。語単位最長一致でのみ実行し、一字置換は禁止。,旧字体・新字体の一字対応で処理可能なため、熟語単位ルールから除外,旧字体一字対応テーブル側で管理
気候,氣候,氣,気,FALSE,新規・辞書検索系・基底熟語,漢字/熟語検索サイト・漢検系確認候補,,FALSE,https://kokugo.jitenon.jp/kanji/%E6%B0%A3/contain/ / https://kakijun.com/kanji/kotoba/6c23.html,先行の告示PDF由来リストとは別枠。語単位最長一致でのみ実行し、一字置換は禁止。,旧字体・新字体の一字対応で処理可能なため、熟語単位ルールから除外,旧字体一字対応テーブル側で管理
気圧,氣壓,氣,気,FALSE,新規・辞書検索系・基底熟語,漢字/熟語検索サイト・漢検系確認候補,,FALSE,https://kokugo.jitenon.jp/kanji/%E6%B0%A3/contain/ / https://kakijun.com/kanji/kotoba/6c23.html,先行の告示PDF由来リストとは別枠。語単位最長一致でのみ実行し、一字置換は禁止。,旧字体・新字体の一字対応で処理可能なため、熟語単位ルールから除外,旧字体一字対応テーブル側で管理
気温,氣溫,氣,気,FALSE,新規・辞書検索系・基底熟語,漢字/熟語検索サイト・漢検系確認候補,,FALSE,https://kokugo.jitenon.jp/kanji/%E6%B0%A3/contain/ / https://kakijun.com/kanji/kotoba/6c23.html,先行の告示PDF由来リストとは別枠。語単位最長一致でのみ実行し、一字置換は禁止。,旧字体・新字体の一字対応で処理可能なため、熟語単位ルールから除外,旧字体一字対応テーブル側で管理
気質,氣質,氣,気,FALSE,新規・辞書検索系・基底熟語,漢字/熟語検索サイト・漢検系確認候補,,FALSE,https://kokugo.jitenon.jp/kanji/%E6%B0%A3/contain/ / https://kakijun.com/kanji/kotoba/6c23.html,先行の告示PDF由来リストとは別枠。語単位最長一致でのみ実行し、一字置換は禁止。,旧字体・新字体の一字対応で処理可能なため、熟語単位ルールから除外,旧字体一字対応テーブル側で管理
気品,氣品,氣,気,FALSE,新規・辞書検索系・基底熟語,漢字/熟語検索サイト・漢検系確認候補,,FALSE,https://kokugo.jitenon.jp/kanji/%E6%B0%A3/contain/ / https://kakijun.com/kanji/kotoba/6c23.html,先行の告示PDF由来リストとは別枠。語単位最長一致でのみ実行し、一字置換は禁止。,旧字体・新字体の一字対応で処理可能なため、熟語単位ルールから除外,旧字体一字対応テーブル側で管理
気力,氣力,氣,気,FALSE,新規・辞書検索系・基底熟語,漢字/熟語検索サイト・漢検系確認候補,,FALSE,https://kokugo.jitenon.jp/kanji/%E6%B0%A3/contain/ / https://kakijun.com/kanji/kotoba/6c23.html,先行の告示PDF由来リストとは別枠。語単位最長一致でのみ実行し、一字置換は禁止。,旧字体・新字体の一字対応で処理可能なため、熟語単位ルールから除外,旧字体一字対応テーブル側で管理
景気,景氣,氣,気,FALSE,新規・辞書検索系・基底熟語,漢字/熟語検索サイト・漢検系確認候補,,FALSE,https://kokugo.jitenon.jp/kanji/%E6%B0%A3/contain/ / https://kakijun.com/kanji/kotoba/6c23.html,先行の告示PDF由来リストとは別枠。語単位最長一致でのみ実行し、一字置換は禁止。,旧字体・新字体の一字対応で処理可能なため、熟語単位ルールから除外,旧字体一字対応テーブル側で管理
人気,人氣,氣,気,FALSE,新規・辞書検索系・基底熟語,漢字/熟語検索サイト・漢検系確認候補,,FALSE,https://kokugo.jitenon.jp/kanji/%E6%B0%A3/contain/ / https://kakijun.com/kanji/kotoba/6c23.html,先行の告示PDF由来リストとは別枠。語単位最長一致でのみ実行し、一字置換は禁止。,旧字体・新字体の一字対応で処理可能なため、熟語単位ルールから除外,旧字体一字対応テーブル側で管理
病気,病氣,氣,気,FALSE,新規・辞書検索系・基底熟語,漢字/熟語検索サイト・漢検系確認候補,,FALSE,https://kokugo.jitenon.jp/kanji/%E6%B0%A3/contain/ / https://kakijun.com/kanji/kotoba/6c23.html,先行の告示PDF由来リストとは別枠。語単位最長一致でのみ実行し、一字置換は禁止。,旧字体・新字体の一字対応で処理可能なため、熟語単位ルールから除外,旧字体一字対応テーブル側で管理
勇気,勇氣,氣,気,FALSE,新規・辞書検索系・基底熟語,漢字/熟語検索サイト・漢検系確認候補,,FALSE,https://kokugo.jitenon.jp/kanji/%E6%B0%A3/contain/ / https://kakijun.com/kanji/kotoba/6c23.html,先行の告示PDF由来リストとは別枠。語単位最長一致でのみ実行し、一字置換は禁止。,旧字体・新字体の一字対応で処理可能なため、熟語単位ルールから除外,旧字体一字対応テーブル側で管理
気流,氣流,氣,気,FALSE,新規・辞書検索系・基底熟語,漢字/熟語検索サイト・漢検系確認候補,,FALSE,https://kokugo.jitenon.jp/kanji/%E6%B0%A3/contain/ / https://kakijun.com/kanji/kotoba/6c23.html,先行の告示PDF由来リストとは別枠。語単位最長一致でのみ実行し、一字置換は禁止。,旧字体・新字体の一字対応で処理可能なため、熟語単位ルールから除外,旧字体一字対応テーブル側で管理
気配,氣配,氣,気,FALSE,新規・辞書検索系・基底熟語,漢字/熟語検索サイト・漢検系確認候補,,FALSE,https://kokugo.jitenon.jp/kanji/%E6%B0%A3/contain/ / https://kakijun.com/kanji/kotoba/6c23.html,先行の告示PDF由来リストとは別枠。語単位最長一致でのみ実行し、一字置換は禁止。,旧字体・新字体の一字対応で処理可能なため、熟語単位ルールから除外,旧字体一字対応テーブル側で管理
気楽,氣樂,氣,気,FALSE,新規・辞書検索系・基底熟語,漢字/熟語検索サイト・漢検系確認候補,,FALSE,https://kokugo.jitenon.jp/kanji/%E6%B0%A3/contain/ / https://kakijun.com/kanji/kotoba/6c23.html,先行の告示PDF由来リストとは別枠。語単位最長一致でのみ実行し、一字置換は禁止。,旧字体・新字体の一字対応で処理可能なため、熟語単位ルールから除外,旧字体一字対応テーブル側で管理
本気,本氣,氣,気,FALSE,新規・辞書検索系・基底熟語,漢字/熟語検索サイト・漢検系確認候補,,FALSE,https://kokugo.jitenon.jp/kanji/%E6%B0%A3/contain/ / https://kakijun.com/kanji/kotoba/6c23.html,先行の告示PDF由来リストとは別枠。語単位最長一致でのみ実行し、一字置換は禁止。,旧字体・新字体の一字対応で処理可能なため、熟語単位ルールから除外,旧字体一字対応テーブル側で管理
戦争,戰爭,戰,戦,FALSE,新規・辞書検索系・基底熟語,漢字/熟語検索サイト・漢検系確認候補,,FALSE,https://kokugo.jitenon.jp/kanji/%E6%88%B0/contain/ / https://kakijun.com/kanji/kotoba/6230.html,先行の告示PDF由来リストとは別枠。語単位最長一致でのみ実行し、一字置換は禁止。,旧字体・新字体の一字対応で処理可能なため、熟語単位ルールから除外,旧字体一字対応テーブル側で管理
戦後,戰後,戰,戦,FALSE,新規・辞書検索系・基底熟語,漢字/熟語検索サイト・漢検系確認候補,,FALSE,https://kokugo.jitenon.jp/kanji/%E6%88%B0/contain/ / https://kakijun.com/kanji/kotoba/6230.html,先行の告示PDF由来リストとは別枠。語単位最長一致でのみ実行し、一字置換は禁止。,旧字体・新字体の一字対応で処理可能なため、熟語単位ルールから除外,旧字体一字対応テーブル側で管理
戦前,戰前,戰,戦,FALSE,新規・辞書検索系・基底熟語,漢字/熟語検索サイト・漢検系確認候補,,FALSE,https://kokugo.jitenon.jp/kanji/%E6%88%B0/contain/ / https://kakijun.com/kanji/kotoba/6230.html,先行の告示PDF由来リストとは別枠。語単位最長一致でのみ実行し、一字置換は禁止。,旧字体・新字体の一字対応で処理可能なため、熟語単位ルールから除外,旧字体一字対応テーブル側で管理
作戦,作戰,戰,戦,FALSE,新規・辞書検索系・基底熟語,漢字/熟語検索サイト・漢検系確認候補,,FALSE,https://kokugo.jitenon.jp/kanji/%E6%88%B0/contain/ / https://kakijun.com/kanji/kotoba/6230.html,先行の告示PDF由来リストとは別枠。語単位最長一致でのみ実行し、一字置換は禁止。,旧字体・新字体の一字対応で処理可能なため、熟語単位ルールから除外,旧字体一字対応テーブル側で管理
戦略,戰略,戰,戦,FALSE,新規・辞書検索系・基底熟語,漢字/熟語検索サイト・漢検系確認候補,,FALSE,https://kokugo.jitenon.jp/kanji/%E6%88%B0/contain/ / https://kakijun.com/kanji/kotoba/6230.html,先行の告示PDF由来リストとは別枠。語単位最長一致でのみ実行し、一字置換は禁止。,旧字体・新字体の一字対応で処理可能なため、熟語単位ルールから除外,旧字体一字対応テーブル側で管理
戦術,戰術,戰,戦,FALSE,新規・辞書検索系・基底熟語,漢字/熟語検索サイト・漢検系確認候補,,FALSE,https://kokugo.jitenon.jp/kanji/%E6%88%B0/contain/ / https://kakijun.com/kanji/kotoba/6230.html,先行の告示PDF由来リストとは別枠。語単位最長一致でのみ実行し、一字置換は禁止。,旧字体・新字体の一字対応で処理可能なため、熟語単位ルールから除外,旧字体一字対応テーブル側で管理
戦車,戰車,戰,戦,FALSE,新規・辞書検索系・基底熟語,漢字/熟語検索サイト・漢検系確認候補,,FALSE,https://kokugo.jitenon.jp/kanji/%E6%88%B0/contain/ / https://kakijun.com/kanji/kotoba/6230.html,先行の告示PDF由来リストとは別枠。語単位最長一致でのみ実行し、一字置換は禁止。,旧字体・新字体の一字対応で処理可能なため、熟語単位ルールから除外,旧字体一字対応テーブル側で管理
戦場,戰場,戰,戦,FALSE,新規・辞書検索系・基底熟語,漢字/熟語検索サイト・漢検系確認候補,,FALSE,https://kokugo.jitenon.jp/kanji/%E6%88%B0/contain/ / https://kakijun.com/kanji/kotoba/6230.html,先行の告示PDF由来リストとは別枠。語単位最長一致でのみ実行し、一字置換は禁止。,旧字体・新字体の一字対応で処理可能なため、熟語単位ルールから除外,旧字体一字対応テーブル側で管理
戦力,戰力,戰,戦,FALSE,新規・辞書検索系・基底熟語,漢字/熟語検索サイト・漢検系確認候補,,FALSE,https://kokugo.jitenon.jp/kanji/%E6%88%B0/contain/ / https://kakijun.com/kanji/kotoba/6230.html,先行の告示PDF由来リストとは別枠。語単位最長一致でのみ実行し、一字置換は禁止。,旧字体・新字体の一字対応で処理可能なため、熟語単位ルールから除外,旧字体一字対応テーブル側で管理
挑戦,挑戰,戰,戦,FALSE,新規・辞書検索系・基底熟語,漢字/熟語検索サイト・漢検系確認候補,,FALSE,https://kokugo.jitenon.jp/kanji/%E6%88%B0/contain/ / https://kakijun.com/kanji/kotoba/6230.html,先行の告示PDF由来リストとは別枠。語単位最長一致でのみ実行し、一字置換は禁止。,旧字体・新字体の一字対応で処理可能なため、熟語単位ルールから除外,旧字体一字対応テーブル側で管理
決戦,決戰,戰,戦,FALSE,新規・辞書検索系・基底熟語,漢字/熟語検索サイト・漢検系確認候補,,FALSE,https://kokugo.jitenon.jp/kanji/%E6%88%B0/contain/ / https://kakijun.com/kanji/kotoba/6230.html,先行の告示PDF由来リストとは別枠。語単位最長一致でのみ実行し、一字置換は禁止。,旧字体・新字体の一字対応で処理可能なため、熟語単位ルールから除外,旧字体一字対応テーブル側で管理
開戦,開戰,戰,戦,FALSE,新規・辞書検索系・基底熟語,漢字/熟語検索サイト・漢検系確認候補,,FALSE,https://kokugo.jitenon.jp/kanji/%E6%88%B0/contain/ / https://kakijun.com/kanji/kotoba/6230.html,先行の告示PDF由来リストとは別枠。語単位最長一致でのみ実行し、一字置換は禁止。,旧字体・新字体の一字対応で処理可能なため、熟語単位ルールから除外,旧字体一字対応テーブル側で管理
敗戦,敗戰,戰,戦,FALSE,新規・辞書検索系・基底熟語,漢字/熟語検索サイト・漢検系確認候補,,FALSE,https://kokugo.jitenon.jp/kanji/%E6%88%B0/contain/ / https://kakijun.com/kanji/kotoba/6230.html,先行の告示PDF由来リストとは別枠。語単位最長一致でのみ実行し、一字置換は禁止。,旧字体・新字体の一字対応で処理可能なため、熟語単位ルールから除外,旧字体一字対応テーブル側で管理
参戦,參戰,戰,戦,FALSE,新規・辞書検索系・基底熟語,漢字/熟語検索サイト・漢検系確認候補,,FALSE,https://kokugo.jitenon.jp/kanji/%E6%88%B0/contain/ / https://kakijun.com/kanji/kotoba/6230.html,先行の告示PDF由来リストとは別枠。語単位最長一致でのみ実行し、一字置換は禁止。,旧字体・新字体の一字対応で処理可能なため、熟語単位ルールから除外,旧字体一字対応テーブル側で管理
停戦,停戰,戰,戦,FALSE,新規・辞書検索系・基底熟語,漢字/熟語検索サイト・漢検系確認候補,,FALSE,https://kokugo.jitenon.jp/kanji/%E6%88%B0/contain/ / https://kakijun.com/kanji/kotoba/6230.html,先行の告示PDF由来リストとは別枠。語単位最長一致でのみ実行し、一字置換は禁止。,旧字体・新字体の一字対応で処理可能なため、熟語単位ルールから除外,旧字体一字対応テーブル側で管理
戦時,戰時,戰,戦,FALSE,新規・辞書検索系・基底熟語,漢字/熟語検索サイト・漢検系確認候補,,FALSE,https://kokugo.jitenon.jp/kanji/%E6%88%B0/contain/ / https://kakijun.com/kanji/kotoba/6230.html,先行の告示PDF由来リストとは別枠。語単位最長一致でのみ実行し、一字置換は禁止。,旧字体・新字体の一字対応で処理可能なため、熟語単位ルールから除外,旧字体一字対応テーブル側で管理
戦線,戰線,戰,戦,FALSE,新規・辞書検索系・基底熟語,漢字/熟語検索サイト・漢検系確認候補,,FALSE,https://kokugo.jitenon.jp/kanji/%E6%88%B0/contain/ / https://kakijun.com/kanji/kotoba/6230.html,先行の告示PDF由来リストとは別枠。語単位最長一致でのみ実行し、一字置換は禁止。,旧字体・新字体の一字対応で処理可能なため、熟語単位ルールから除外,旧字体一字対応テーブル側で管理
戦士,戰士,戰,戦,FALSE,新規・辞書検索系・基底熟語,漢字/熟語検索サイト・漢検系確認候補,,FALSE,https://kokugo.jitenon.jp/kanji/%E6%88%B0/contain/ / https://kakijun.com/kanji/kotoba/6230.html,先行の告示PDF由来リストとは別枠。語単位最長一致でのみ実行し、一字置換は禁止。,旧字体・新字体の一字対応で処理可能なため、熟語単位ルールから除外,旧字体一字対応テーブル側で管理
内戦,内戰,戰,戦,FALSE,新規・辞書検索系・基底熟語,漢字/熟語検索サイト・漢検系確認候補,,FALSE,https://kokugo.jitenon.jp/kanji/%E6%88%B0/contain/ / https://kakijun.com/kanji/kotoba/6230.html,先行の告示PDF由来リストとは別枠。語単位最長一致でのみ実行し、一字置換は禁止。,旧字体・新字体の一字対応で処理可能なため、熟語単位ルールから除外,旧字体一字対応テーブル側で管理
観戦,觀戰,戰,戦,FALSE,新規・辞書検索系・基底熟語,漢字/熟語検索サイト・漢検系確認候補,,FALSE,https://kokugo.jitenon.jp/kanji/%E6%88%B0/contain/ / https://kakijun.com/kanji/kotoba/6230.html,先行の告示PDF由来リストとは別枠。語単位最長一致でのみ実行し、一字置換は禁止。,旧字体・新字体の一字対応で処理可能なため、熟語単位ルールから除外,旧字体一字対応テーブル側で管理
音楽,音樂,樂,楽,FALSE,新規・辞書検索系・基底熟語,漢字/熟語検索サイト・漢検系確認候補,,FALSE,https://kokugo.jitenon.jp/kanji/%E6%A8%82/contain/ / https://kakijun.com/kanji/kotoba/6a02.html,先行の告示PDF由来リストとは別枠。語単位最長一致でのみ実行し、一字置換は禁止。,旧字体・新字体の一字対応で処理可能なため、熟語単位ルールから除外,旧字体一字対応テーブル側で管理
楽器,樂器,樂,楽,FALSE,新規・辞書検索系・基底熟語,漢字/熟語検索サイト・漢検系確認候補,,FALSE,https://kokugo.jitenon.jp/kanji/%E6%A8%82/contain/ / https://kakijun.com/kanji/kotoba/6a02.html,先行の告示PDF由来リストとは別枠。語単位最長一致でのみ実行し、一字置換は禁止。,旧字体・新字体の一字対応で処理可能なため、熟語単位ルールから除外,旧字体一字対応テーブル側で管理
楽曲,樂曲,樂,楽,FALSE,新規・辞書検索系・基底熟語,漢字/熟語検索サイト・漢検系確認候補,,FALSE,https://kokugo.jitenon.jp/kanji/%E6%A8%82/contain/ / https://kakijun.com/kanji/kotoba/6a02.html,先行の告示PDF由来リストとは別枠。語単位最長一致でのみ実行し、一字置換は禁止。,旧字体・新字体の一字対応で処理可能なため、熟語単位ルールから除外,旧字体一字対応テーブル側で管理
快楽,快樂,樂,楽,FALSE,新規・辞書検索系・基底熟語,漢字/熟語検索サイト・漢検系確認候補,,FALSE,https://kokugo.jitenon.jp/kanji/%E6%A8%82/contain/ / https://kakijun.com/kanji/kotoba/6a02.html,先行の告示PDF由来リストとは別枠。語単位最長一致でのみ実行し、一字置換は禁止。,旧字体・新字体の一字対応で処理可能なため、熟語単位ルールから除外,旧字体一字対応テーブル側で管理
娯楽,娯樂,樂,楽,FALSE,新規・辞書検索系・基底熟語,漢字/熟語検索サイト・漢検系確認候補,,FALSE,https://kokugo.jitenon.jp/kanji/%E6%A8%82/contain/ / https://kakijun.com/kanji/kotoba/6a02.html,先行の告示PDF由来リストとは別枠。語単位最長一致でのみ実行し、一字置換は禁止。,旧字体・新字体の一字対応で処理可能なため、熟語単位ルールから除外,旧字体一字対応テーブル側で管理
楽園,樂園,樂,楽,FALSE,新規・辞書検索系・基底熟語,漢字/熟語検索サイト・漢検系確認候補,,FALSE,https://kokugo.jitenon.jp/kanji/%E6%A8%82/contain/ / https://kakijun.com/kanji/kotoba/6a02.html,先行の告示PDF由来リストとは別枠。語単位最長一致でのみ実行し、一字置換は禁止。,旧字体・新字体の一字対応で処理可能なため、熟語単位ルールから除外,旧字体一字対応テーブル側で管理
楽観,樂觀,樂,楽,FALSE,新規・辞書検索系・基底熟語,漢字/熟語検索サイト・漢検系確認候補,,FALSE,https://kokugo.jitenon.jp/kanji/%E6%A8%82/contain/ / https://kakijun.com/kanji/kotoba/6a02.html,先行の告示PDF由来リストとは別枠。語単位最長一致でのみ実行し、一字置換は禁止。,旧字体・新字体の一字対応で処理可能なため、熟語単位ルールから除外,旧字体一字対応テーブル側で管理
安楽,安樂,樂,楽,FALSE,新規・辞書検索系・基底熟語,漢字/熟語検索サイト・漢検系確認候補,,FALSE,https://kokugo.jitenon.jp/kanji/%E6%A8%82/contain/ / https://kakijun.com/kanji/kotoba/6a02.html,先行の告示PDF由来リストとは別枠。語単位最長一致でのみ実行し、一字置換は禁止。,旧字体・新字体の一字対応で処理可能なため、熟語単位ルールから除外,旧字体一字対応テーブル側で管理
楽天,樂天,樂,楽,FALSE,新規・辞書検索系・基底熟語,漢字/熟語検索サイト・漢検系確認候補,,FALSE,https://kokugo.jitenon.jp/kanji/%E6%A8%82/contain/ / https://kakijun.com/kanji/kotoba/6a02.html,先行の告示PDF由来リストとは別枠。語単位最長一致でのみ実行し、一字置換は禁止。,旧字体・新字体の一字対応で処理可能なため、熟語単位ルールから除外,旧字体一字対応テーブル側で管理
楽譜,樂譜,樂,楽,FALSE,新規・辞書検索系・基底熟語,漢字/熟語検索サイト・漢検系確認候補,,FALSE,https://kokugo.jitenon.jp/kanji/%E6%A8%82/contain/ / https://kakijun.com/kanji/kotoba/6a02.html,先行の告示PDF由来リストとは別枠。語単位最長一致でのみ実行し、一字置換は禁止。,旧字体・新字体の一字対応で処理可能なため、熟語単位ルールから除外,旧字体一字対応テーブル側で管理
苦楽,苦樂,樂,楽,FALSE,新規・辞書検索系・基底熟語,漢字/熟語検索サイト・漢検系確認候補,,FALSE,https://kokugo.jitenon.jp/kanji/%E6%A8%82/contain/ / https://kakijun.com/kanji/kotoba/6a02.html,先行の告示PDF由来リストとは別枠。語単位最長一致でのみ実行し、一字置換は禁止。,旧字体・新字体の一字対応で処理可能なため、熟語単位ルールから除外,旧字体一字対応テーブル側で管理
楽屋,樂屋,樂,楽,FALSE,新規・辞書検索系・基底熟語,漢字/熟語検索サイト・漢検系確認候補,,FALSE,https://kokugo.jitenon.jp/kanji/%E6%A8%82/contain/ / https://kakijun.com/kanji/kotoba/6a02.html,先行の告示PDF由来リストとは別枠。語単位最長一致でのみ実行し、一字置換は禁止。,旧字体・新字体の一字対応で処理可能なため、熟語単位ルールから除外,旧字体一字対応テーブル側で管理
洋楽,洋樂,樂,楽,FALSE,新規・辞書検索系・基底熟語,漢字/熟語検索サイト・漢検系確認候補,,FALSE,https://kokugo.jitenon.jp/kanji/%E6%A8%82/contain/ / https://kakijun.com/kanji/kotoba/6a02.html,先行の告示PDF由来リストとは別枠。語単位最長一致でのみ実行し、一字置換は禁止。,旧字体・新字体の一字対応で処理可能なため、熟語単位ルールから除外,旧字体一字対応テーブル側で管理
邦楽,邦樂,樂,楽,FALSE,新規・辞書検索系・基底熟語,漢字/熟語検索サイト・漢検系確認候補,,FALSE,https://kokugo.jitenon.jp/kanji/%E6%A8%82/contain/ / https://kakijun.com/kanji/kotoba/6a02.html,先行の告示PDF由来リストとは別枠。語単位最長一致でのみ実行し、一字置換は禁止。,旧字体・新字体の一字対応で処理可能なため、熟語単位ルールから除外,旧字体一字対応テーブル側で管理
楽団,樂團,樂,楽,FALSE,新規・辞書検索系・基底熟語,漢字/熟語検索サイト・漢検系確認候補,,FALSE,https://kokugo.jitenon.jp/kanji/%E6%A8%82/contain/ / https://kakijun.com/kanji/kotoba/6a02.html,先行の告示PDF由来リストとは別枠。語単位最長一致でのみ実行し、一字置換は禁止。,旧字体・新字体の一字対応で処理可能なため、熟語単位ルールから除外,旧字体一字対応テーブル側で管理
行楽,行樂,樂,楽,FALSE,新規・辞書検索系・基底熟語,漢字/熟語検索サイト・漢検系確認候補,,FALSE,https://kokugo.jitenon.jp/kanji/%E6%A8%82/contain/ / https://kakijun.com/kanji/kotoba/6a02.html,先行の告示PDF由来リストとは別枠。語単位最長一致でのみ実行し、一字置換は禁止。,旧字体・新字体の一字対応で処理可能なため、熟語単位ルールから除外,旧字体一字対応テーブル側で管理
芸術,藝術,藝,芸,FALSE,新規・辞書検索系・基底熟語,漢字/熟語検索サイト・漢検系確認候補,,FALSE,https://kokugo.jitenon.jp/kanji/%E8%97%9D/contain/ / https://kakijun.com/kanji/kotoba/85dd.html,先行の告示PDF由来リストとは別枠。語単位最長一致でのみ実行し、一字置換は禁止。,旧字体・新字体の一字対応で処理可能なため、熟語単位ルールから除外,旧字体一字対応テーブル側で管理
芸能,藝能,藝,芸,FALSE,新規・辞書検索系・基底熟語,漢字/熟語検索サイト・漢検系確認候補,,FALSE,https://kokugo.jitenon.jp/kanji/%E8%97%9D/contain/ / https://kakijun.com/kanji/kotoba/85dd.html,先行の告示PDF由来リストとは別枠。語単位最長一致でのみ実行し、一字置換は禁止。,旧字体・新字体の一字対応で処理可能なため、熟語単位ルールから除外,旧字体一字対応テーブル側で管理
園芸,園藝,藝,芸,FALSE,新規・辞書検索系・基底熟語,漢字/熟語検索サイト・漢検系確認候補,,FALSE,https://kokugo.jitenon.jp/kanji/%E8%97%9D/contain/ / https://kakijun.com/kanji/kotoba/85dd.html,先行の告示PDF由来リストとは別枠。語単位最長一致でのみ実行し、一字置換は禁止。,旧字体・新字体の一字対応で処理可能なため、熟語単位ルールから除外,旧字体一字対応テーブル側で管理
工芸,工藝,藝,芸,FALSE,新規・辞書検索系・基底熟語,漢字/熟語検索サイト・漢検系確認候補,,FALSE,https://kokugo.jitenon.jp/kanji/%E8%97%9D/contain/ / https://kakijun.com/kanji/kotoba/85dd.html,先行の告示PDF由来リストとは別枠。語単位最長一致でのみ実行し、一字置換は禁止。,旧字体・新字体の一字対応で処理可能なため、熟語単位ルールから除外,旧字体一字対応テーブル側で管理
文芸,文藝,藝,芸,FALSE,新規・辞書検索系・基底熟語,漢字/熟語検索サイト・漢検系確認候補,,FALSE,https://kokugo.jitenon.jp/kanji/%E8%97%9D/contain/ / https://kakijun.com/kanji/kotoba/85dd.html,先行の告示PDF由来リストとは別枠。語単位最長一致でのみ実行し、一字置換は禁止。,旧字体・新字体の一字対応で処理可能なため、熟語単位ルールから除外,旧字体一字対応テーブル側で管理
芸人,藝人,藝,芸,FALSE,新規・辞書検索系・基底熟語,漢字/熟語検索サイト・漢検系確認候補,,FALSE,https://kokugo.jitenon.jp/kanji/%E8%97%9D/contain/ / https://kakijun.com/kanji/kotoba/85dd.html,先行の告示PDF由来リストとは別枠。語単位最長一致でのみ実行し、一字置換は禁止。,旧字体・新字体の一字対応で処理可能なため、熟語単位ルールから除外,旧字体一字対応テーブル側で管理
芸名,藝名,藝,芸,FALSE,新規・辞書検索系・基底熟語,漢字/熟語検索サイト・漢検系確認候補,,FALSE,https://kokugo.jitenon.jp/kanji/%E8%97%9D/contain/ / https://kakijun.com/kanji/kotoba/85dd.html,先行の告示PDF由来リストとは別枠。語単位最長一致でのみ実行し、一字置換は禁止。,旧字体・新字体の一字対応で処理可能なため、熟語単位ルールから除外,旧字体一字対応テーブル側で管理
芸大,藝大,藝,芸,FALSE,新規・辞書検索系・基底熟語,漢字/熟語検索サイト・漢検系確認候補,,FALSE,https://kokugo.jitenon.jp/kanji/%E8%97%9D/contain/ / https://kakijun.com/kanji/kotoba/85dd.html,先行の告示PDF由来リストとは別枠。語単位最長一致でのみ実行し、一字置換は禁止。,旧字体・新字体の一字対応で処理可能なため、熟語単位ルールから除外,旧字体一字対応テーブル側で管理
芸者,藝者,藝,芸,FALSE,新規・辞書検索系・基底熟語,漢字/熟語検索サイト・漢検系確認候補,,FALSE,https://kokugo.jitenon.jp/kanji/%E8%97%9D/contain/ / https://kakijun.com/kanji/kotoba/85dd.html,先行の告示PDF由来リストとは別枠。語単位最長一致でのみ実行し、一字置換は禁止。,旧字体・新字体の一字対応で処理可能なため、熟語単位ルールから除外,旧字体一字対応テーブル側で管理
芸風,藝風,藝,芸,FALSE,新規・辞書検索系・基底熟語,漢字/熟語検索サイト・漢検系確認候補,,FALSE,https://kokugo.jitenon.jp/kanji/%E8%97%9D/contain/ / https://kakijun.com/kanji/kotoba/85dd.html,先行の告示PDF由来リストとは別枠。語単位最長一致でのみ実行し、一字置換は禁止。,旧字体・新字体の一字対応で処理可能なため、熟語単位ルールから除外,旧字体一字対応テーブル側で管理
芸道,藝道,藝,芸,FALSE,新規・辞書検索系・基底熟語,漢字/熟語検索サイト・漢検系確認候補,,FALSE,https://kokugo.jitenon.jp/kanji/%E8%97%9D/contain/ / https://kakijun.com/kanji/kotoba/85dd.html,先行の告示PDF由来リストとは別枠。語単位最長一致でのみ実行し、一字置換は禁止。,旧字体・新字体の一字対応で処理可能なため、熟語単位ルールから除外,旧字体一字対応テーブル側で管理
民芸,民藝,藝,芸,FALSE,新規・辞書検索系・基底熟語,漢字/熟語検索サイト・漢検系確認候補,,FALSE,https://kokugo.jitenon.jp/kanji/%E8%97%9D/contain/ / https://kakijun.com/kanji/kotoba/85dd.html,先行の告示PDF由来リストとは別枠。語単位最長一致でのみ実行し、一字置換は禁止。,旧字体・新字体の一字対応で処理可能なため、熟語単位ルールから除外,旧字体一字対応テーブル側で管理
伝統,傳統,傳,伝,FALSE,新規・辞書検索系・基底熟語,漢字/熟語検索サイト・漢検系確認候補,,FALSE,https://kokugo.jitenon.jp/kanji/%E5%82%B3/contain/ / https://kakijun.com/kanji/kotoba/50b3.html,先行の告示PDF由来リストとは別枠。語単位最長一致でのみ実行し、一字置換は禁止。,旧字体・新字体の一字対応で処理可能なため、熟語単位ルールから除外,旧字体一字対応テーブル側で管理
伝説,傳説,傳,伝,FALSE,新規・辞書検索系・基底熟語,漢字/熟語検索サイト・漢検系確認候補,,FALSE,https://kokugo.jitenon.jp/kanji/%E5%82%B3/contain/ / https://kakijun.com/kanji/kotoba/50b3.html,先行の告示PDF由来リストとは別枠。語単位最長一致でのみ実行し、一字置換は禁止。,旧字体・新字体の一字対応で処理可能なため、熟語単位ルールから除外,旧字体一字対応テーブル側で管理
伝達,傳達,傳,伝,FALSE,新規・辞書検索系・基底熟語,漢字/熟語検索サイト・漢検系確認候補,,FALSE,https://kokugo.jitenon.jp/kanji/%E5%82%B3/contain/ / https://kakijun.com/kanji/kotoba/50b3.html,先行の告示PDF由来リストとは別枠。語単位最長一致でのみ実行し、一字置換は禁止。,旧字体・新字体の一字対応で処理可能なため、熟語単位ルールから除外,旧字体一字対応テーブル側で管理
宣伝,宣傳,傳,伝,FALSE,新規・辞書検索系・基底熟語,漢字/熟語検索サイト・漢検系確認候補,,FALSE,https://kokugo.jitenon.jp/kanji/%E5%82%B3/contain/ / https://kakijun.com/kanji/kotoba/50b3.html,先行の告示PDF由来リストとは別枠。語単位最長一致でのみ実行し、一字置換は禁止。,旧字体・新字体の一字対応で処理可能なため、熟語単位ルールから除外,旧字体一字対応テーブル側で管理
遺伝,遺傳,傳,伝,FALSE,新規・辞書検索系・基底熟語,漢字/熟語検索サイト・漢検系確認候補,,FALSE,https://kokugo.jitenon.jp/kanji/%E5%82%B3/contain/ / https://kakijun.com/kanji/kotoba/50b3.html,先行の告示PDF由来リストとは別枠。語単位最長一致でのみ実行し、一字置換は禁止。,旧字体・新字体の一字対応で処理可能なため、熟語単位ルールから除外,旧字体一字対応テーブル側で管理
伝記,傳記,傳,伝,FALSE,新規・辞書検索系・基底熟語,漢字/熟語検索サイト・漢検系確認候補,,FALSE,https://kokugo.jitenon.jp/kanji/%E5%82%B3/contain/ / https://kakijun.com/kanji/kotoba/50b3.html,先行の告示PDF由来リストとは別枠。語単位最長一致でのみ実行し、一字置換は禁止。,旧字体・新字体の一字対応で処理可能なため、熟語単位ルールから除外,旧字体一字対応テーブル側で管理
伝言,傳言,傳,伝,FALSE,新規・辞書検索系・基底熟語,漢字/熟語検索サイト・漢検系確認候補,,FALSE,https://kokugo.jitenon.jp/kanji/%E5%82%B3/contain/ / https://kakijun.com/kanji/kotoba/50b3.html,先行の告示PDF由来リストとは別枠。語単位最長一致でのみ実行し、一字置換は禁止。,旧字体・新字体の一字対応で処理可能なため、熟語単位ルールから除外,旧字体一字対応テーブル側で管理
伝播,傳播,傳,伝,FALSE,新規・辞書検索系・基底熟語,漢字/熟語検索サイト・漢検系確認候補,,FALSE,https://kokugo.jitenon.jp/kanji/%E5%82%B3/contain/ / https://kakijun.com/kanji/kotoba/50b3.html,先行の告示PDF由来リストとは別枠。語単位最長一致でのみ実行し、一字置換は禁止。,旧字体・新字体の一字対応で処理可能なため、熟語単位ルールから除外,旧字体一字対応テーブル側で管理
伝承,傳承,傳,伝,FALSE,新規・辞書検索系・基底熟語,漢字/熟語検索サイト・漢検系確認候補,,FALSE,https://kokugo.jitenon.jp/kanji/%E5%82%B3/contain/ / https://kakijun.com/kanji/kotoba/50b3.html,先行の告示PDF由来リストとは別枠。語単位最長一致でのみ実行し、一字置換は禁止。,旧字体・新字体の一字対応で処理可能なため、熟語単位ルールから除外,旧字体一字対応テーブル側で管理
伝票,傳票,傳,伝,FALSE,新規・辞書検索系・基底熟語,漢字/熟語検索サイト・漢検系確認候補,,FALSE,https://kokugo.jitenon.jp/kanji/%E5%82%B3/contain/ / https://kakijun.com/kanji/kotoba/50b3.html,先行の告示PDF由来リストとは別枠。語単位最長一致でのみ実行し、一字置換は禁止。,旧字体・新字体の一字対応で処理可能なため、熟語単位ルールから除外,旧字体一字対応テーブル側で管理
伝道,傳道,傳,伝,FALSE,新規・辞書検索系・基底熟語,漢字/熟語検索サイト・漢検系確認候補,,FALSE,https://kokugo.jitenon.jp/kanji/%E5%82%B3/contain/ / https://kakijun.com/kanji/kotoba/50b3.html,先行の告示PDF由来リストとは別枠。語単位最長一致でのみ実行し、一字置換は禁止。,旧字体・新字体の一字対応で処理可能なため、熟語単位ルールから除外,旧字体一字対応テーブル側で管理
伝授,傳授,傳,伝,FALSE,新規・辞書検索系・基底熟語,漢字/熟語検索サイト・漢検系確認候補,,FALSE,https://kokugo.jitenon.jp/kanji/%E5%82%B3/contain/ / https://kakijun.com/kanji/kotoba/50b3.html,先行の告示PDF由来リストとは別枠。語単位最長一致でのみ実行し、一字置換は禁止。,旧字体・新字体の一字対応で処理可能なため、熟語単位ルールから除外,旧字体一字対応テーブル側で管理
伝来,傳來,傳,伝,FALSE,新規・辞書検索系・基底熟語,漢字/熟語検索サイト・漢検系確認候補,,FALSE,https://kokugo.jitenon.jp/kanji/%E5%82%B3/contain/ / https://kakijun.com/kanji/kotoba/50b3.html,先行の告示PDF由来リストとは別枠。語単位最長一致でのみ実行し、一字置換は禁止。,旧字体・新字体の一字対応で処理可能なため、熟語単位ルールから除外,旧字体一字対応テーブル側で管理
自伝,自傳,傳,伝,FALSE,新規・辞書検索系・基底熟語,漢字/熟語検索サイト・漢検系確認候補,,FALSE,https://kokugo.jitenon.jp/kanji/%E5%82%B3/contain/ / https://kakijun.com/kanji/kotoba/50b3.html,先行の告示PDF由来リストとは別枠。語単位最長一致でのみ実行し、一字置換は禁止。,旧字体・新字体の一字対応で処理可能なため、熟語単位ルールから除外,旧字体一字対応テーブル側で管理
列伝,列傳,傳,伝,FALSE,新規・辞書検索系・基底熟語,漢字/熟語検索サイト・漢検系確認候補,,FALSE,https://kokugo.jitenon.jp/kanji/%E5%82%B3/contain/ / https://kakijun.com/kanji/kotoba/50b3.html,先行の告示PDF由来リストとは別枠。語単位最長一致でのみ実行し、一字置換は禁止。,旧字体・新字体の一字対応で処理可能なため、熟語単位ルールから除外,旧字体一字対応テーブル側で管理
秘伝,祕傳,傳,伝,FALSE,新規・辞書検索系・基底熟語,漢字/熟語検索サイト・漢検系確認候補,,FALSE,https://kokugo.jitenon.jp/kanji/%E5%82%B3/contain/ / https://kakijun.com/kanji/kotoba/50b3.html,先行の告示PDF由来リストとは別枠。語単位最長一致でのみ実行し、一字置換は禁止。,旧字体・新字体の一字対応で処理可能なため、熟語単位ルールから除外,旧字体一字対応テーブル側で管理
円形,圓形,圓,円,FALSE,新規・辞書検索系・基底熟語,漢字/熟語検索サイト・漢検系確認候補,,FALSE,https://kokugo.jitenon.jp/kanji/%E5%9C%93/contain/ / https://kakijun.com/kanji/kotoba/5713.html,先行の告示PDF由来リストとは別枠。語単位最長一致でのみ実行し、一字置換は禁止。,旧字体・新字体の一字対応で処理可能なため、熟語単位ルールから除外,旧字体一字対応テーブル側で管理
円満,圓滿,圓,円,FALSE,新規・辞書検索系・基底熟語,漢字/熟語検索サイト・漢検系確認候補,,FALSE,https://kokugo.jitenon.jp/kanji/%E5%9C%93/contain/ / https://kakijun.com/kanji/kotoba/5713.html,先行の告示PDF由来リストとは別枠。語単位最長一致でのみ実行し、一字置換は禁止。,旧字体・新字体の一字対応で処理可能なため、熟語単位ルールから除外,旧字体一字対応テーブル側で管理
円周,圓周,圓,円,FALSE,新規・辞書検索系・基底熟語,漢字/熟語検索サイト・漢検系確認候補,,FALSE,https://kokugo.jitenon.jp/kanji/%E5%9C%93/contain/ / https://kakijun.com/kanji/kotoba/5713.html,先行の告示PDF由来リストとは別枠。語単位最長一致でのみ実行し、一字置換は禁止。,旧字体・新字体の一字対応で処理可能なため、熟語単位ルールから除外,旧字体一字対応テーブル側で管理
円盤,圓盤,圓,円,FALSE,新規・辞書検索系・基底熟語,漢字/熟語検索サイト・漢検系確認候補,,FALSE,https://kokugo.jitenon.jp/kanji/%E5%9C%93/contain/ / https://kakijun.com/kanji/kotoba/5713.html,先行の告示PDF由来リストとは別枠。語単位最長一致でのみ実行し、一字置換は禁止。,旧字体・新字体の一字対応で処理可能なため、熟語単位ルールから除外,旧字体一字対応テーブル側で管理
円柱,圓柱,圓,円,FALSE,新規・辞書検索系・基底熟語,漢字/熟語検索サイト・漢検系確認候補,,FALSE,https://kokugo.jitenon.jp/kanji/%E5%9C%93/contain/ / https://kakijun.com/kanji/kotoba/5713.html,先行の告示PDF由来リストとは別枠。語単位最長一致でのみ実行し、一字置換は禁止。,旧字体・新字体の一字対応で処理可能なため、熟語単位ルールから除外,旧字体一字対応テーブル側で管理
半円,半圓,圓,円,FALSE,新規・辞書検索系・基底熟語,漢字/熟語検索サイト・漢検系確認候補,,FALSE,https://kokugo.jitenon.jp/kanji/%E5%9C%93/contain/ / https://kakijun.com/kanji/kotoba/5713.html,先行の告示PDF由来リストとは別枠。語単位最長一致でのみ実行し、一字置換は禁止。,旧字体・新字体の一字対応で処理可能なため、熟語単位ルールから除外,旧字体一字対応テーブル側で管理
円滑,圓滑,圓,円,FALSE,新規・辞書検索系・基底熟語,漢字/熟語検索サイト・漢検系確認候補,,FALSE,https://kokugo.jitenon.jp/kanji/%E5%9C%93/contain/ / https://kakijun.com/kanji/kotoba/5713.html,先行の告示PDF由来リストとは別枠。語単位最長一致でのみ実行し、一字置換は禁止。,旧字体・新字体の一字対応で処理可能なため、熟語単位ルールから除外,旧字体一字対応テーブル側で管理
円熟,圓熟,圓,円,FALSE,新規・辞書検索系・基底熟語,漢字/熟語検索サイト・漢検系確認候補,,FALSE,https://kokugo.jitenon.jp/kanji/%E5%9C%93/contain/ / https://kakijun.com/kanji/kotoba/5713.html,先行の告示PDF由来リストとは別枠。語単位最長一致でのみ実行し、一字置換は禁止。,旧字体・新字体の一字対応で処理可能なため、熟語単位ルールから除外,旧字体一字対応テーブル側で管理
円卓,圓卓,圓,円,FALSE,新規・辞書検索系・基底熟語,漢字/熟語検索サイト・漢検系確認候補,,FALSE,https://kokugo.jitenon.jp/kanji/%E5%9C%93/contain/ / https://kakijun.com/kanji/kotoba/5713.html,先行の告示PDF由来リストとは別枠。語単位最長一致でのみ実行し、一字置換は禁止。,旧字体・新字体の一字対応で処理可能なため、熟語単位ルールから除外,旧字体一字対応テーブル側で管理
円高,圓高,圓,円,FALSE,新規・辞書検索系・基底熟語,漢字/熟語検索サイト・漢検系確認候補,,FALSE,https://kokugo.jitenon.jp/kanji/%E5%9C%93/contain/ / https://kakijun.com/kanji/kotoba/5713.html,先行の告示PDF由来リストとは別枠。語単位最長一致でのみ実行し、一字置換は禁止。,旧字体・新字体の一字対応で処理可能なため、熟語単位ルールから除外,旧字体一字対応テーブル側で管理
円安,圓安,圓,円,FALSE,新規・辞書検索系・基底熟語,漢字/熟語検索サイト・漢検系確認候補,,FALSE,https://kokugo.jitenon.jp/kanji/%E5%9C%93/contain/ / https://kakijun.com/kanji/kotoba/5713.html,先行の告示PDF由来リストとは別枠。語単位最長一致でのみ実行し、一字置換は禁止。,旧字体・新字体の一字対応で処理可能なため、熟語単位ルールから除外,旧字体一字対応テーブル側で管理
楕円,楕圓,圓,円,FALSE,新規・辞書検索系・基底熟語,漢字/熟語検索サイト・漢検系確認候補,,FALSE,https://kokugo.jitenon.jp/kanji/%E5%9C%93/contain/ / https://kakijun.com/kanji/kotoba/5713.html,先行の告示PDF由来リストとは別枠。語単位最長一致でのみ実行し、一字置換は禁止。,旧字体・新字体の一字対応で処理可能なため、熟語単位ルールから除外,旧字体一字対応テーブル側で管理
区域,區域,區,区,FALSE,新規・辞書検索系・基底熟語,漢字/熟語検索サイト・漢検系確認候補,,FALSE,https://kokugo.jitenon.jp/kanji/%E5%8D%80/contain/ / https://kakijun.com/kanji/kotoba/5340.html,先行の告示PDF由来リストとは別枠。語単位最長一致でのみ実行し、一字置換は禁止。,旧字体・新字体の一字対応で処理可能なため、熟語単位ルールから除外,旧字体一字対応テーブル側で管理
地区,地區,區,区,FALSE,新規・辞書検索系・基底熟語,漢字/熟語検索サイト・漢検系確認候補,,FALSE,https://kokugo.jitenon.jp/kanji/%E5%8D%80/contain/ / https://kakijun.com/kanji/kotoba/5340.html,先行の告示PDF由来リストとは別枠。語単位最長一致でのみ実行し、一字置換は禁止。,旧字体・新字体の一字対応で処理可能なため、熟語単位ルールから除外,旧字体一字対応テーブル側で管理
区別,區別,區,区,FALSE,新規・辞書検索系・基底熟語,漢字/熟語検索サイト・漢検系確認候補,,FALSE,https://kokugo.jitenon.jp/kanji/%E5%8D%80/contain/ / https://kakijun.com/kanji/kotoba/5340.html,先行の告示PDF由来リストとは別枠。語単位最長一致でのみ実行し、一字置換は禁止。,旧字体・新字体の一字対応で処理可能なため、熟語単位ルールから除外,旧字体一字対応テーブル側で管理
区分,區分,區,区,FALSE,新規・辞書検索系・基底熟語,漢字/熟語検索サイト・漢検系確認候補,,FALSE,https://kokugo.jitenon.jp/kanji/%E5%8D%80/contain/ / https://kakijun.com/kanji/kotoba/5340.html,先行の告示PDF由来リストとは別枠。語単位最長一致でのみ実行し、一字置換は禁止。,旧字体・新字体の一字対応で処理可能なため、熟語単位ルールから除外,旧字体一字対応テーブル側で管理
区間,區間,區,区,FALSE,新規・辞書検索系・基底熟語,漢字/熟語検索サイト・漢検系確認候補,,FALSE,https://kokugo.jitenon.jp/kanji/%E5%8D%80/contain/ / https://kakijun.com/kanji/kotoba/5340.html,先行の告示PDF由来リストとは別枠。語単位最長一致でのみ実行し、一字置換は禁止。,旧字体・新字体の一字対応で処理可能なため、熟語単位ルールから除外,旧字体一字対応テーブル側で管理
区長,區長,區,区,FALSE,新規・辞書検索系・基底熟語,漢字/熟語検索サイト・漢検系確認候補,,FALSE,https://kokugo.jitenon.jp/kanji/%E5%8D%80/contain/ / https://kakijun.com/kanji/kotoba/5340.html,先行の告示PDF由来リストとは別枠。語単位最長一致でのみ実行し、一字置換は禁止。,旧字体・新字体の一字対応で処理可能なため、熟語単位ルールから除外,旧字体一字対応テーブル側で管理
区役所,區役所,區,区,FALSE,新規・辞書検索系・基底熟語,漢字/熟語検索サイト・漢検系確認候補,,FALSE,https://kokugo.jitenon.jp/kanji/%E5%8D%80/contain/ / https://kakijun.com/kanji/kotoba/5340.html,先行の告示PDF由来リストとは別枠。語単位最長一致でのみ実行し、一字置換は禁止。,旧字体・新字体の一字対応で処理可能なため、熟語単位ルールから除外,旧字体一字対応テーブル側で管理
区民,區民,區,区,FALSE,新規・辞書検索系・基底熟語,漢字/熟語検索サイト・漢検系確認候補,,FALSE,https://kokugo.jitenon.jp/kanji/%E5%8D%80/contain/ / https://kakijun.com/kanji/kotoba/5340.html,先行の告示PDF由来リストとは別枠。語単位最長一致でのみ実行し、一字置換は禁止。,旧字体・新字体の一字対応で処理可能なため、熟語単位ルールから除外,旧字体一字対応テーブル側で管理
区内,區内,區,区,FALSE,新規・辞書検索系・基底熟語,漢字/熟語検索サイト・漢検系確認候補,,FALSE,https://kokugo.jitenon.jp/kanji/%E5%8D%80/contain/ / https://kakijun.com/kanji/kotoba/5340.html,先行の告示PDF由来リストとは別枠。語単位最長一致でのみ実行し、一字置換は禁止。,旧字体・新字体の一字対応で処理可能なため、熟語単位ルールから除外,旧字体一字対応テーブル側で管理
区外,區外,區,区,FALSE,新規・辞書検索系・基底熟語,漢字/熟語検索サイト・漢検系確認候補,,FALSE,https://kokugo.jitenon.jp/kanji/%E5%8D%80/contain/ / https://kakijun.com/kanji/kotoba/5340.html,先行の告示PDF由来リストとは別枠。語単位最長一致でのみ実行し、一字置換は禁止。,旧字体・新字体の一字対応で処理可能なため、熟語単位ルールから除外,旧字体一字対応テーブル側で管理
区制,區制,區,区,FALSE,新規・辞書検索系・基底熟語,漢字/熟語検索サイト・漢検系確認候補,,FALSE,https://kokugo.jitenon.jp/kanji/%E5%8D%80/contain/ / https://kakijun.com/kanji/kotoba/5340.html,先行の告示PDF由来リストとは別枠。語単位最長一致でのみ実行し、一字置換は禁止。,旧字体・新字体の一字対応で処理可能なため、熟語単位ルールから除外,旧字体一字対応テーブル側で管理
区立,區立,區,区,FALSE,新規・辞書検索系・基底熟語,漢字/熟語検索サイト・漢検系確認候補,,FALSE,https://kokugo.jitenon.jp/kanji/%E5%8D%80/contain/ / https://kakijun.com/kanji/kotoba/5340.html,先行の告示PDF由来リストとは別枠。語単位最長一致でのみ実行し、一字置換は禁止。,旧字体・新字体の一字対応で処理可能なため、熟語単位ルールから除外,旧字体一字対応テーブル側で管理
医療,醫療,醫,医,FALSE,新規・辞書検索系・基底熟語,漢字/熟語検索サイト・漢検系確認候補,,FALSE,https://kokugo.jitenon.jp/kanji/%E9%86%AB/contain/ / https://kakijun.com/kanji/kotoba/91ab.html,先行の告示PDF由来リストとは別枠。語単位最長一致でのみ実行し、一字置換は禁止。,旧字体・新字体の一字対応で処理可能なため、熟語単位ルールから除外,旧字体一字対応テーブル側で管理
医師,醫師,醫,医,FALSE,新規・辞書検索系・基底熟語,漢字/熟語検索サイト・漢検系確認候補,,FALSE,https://kokugo.jitenon.jp/kanji/%E9%86%AB/contain/ / https://kakijun.com/kanji/kotoba/91ab.html,先行の告示PDF由来リストとは別枠。語単位最長一致でのみ実行し、一字置換は禁止。,旧字体・新字体の一字対応で処理可能なため、熟語単位ルールから除外,旧字体一字対応テーブル側で管理
医者,醫者,醫,医,FALSE,新規・辞書検索系・基底熟語,漢字/熟語検索サイト・漢検系確認候補,,FALSE,https://kokugo.jitenon.jp/kanji/%E9%86%AB/contain/ / https://kakijun.com/kanji/kotoba/91ab.html,先行の告示PDF由来リストとは別枠。語単位最長一致でのみ実行し、一字置換は禁止。,旧字体・新字体の一字対応で処理可能なため、熟語単位ルールから除外,旧字体一字対応テーブル側で管理
医院,醫院,醫,医,FALSE,新規・辞書検索系・基底熟語,漢字/熟語検索サイト・漢検系確認候補,,FALSE,https://kokugo.jitenon.jp/kanji/%E9%86%AB/contain/ / https://kakijun.com/kanji/kotoba/91ab.html,先行の告示PDF由来リストとは別枠。語単位最長一致でのみ実行し、一字置換は禁止。,旧字体・新字体の一字対応で処理可能なため、熟語単位ルールから除外,旧字体一字対応テーブル側で管理
医薬,醫藥,醫,医,FALSE,新規・辞書検索系・基底熟語,漢字/熟語検索サイト・漢検系確認候補,,FALSE,https://kokugo.jitenon.jp/kanji/%E9%86%AB/contain/ / https://kakijun.com/kanji/kotoba/91ab.html,先行の告示PDF由来リストとは別枠。語単位最長一致でのみ実行し、一字置換は禁止。,旧字体・新字体の一字対応で処理可能なため、熟語単位ルールから除外,旧字体一字対応テーブル側で管理
獣医,獸醫,醫,医,FALSE,新規・辞書検索系・基底熟語,漢字/熟語検索サイト・漢検系確認候補,,FALSE,https://kokugo.jitenon.jp/kanji/%E9%86%AB/contain/ / https://kakijun.com/kanji/kotoba/91ab.html,先行の告示PDF由来リストとは別枠。語単位最長一致でのみ実行し、一字置換は禁止。,旧字体・新字体の一字対応で処理可能なため、熟語単位ルールから除外,旧字体一字対応テーブル側で管理
軍医,軍醫,醫,医,FALSE,新規・辞書検索系・基底熟語,漢字/熟語検索サイト・漢検系確認候補,,FALSE,https://kokugo.jitenon.jp/kanji/%E9%86%AB/contain/ / https://kakijun.com/kanji/kotoba/91ab.html,先行の告示PDF由来リストとは別枠。語単位最長一致でのみ実行し、一字置換は禁止。,旧字体・新字体の一字対応で処理可能なため、熟語単位ルールから除外,旧字体一字対応テーブル側で管理
名医,名醫,醫,医,FALSE,新規・辞書検索系・基底熟語,漢字/熟語検索サイト・漢検系確認候補,,FALSE,https://kokugo.jitenon.jp/kanji/%E9%86%AB/contain/ / https://kakijun.com/kanji/kotoba/91ab.html,先行の告示PDF由来リストとは別枠。語単位最長一致でのみ実行し、一字置換は禁止。,旧字体・新字体の一字対応で処理可能なため、熟語単位ルールから除外,旧字体一字対応テーブル側で管理
医大,醫大,醫,医,FALSE,新規・辞書検索系・基底熟語,漢字/熟語検索サイト・漢検系確認候補,,FALSE,https://kokugo.jitenon.jp/kanji/%E9%86%AB/contain/ / https://kakijun.com/kanji/kotoba/91ab.html,先行の告示PDF由来リストとは別枠。語単位最長一致でのみ実行し、一字置換は禁止。,旧字体・新字体の一字対応で処理可能なため、熟語単位ルールから除外,旧字体一字対応テーブル側で管理
医科,醫科,醫,医,FALSE,新規・辞書検索系・基底熟語,漢字/熟語検索サイト・漢検系確認候補,,FALSE,https://kokugo.jitenon.jp/kanji/%E9%86%AB/contain/ / https://kakijun.com/kanji/kotoba/91ab.html,先行の告示PDF由来リストとは別枠。語単位最長一致でのみ実行し、一字置換は禁止。,旧字体・新字体の一字対応で処理可能なため、熟語単位ルールから除外,旧字体一字対応テーブル側で管理
校医,校醫,醫,医,FALSE,新規・辞書検索系・基底熟語,漢字/熟語検索サイト・漢検系確認候補,,FALSE,https://kokugo.jitenon.jp/kanji/%E9%86%AB/contain/ / https://kakijun.com/kanji/kotoba/91ab.html,先行の告示PDF由来リストとは別枠。語単位最長一致でのみ実行し、一字置換は禁止。,旧字体・新字体の一字対応で処理可能なため、熟語単位ルールから除外,旧字体一字対応テーブル側で管理
薬品,藥品,藥,薬,FALSE,新規・辞書検索系・基底熟語,漢字/熟語検索サイト・漢検系確認候補,,FALSE,https://kokugo.jitenon.jp/kanji/%E8%97%A5/contain/ / https://kakijun.com/kanji/kotoba/85e5.html,先行の告示PDF由来リストとは別枠。語単位最長一致でのみ実行し、一字置換は禁止。,旧字体・新字体の一字対応で処理可能なため、熟語単位ルールから除外,旧字体一字対応テーブル側で管理
薬局,藥局,藥,薬,FALSE,新規・辞書検索系・基底熟語,漢字/熟語検索サイト・漢検系確認候補,,FALSE,https://kokugo.jitenon.jp/kanji/%E8%97%A5/contain/ / https://kakijun.com/kanji/kotoba/85e5.html,先行の告示PDF由来リストとは別枠。語単位最長一致でのみ実行し、一字置換は禁止。,旧字体・新字体の一字対応で処理可能なため、熟語単位ルールから除外,旧字体一字対応テーブル側で管理
薬草,藥草,藥,薬,FALSE,新規・辞書検索系・基底熟語,漢字/熟語検索サイト・漢検系確認候補,,FALSE,https://kokugo.jitenon.jp/kanji/%E8%97%A5/contain/ / https://kakijun.com/kanji/kotoba/85e5.html,先行の告示PDF由来リストとは別枠。語単位最長一致でのみ実行し、一字置換は禁止。,旧字体・新字体の一字対応で処理可能なため、熟語単位ルールから除外,旧字体一字対応テーブル側で管理
薬物,藥物,藥,薬,FALSE,新規・辞書検索系・基底熟語,漢字/熟語検索サイト・漢検系確認候補,,FALSE,https://kokugo.jitenon.jp/kanji/%E8%97%A5/contain/ / https://kakijun.com/kanji/kotoba/85e5.html,先行の告示PDF由来リストとは別枠。語単位最長一致でのみ実行し、一字置換は禁止。,旧字体・新字体の一字対応で処理可能なため、熟語単位ルールから除外,旧字体一字対応テーブル側で管理
薬学,藥學,藥,薬,FALSE,新規・辞書検索系・基底熟語,漢字/熟語検索サイト・漢検系確認候補,,FALSE,https://kokugo.jitenon.jp/kanji/%E8%97%A5/contain/ / https://kakijun.com/kanji/kotoba/85e5.html,先行の告示PDF由来リストとは別枠。語単位最長一致でのみ実行し、一字置換は禁止。,旧字体・新字体の一字対応で処理可能なため、熟語単位ルールから除外,旧字体一字対応テーブル側で管理
投薬,投藥,藥,薬,FALSE,新規・辞書検索系・基底熟語,漢字/熟語検索サイト・漢検系確認候補,,FALSE,https://kokugo.jitenon.jp/kanji/%E8%97%A5/contain/ / https://kakijun.com/kanji/kotoba/85e5.html,先行の告示PDF由来リストとは別枠。語単位最長一致でのみ実行し、一字置換は禁止。,旧字体・新字体の一字対応で処理可能なため、熟語単位ルールから除外,旧字体一字対応テーブル側で管理
農薬,農藥,藥,薬,FALSE,新規・辞書検索系・基底熟語,漢字/熟語検索サイト・漢検系確認候補,,FALSE,https://kokugo.jitenon.jp/kanji/%E8%97%A5/contain/ / https://kakijun.com/kanji/kotoba/85e5.html,先行の告示PDF由来リストとは別枠。語単位最長一致でのみ実行し、一字置換は禁止。,旧字体・新字体の一字対応で処理可能なため、熟語単位ルールから除外,旧字体一字対応テーブル側で管理
火薬,火藥,藥,薬,FALSE,新規・辞書検索系・基底熟語,漢字/熟語検索サイト・漢検系確認候補,,FALSE,https://kokugo.jitenon.jp/kanji/%E8%97%A5/contain/ / https://kakijun.com/kanji/kotoba/85e5.html,先行の告示PDF由来リストとは別枠。語単位最長一致でのみ実行し、一字置換は禁止。,旧字体・新字体の一字対応で処理可能なため、熟語単位ルールから除外,旧字体一字対応テーブル側で管理
薬剤,藥劑,藥,薬,FALSE,新規・辞書検索系・基底熟語,漢字/熟語検索サイト・漢検系確認候補,,FALSE,https://kokugo.jitenon.jp/kanji/%E8%97%A5/contain/ / https://kakijun.com/kanji/kotoba/85e5.html,先行の告示PDF由来リストとは別枠。語単位最長一致でのみ実行し、一字置換は禁止。,旧字体・新字体の一字対応で処理可能なため、熟語単位ルールから除外,旧字体一字対応テーブル側で管理
薬害,藥害,藥,薬,FALSE,新規・辞書検索系・基底熟語,漢字/熟語検索サイト・漢検系確認候補,,FALSE,https://kokugo.jitenon.jp/kanji/%E8%97%A5/contain/ / https://kakijun.com/kanji/kotoba/85e5.html,先行の告示PDF由来リストとは別枠。語単位最長一致でのみ実行し、一字置換は禁止。,旧字体・新字体の一字対応で処理可能なため、熟語単位ルールから除外,旧字体一字対応テーブル側で管理
薬効,藥效,藥,薬,FALSE,新規・辞書検索系・基底熟語,漢字/熟語検索サイト・漢検系確認候補,,FALSE,https://kokugo.jitenon.jp/kanji/%E8%97%A5/contain/ / https://kakijun.com/kanji/kotoba/85e5.html,先行の告示PDF由来リストとは別枠。語単位最長一致でのみ実行し、一字置換は禁止。,旧字体・新字体の一字対応で処理可能なため、熟語単位ルールから除外,旧字体一字対応テーブル側で管理
薬用,藥用,藥,薬,FALSE,新規・辞書検索系・基底熟語,漢字/熟語検索サイト・漢検系確認候補,,FALSE,https://kokugo.jitenon.jp/kanji/%E8%97%A5/contain/ / https://kakijun.com/kanji/kotoba/85e5.html,先行の告示PDF由来リストとは別枠。語単位最長一致でのみ実行し、一字置換は禁止。,旧字体・新字体の一字対応で処理可能なため、熟語単位ルールから除外,旧字体一字対応テーブル側で管理
秘薬,祕藥,藥,薬,FALSE,新規・辞書検索系・基底熟語,漢字/熟語検索サイト・漢検系確認候補,,FALSE,https://kokugo.jitenon.jp/kanji/%E8%97%A5/contain/ / https://kakijun.com/kanji/kotoba/85e5.html,先行の告示PDF由来リストとは別枠。語単位最長一致でのみ実行し、一字置換は禁止。,旧字体・新字体の一字対応で処理可能なため、熟語単位ルールから除外,旧字体一字対応テーブル側で管理
駅前,驛前,驛,駅,FALSE,新規・辞書検索系・基底熟語,漢字/熟語検索サイト・漢検系確認候補,,FALSE,https://kokugo.jitenon.jp/kanji/%E9%A9%9B/contain/ / https://kakijun.com/kanji/kotoba/9a5b.html,先行の告示PDF由来リストとは別枠。語単位最長一致でのみ実行し、一字置換は禁止。,旧字体・新字体の一字対応で処理可能なため、熟語単位ルールから除外,旧字体一字対応テーブル側で管理
駅長,驛長,驛,駅,FALSE,新規・辞書検索系・基底熟語,漢字/熟語検索サイト・漢検系確認候補,,FALSE,https://kokugo.jitenon.jp/kanji/%E9%A9%9B/contain/ / https://kakijun.com/kanji/kotoba/9a5b.html,先行の告示PDF由来リストとは別枠。語単位最長一致でのみ実行し、一字置換は禁止。,旧字体・新字体の一字対応で処理可能なため、熟語単位ルールから除外,旧字体一字対応テーブル側で管理
駅員,驛員,驛,駅,FALSE,新規・辞書検索系・基底熟語,漢字/熟語検索サイト・漢検系確認候補,,FALSE,https://kokugo.jitenon.jp/kanji/%E9%A9%9B/contain/ / https://kakijun.com/kanji/kotoba/9a5b.html,先行の告示PDF由来リストとは別枠。語単位最長一致でのみ実行し、一字置換は禁止。,旧字体・新字体の一字対応で処理可能なため、熟語単位ルールから除外,旧字体一字対応テーブル側で管理
駅舎,驛舍,驛,駅,FALSE,新規・辞書検索系・基底熟語,漢字/熟語検索サイト・漢検系確認候補,,FALSE,https://kokugo.jitenon.jp/kanji/%E9%A9%9B/contain/ / https://kakijun.com/kanji/kotoba/9a5b.html,先行の告示PDF由来リストとは別枠。語単位最長一致でのみ実行し、一字置換は禁止。,旧字体・新字体の一字対応で処理可能なため、熟語単位ルールから除外,旧字体一字対応テーブル側で管理
駅伝,驛傳,驛,駅,FALSE,新規・辞書検索系・基底熟語,漢字/熟語検索サイト・漢検系確認候補,,FALSE,https://kokugo.jitenon.jp/kanji/%E9%A9%9B/contain/ / https://kakijun.com/kanji/kotoba/9a5b.html,先行の告示PDF由来リストとは別枠。語単位最長一致でのみ実行し、一字置換は禁止。,旧字体・新字体の一字対応で処理可能なため、熟語単位ルールから除外,旧字体一字対応テーブル側で管理
駅名,驛名,驛,駅,FALSE,新規・辞書検索系・基底熟語,漢字/熟語検索サイト・漢検系確認候補,,FALSE,https://kokugo.jitenon.jp/kanji/%E9%A9%9B/contain/ / https://kakijun.com/kanji/kotoba/9a5b.html,先行の告示PDF由来リストとは別枠。語単位最長一致でのみ実行し、一字置換は禁止。,旧字体・新字体の一字対応で処理可能なため、熟語単位ルールから除外,旧字体一字対応テーブル側で管理
駅頭,驛頭,驛,駅,FALSE,新規・辞書検索系・基底熟語,漢字/熟語検索サイト・漢検系確認候補,,FALSE,https://kokugo.jitenon.jp/kanji/%E9%A9%9B/contain/ / https://kakijun.com/kanji/kotoba/9a5b.html,先行の告示PDF由来リストとは別枠。語単位最長一致でのみ実行し、一字置換は禁止。,旧字体・新字体の一字対応で処理可能なため、熟語単位ルールから除外,旧字体一字対応テーブル側で管理
駅弁,驛辨,驛,駅,FALSE,新規・辞書検索系・基底熟語,漢字/熟語検索サイト・漢検系確認候補,,FALSE,https://kokugo.jitenon.jp/kanji/%E9%A9%9B/contain/ / https://kakijun.com/kanji/kotoba/9a5b.html,先行の告示PDF由来リストとは別枠。語単位最長一致でのみ実行し、一字置換は禁止。,旧字体・新字体の一字対応で処理可能なため、熟語単位ルールから除外,旧字体一字対応テーブル側で管理
停車駅,停車驛,驛,駅,FALSE,新規・辞書検索系・基底熟語,漢字/熟語検索サイト・漢検系確認候補,,FALSE,https://kokugo.jitenon.jp/kanji/%E9%A9%9B/contain/ / https://kakijun.com/kanji/kotoba/9a5b.html,先行の告示PDF由来リストとは別枠。語単位最長一致でのみ実行し、一字置換は禁止。,旧字体・新字体の一字対応で処理可能なため、熟語単位ルールから除外,旧字体一字対応テーブル側で管理
終着駅,終着驛,驛,駅,FALSE,新規・辞書検索系・基底熟語,漢字/熟語検索サイト・漢検系確認候補,,FALSE,https://kokugo.jitenon.jp/kanji/%E9%A9%9B/contain/ / https://kakijun.com/kanji/kotoba/9a5b.html,先行の告示PDF由来リストとは別枠。語単位最長一致でのみ実行し、一字置換は禁止。,旧字体・新字体の一字対応で処理可能なため、熟語単位ルールから除外,旧字体一字対応テーブル側で管理
広告,廣告,廣,広,FALSE,新規・辞書検索系・基底熟語,漢字/熟語検索サイト・漢検系確認候補,,FALSE,https://kokugo.jitenon.jp/kanji/%E5%BB%A3/contain/ / https://kakijun.com/kanji/kotoba/5ee3.html,先行の告示PDF由来リストとは別枠。語単位最長一致でのみ実行し、一字置換は禁止。,旧字体・新字体の一字対応で処理可能なため、熟語単位ルールから除外,旧字体一字対応テーブル側で管理
広報,廣報,廣,広,FALSE,新規・辞書検索系・基底熟語,漢字/熟語検索サイト・漢検系確認候補,,FALSE,https://kokugo.jitenon.jp/kanji/%E5%BB%A3/contain/ / https://kakijun.com/kanji/kotoba/5ee3.html,先行の告示PDF由来リストとは別枠。語単位最長一致でのみ実行し、一字置換は禁止。,旧字体・新字体の一字対応で処理可能なため、熟語単位ルールから除外,旧字体一字対応テーブル側で管理
広場,廣場,廣,広,FALSE,新規・辞書検索系・基底熟語,漢字/熟語検索サイト・漢検系確認候補,,FALSE,https://kokugo.jitenon.jp/kanji/%E5%BB%A3/contain/ / https://kakijun.com/kanji/kotoba/5ee3.html,先行の告示PDF由来リストとは別枠。語単位最長一致でのみ実行し、一字置換は禁止。,旧字体・新字体の一字対応で処理可能なため、熟語単位ルールから除外,旧字体一字対応テーブル側で管理
広大,廣大,廣,広,FALSE,新規・辞書検索系・基底熟語,漢字/熟語検索サイト・漢検系確認候補,,FALSE,https://kokugo.jitenon.jp/kanji/%E5%BB%A3/contain/ / https://kakijun.com/kanji/kotoba/5ee3.html,先行の告示PDF由来リストとは別枠。語単位最長一致でのみ実行し、一字置換は禁止。,旧字体・新字体の一字対応で処理可能なため、熟語単位ルールから除外,旧字体一字対応テーブル側で管理
広義,廣義,廣,広,FALSE,新規・辞書検索系・基底熟語,漢字/熟語検索サイト・漢検系確認候補,,FALSE,https://kokugo.jitenon.jp/kanji/%E5%BB%A3/contain/ / https://kakijun.com/kanji/kotoba/5ee3.html,先行の告示PDF由来リストとは別枠。語単位最長一致でのみ実行し、一字置換は禁止。,旧字体・新字体の一字対応で処理可能なため、熟語単位ルールから除外,旧字体一字対応テーブル側で管理
広域,廣域,廣,広,FALSE,新規・辞書検索系・基底熟語,漢字/熟語検索サイト・漢検系確認候補,,FALSE,https://kokugo.jitenon.jp/kanji/%E5%BB%A3/contain/ / https://kakijun.com/kanji/kotoba/5ee3.html,先行の告示PDF由来リストとは別枠。語単位最長一致でのみ実行し、一字置換は禁止。,旧字体・新字体の一字対応で処理可能なため、熟語単位ルールから除外,旧字体一字対応テーブル側で管理
広島,廣島,廣,広,FALSE,新規・辞書検索系・基底熟語,漢字/熟語検索サイト・漢検系確認候補,固有名詞・姓地名注意,FALSE,https://kokugo.jitenon.jp/kanji/%E5%BB%A3/contain/ / https://kakijun.com/kanji/kotoba/5ee3.html,先行の告示PDF由来リストとは別枠。語単位最長一致でのみ実行し、一字置換は禁止。,旧字体・新字体の一字対応で処理可能なため、熟語単位ルールから除外,旧字体一字対応テーブル側で管理
広言,廣言,廣,広,FALSE,新規・辞書検索系・基底熟語,漢字/熟語検索サイト・漢検系確認候補,,FALSE,https://kokugo.jitenon.jp/kanji/%E5%BB%A3/contain/ / https://kakijun.com/kanji/kotoba/5ee3.html,先行の告示PDF由来リストとは別枠。語単位最長一致でのみ実行し、一字置換は禁止。,旧字体・新字体の一字対応で処理可能なため、熟語単位ルールから除外,旧字体一字対応テーブル側で管理
広範,廣範,廣,広,FALSE,新規・辞書検索系・基底熟語,漢字/熟語検索サイト・漢検系確認候補,,FALSE,https://kokugo.jitenon.jp/kanji/%E5%BB%A3/contain/ / https://kakijun.com/kanji/kotoba/5ee3.html,先行の告示PDF由来リストとは別枠。語単位最長一致でのみ実行し、一字置換は禁止。,旧字体・新字体の一字対応で処理可能なため、熟語単位ルールから除外,旧字体一字対応テーブル側で管理
広間,廣間,廣,広,FALSE,新規・辞書検索系・基底熟語,漢字/熟語検索サイト・漢検系確認候補,,FALSE,https://kokugo.jitenon.jp/kanji/%E5%BB%A3/contain/ / https://kakijun.com/kanji/kotoba/5ee3.html,先行の告示PDF由来リストとは別枠。語単位最長一致でのみ実行し、一字置換は禁止。,旧字体・新字体の一字対応で処理可能なため、熟語単位ルールから除外,旧字体一字対応テーブル側で管理
広野,廣野,廣,広,FALSE,新規・辞書検索系・基底熟語,漢字/熟語検索サイト・漢検系確認候補,,FALSE,https://kokugo.jitenon.jp/kanji/%E5%BB%A3/contain/ / https://kakijun.com/kanji/kotoba/5ee3.html,先行の告示PDF由来リストとは別枠。語単位最長一致でのみ実行し、一字置換は禁止。,旧字体・新字体の一字対応で処理可能なため、熟語単位ルールから除外,旧字体一字対応テーブル側で管理
広辞苑,廣辭苑,廣,広,FALSE,新規・辞書検索系・基底熟語,漢字/熟語検索サイト・漢検系確認候補,,FALSE,https://kokugo.jitenon.jp/kanji/%E5%BB%A3/contain/ / https://kakijun.com/kanji/kotoba/5ee3.html,先行の告示PDF由来リストとは別枠。語単位最長一致でのみ実行し、一字置換は禁止。,旧字体・新字体の一字対応で処理可能なため、熟語単位ルールから除外,旧字体一字対応テーブル側で管理
栄養,榮養,榮,栄,FALSE,新規・辞書検索系・基底熟語,漢字/熟語検索サイト・漢検系確認候補,,FALSE,https://kokugo.jitenon.jp/kanji/%E6%A6%AE/contain/ / https://kakijun.com/kanji/kotoba/69ae.html,先行の告示PDF由来リストとは別枠。語単位最長一致でのみ実行し、一字置換は禁止。,旧字体・新字体の一字対応で処理可能なため、熟語単位ルールから除外,旧字体一字対応テーブル側で管理
栄光,榮光,榮,栄,FALSE,新規・辞書検索系・基底熟語,漢字/熟語検索サイト・漢検系確認候補,,FALSE,https://kokugo.jitenon.jp/kanji/%E6%A6%AE/contain/ / https://kakijun.com/kanji/kotoba/69ae.html,先行の告示PDF由来リストとは別枠。語単位最長一致でのみ実行し、一字置換は禁止。,旧字体・新字体の一字対応で処理可能なため、熟語単位ルールから除外,旧字体一字対応テーブル側で管理
栄華,榮華,榮,栄,FALSE,新規・辞書検索系・基底熟語,漢字/熟語検索サイト・漢検系確認候補,,FALSE,https://kokugo.jitenon.jp/kanji/%E6%A6%AE/contain/ / https://kakijun.com/kanji/kotoba/69ae.html,先行の告示PDF由来リストとは別枠。語単位最長一致でのみ実行し、一字置換は禁止。,旧字体・新字体の一字対応で処理可能なため、熟語単位ルールから除外,旧字体一字対応テーブル側で管理
繁栄,繁榮,榮,栄,FALSE,新規・辞書検索系・基底熟語,漢字/熟語検索サイト・漢検系確認候補,,FALSE,https://kokugo.jitenon.jp/kanji/%E6%A6%AE/contain/ / https://kakijun.com/kanji/kotoba/69ae.html,先行の告示PDF由来リストとは別枠。語単位最長一致でのみ実行し、一字置換は禁止。,旧字体・新字体の一字対応で処理可能なため、熟語単位ルールから除外,旧字体一字対応テーブル側で管理
光栄,光榮,榮,栄,FALSE,新規・辞書検索系・基底熟語,漢字/熟語検索サイト・漢検系確認候補,,FALSE,https://kokugo.jitenon.jp/kanji/%E6%A6%AE/contain/ / https://kakijun.com/kanji/kotoba/69ae.html,先行の告示PDF由来リストとは別枠。語単位最長一致でのみ実行し、一字置換は禁止。,旧字体・新字体の一字対応で処理可能なため、熟語単位ルールから除外,旧字体一字対応テーブル側で管理
栄誉,榮譽,榮,栄,FALSE,新規・辞書検索系・基底熟語,漢字/熟語検索サイト・漢検系確認候補,,FALSE,https://kokugo.jitenon.jp/kanji/%E6%A6%AE/contain/ / https://kakijun.com/kanji/kotoba/69ae.html,先行の告示PDF由来リストとは別枠。語単位最長一致でのみ実行し、一字置換は禁止。,旧字体・新字体の一字対応で処理可能なため、熟語単位ルールから除外,旧字体一字対応テーブル側で管理
栄枯,榮枯,榮,栄,FALSE,新規・辞書検索系・基底熟語,漢字/熟語検索サイト・漢検系確認候補,,FALSE,https://kokugo.jitenon.jp/kanji/%E6%A6%AE/contain/ / https://kakijun.com/kanji/kotoba/69ae.html,先行の告示PDF由来リストとは別枠。語単位最長一致でのみ実行し、一字置換は禁止。,旧字体・新字体の一字対応で処理可能なため、熟語単位ルールから除外,旧字体一字対応テーブル側で管理
栄転,榮轉,榮,栄,FALSE,新規・辞書検索系・基底熟語,漢字/熟語検索サイト・漢検系確認候補,,FALSE,https://kokugo.jitenon.jp/kanji/%E6%A6%AE/contain/ / https://kakijun.com/kanji/kotoba/69ae.html,先行の告示PDF由来リストとは別枠。語単位最長一致でのみ実行し、一字置換は禁止。,旧字体・新字体の一字対応で処理可能なため、熟語単位ルールから除外,旧字体一字対応テーブル側で管理
栄達,榮達,榮,栄,FALSE,新規・辞書検索系・基底熟語,漢字/熟語検索サイト・漢検系確認候補,,FALSE,https://kokugo.jitenon.jp/kanji/%E6%A6%AE/contain/ / https://kakijun.com/kanji/kotoba/69ae.html,先行の告示PDF由来リストとは別枠。語単位最長一致でのみ実行し、一字置換は禁止。,旧字体・新字体の一字対応で処理可能なため、熟語単位ルールから除外,旧字体一字対応テーブル側で管理
栄冠,榮冠,榮,栄,FALSE,新規・辞書検索系・基底熟語,漢字/熟語検索サイト・漢検系確認候補,,FALSE,https://kokugo.jitenon.jp/kanji/%E6%A6%AE/contain/ / https://kakijun.com/kanji/kotoba/69ae.html,先行の告示PDF由来リストとは別枠。語単位最長一致でのみ実行し、一字置換は禁止。,旧字体・新字体の一字対応で処理可能なため、熟語単位ルールから除外,旧字体一字対応テーブル側で管理
共栄,共榮,榮,栄,FALSE,新規・辞書検索系・基底熟語,漢字/熟語検索サイト・漢検系確認候補,,FALSE,https://kokugo.jitenon.jp/kanji/%E6%A6%AE/contain/ / https://kakijun.com/kanji/kotoba/69ae.html,先行の告示PDF由来リストとは別枠。語単位最長一致でのみ実行し、一字置換は禁止。,旧字体・新字体の一字対応で処理可能なため、熟語単位ルールから除外,旧字体一字対応テーブル側で管理
栄える,榮える,榮,栄,FALSE,新規・辞書検索系・基底熟語,漢字/熟語検索サイト・漢検系確認候補,,FALSE,https://kokugo.jitenon.jp/kanji/%E6%A6%AE/contain/ / https://kakijun.com/kanji/kotoba/69ae.html,先行の告示PDF由来リストとは別枠。語単位最長一致でのみ実行し、一字置換は禁止。,旧字体・新字体の一字対応で処理可能なため、熟語単位ルールから除外,旧字体一字対応テーブル側で管理
桜花,櫻花,櫻,桜,FALSE,新規・辞書検索系・基底熟語,漢字/熟語検索サイト・漢検系確認候補,,FALSE,https://kokugo.jitenon.jp/kanji/%E6%AB%BB/contain/ / https://kakijun.com/kanji/kotoba/6afb.html,先行の告示PDF由来リストとは別枠。語単位最長一致でのみ実行し、一字置換は禁止。,旧字体・新字体の一字対応で処理可能なため、熟語単位ルールから除外,旧字体一字対応テーブル側で管理
桜桃,櫻桃,櫻,桜,FALSE,新規・辞書検索系・基底熟語,漢字/熟語検索サイト・漢検系確認候補,,FALSE,https://kokugo.jitenon.jp/kanji/%E6%AB%BB/contain/ / https://kakijun.com/kanji/kotoba/6afb.html,先行の告示PDF由来リストとは別枠。語単位最長一致でのみ実行し、一字置換は禁止。,旧字体・新字体の一字対応で処理可能なため、熟語単位ルールから除外,旧字体一字対応テーブル側で管理
夜桜,夜櫻,櫻,桜,FALSE,新規・辞書検索系・基底熟語,漢字/熟語検索サイト・漢検系確認候補,,FALSE,https://kokugo.jitenon.jp/kanji/%E6%AB%BB/contain/ / https://kakijun.com/kanji/kotoba/6afb.html,先行の告示PDF由来リストとは別枠。語単位最長一致でのみ実行し、一字置換は禁止。,旧字体・新字体の一字対応で処理可能なため、熟語単位ルールから除外,旧字体一字対応テーブル側で管理
山桜,山櫻,櫻,桜,FALSE,新規・辞書検索系・基底熟語,漢字/熟語検索サイト・漢検系確認候補,,FALSE,https://kokugo.jitenon.jp/kanji/%E6%AB%BB/contain/ / https://kakijun.com/kanji/kotoba/6afb.html,先行の告示PDF由来リストとは別枠。語単位最長一致でのみ実行し、一字置換は禁止。,旧字体・新字体の一字対応で処理可能なため、熟語単位ルールから除外,旧字体一字対応テーブル側で管理
桜草,櫻草,櫻,桜,FALSE,新規・辞書検索系・基底熟語,漢字/熟語検索サイト・漢検系確認候補,,FALSE,https://kokugo.jitenon.jp/kanji/%E6%AB%BB/contain/ / https://kakijun.com/kanji/kotoba/6afb.html,先行の告示PDF由来リストとは別枠。語単位最長一致でのみ実行し、一字置換は禁止。,旧字体・新字体の一字対応で処理可能なため、熟語単位ルールから除外,旧字体一字対応テーブル側で管理
葉桜,葉櫻,櫻,桜,FALSE,新規・辞書検索系・基底熟語,漢字/熟語検索サイト・漢検系確認候補,,FALSE,https://kokugo.jitenon.jp/kanji/%E6%AB%BB/contain/ / https://kakijun.com/kanji/kotoba/6afb.html,先行の告示PDF由来リストとは別枠。語単位最長一致でのみ実行し、一字置換は禁止。,旧字体・新字体の一字対応で処理可能なため、熟語単位ルールから除外,旧字体一字対応テーブル側で管理
八重桜,八重櫻,櫻,桜,FALSE,新規・辞書検索系・基底熟語,漢字/熟語検索サイト・漢検系確認候補,,FALSE,https://kokugo.jitenon.jp/kanji/%E6%AB%BB/contain/ / https://kakijun.com/kanji/kotoba/6afb.html,先行の告示PDF由来リストとは別枠。語単位最長一致でのみ実行し、一字置換は禁止。,旧字体・新字体の一字対応で処理可能なため、熟語単位ルールから除外,旧字体一字対応テーブル側で管理
桜色,櫻色,櫻,桜,FALSE,新規・辞書検索系・基底熟語,漢字/熟語検索サイト・漢検系確認候補,,FALSE,https://kokugo.jitenon.jp/kanji/%E6%AB%BB/contain/ / https://kakijun.com/kanji/kotoba/6afb.html,先行の告示PDF由来リストとは別枠。語単位最長一致でのみ実行し、一字置換は禁止。,旧字体・新字体の一字対応で処理可能なため、熟語単位ルールから除外,旧字体一字対応テーブル側で管理
桜貝,櫻貝,櫻,桜,FALSE,新規・辞書検索系・基底熟語,漢字/熟語検索サイト・漢検系確認候補,,FALSE,https://kokugo.jitenon.jp/kanji/%E6%AB%BB/contain/ / https://kakijun.com/kanji/kotoba/6afb.html,先行の告示PDF由来リストとは別枠。語単位最長一致でのみ実行し、一字置換は禁止。,旧字体・新字体の一字対応で処理可能なため、熟語単位ルールから除外,旧字体一字対応テーブル側で管理
桜餅,櫻餅,櫻,桜,FALSE,新規・辞書検索系・基底熟語,漢字/熟語検索サイト・漢検系確認候補,,FALSE,https://kokugo.jitenon.jp/kanji/%E6%AB%BB/contain/ / https://kakijun.com/kanji/kotoba/6afb.html,先行の告示PDF由来リストとは別枠。語単位最長一致でのみ実行し、一字置換は禁止。,旧字体・新字体の一字対応で処理可能なため、熟語単位ルールから除外,旧字体一字対応テーブル側で管理
桜島,櫻島,櫻,桜,FALSE,新規・辞書検索系・基底熟語,漢字/熟語検索サイト・漢検系確認候補,固有名詞・姓地名注意,FALSE,https://kokugo.jitenon.jp/kanji/%E6%AB%BB/contain/ / https://kakijun.com/kanji/kotoba/6afb.html,先行の告示PDF由来リストとは別枠。語単位最長一致でのみ実行し、一字置換は禁止。,旧字体・新字体の一字対応で処理可能なため、熟語単位ルールから除外,旧字体一字対応テーブル側で管理
沢山,澤山,澤,沢,FALSE,新規・辞書検索系・基底熟語,漢字/熟語検索サイト・漢検系確認候補,固有名詞・姓地名注意,FALSE,https://kokugo.jitenon.jp/kanji/%E6%BE%A4/contain/ / https://kakijun.com/kanji/kotoba/6fa4.html,先行の告示PDF由来リストとは別枠。語単位最長一致でのみ実行し、一字置換は禁止。,旧字体・新字体の一字対応で処理可能なため、熟語単位ルールから除外,旧字体一字対応テーブル側で管理
光沢,光澤,澤,沢,FALSE,新規・辞書検索系・基底熟語,漢字/熟語検索サイト・漢検系確認候補,固有名詞・姓地名注意,FALSE,https://kokugo.jitenon.jp/kanji/%E6%BE%A4/contain/ / https://kakijun.com/kanji/kotoba/6fa4.html,先行の告示PDF由来リストとは別枠。語単位最長一致でのみ実行し、一字置換は禁止。,旧字体・新字体の一字対応で処理可能なため、熟語単位ルールから除外,旧字体一字対応テーブル側で管理
潤沢,潤澤,澤,沢,FALSE,新規・辞書検索系・基底熟語,漢字/熟語検索サイト・漢検系確認候補,固有名詞・姓地名注意,FALSE,https://kokugo.jitenon.jp/kanji/%E6%BE%A4/contain/ / https://kakijun.com/kanji/kotoba/6fa4.html,先行の告示PDF由来リストとは別枠。語単位最長一致でのみ実行し、一字置換は禁止。,旧字体・新字体の一字対応で処理可能なため、熟語単位ルールから除外,旧字体一字対応テーブル側で管理
沢庵,澤庵,澤,沢,FALSE,新規・辞書検索系・基底熟語,漢字/熟語検索サイト・漢検系確認候補,固有名詞・姓地名注意,FALSE,https://kokugo.jitenon.jp/kanji/%E6%BE%A4/contain/ / https://kakijun.com/kanji/kotoba/6fa4.html,先行の告示PDF由来リストとは別枠。語単位最長一致でのみ実行し、一字置換は禁止。,旧字体・新字体の一字対応で処理可能なため、熟語単位ルールから除外,旧字体一字対応テーブル側で管理
沢蟹,澤蟹,澤,沢,FALSE,新規・辞書検索系・基底熟語,漢字/熟語検索サイト・漢検系確認候補,固有名詞・姓地名注意,FALSE,https://kokugo.jitenon.jp/kanji/%E6%BE%A4/contain/ / https://kakijun.com/kanji/kotoba/6fa4.html,先行の告示PDF由来リストとは別枠。語単位最長一致でのみ実行し、一字置換は禁止。,旧字体・新字体の一字対応で処理可能なため、熟語単位ルールから除外,旧字体一字対応テーブル側で管理
沼沢,沼澤,澤,沢,FALSE,新規・辞書検索系・基底熟語,漢字/熟語検索サイト・漢検系確認候補,固有名詞・姓地名注意,FALSE,https://kokugo.jitenon.jp/kanji/%E6%BE%A4/contain/ / https://kakijun.com/kanji/kotoba/6fa4.html,先行の告示PDF由来リストとは別枠。語単位最長一致でのみ実行し、一字置換は禁止。,旧字体・新字体の一字対応で処理可能なため、熟語単位ルールから除外,旧字体一字対応テーブル側で管理
沢辺,澤邊,澤,沢,FALSE,新規・辞書検索系・基底熟語,漢字/熟語検索サイト・漢検系確認候補,固有名詞・姓地名注意,FALSE,https://kokugo.jitenon.jp/kanji/%E6%BE%A4/contain/ / https://kakijun.com/kanji/kotoba/6fa4.html,先行の告示PDF由来リストとは別枠。語単位最長一致でのみ実行し、一字置換は禁止。,旧字体・新字体の一字対応で処理可能なため、熟語単位ルールから除外,旧字体一字対応テーブル側で管理
金沢,金澤,澤,沢,FALSE,新規・辞書検索系・基底熟語,漢字/熟語検索サイト・漢検系確認候補,固有名詞・姓地名注意,FALSE,https://kokugo.jitenon.jp/kanji/%E6%BE%A4/contain/ / https://kakijun.com/kanji/kotoba/6fa4.html,先行の告示PDF由来リストとは別枠。語単位最長一致でのみ実行し、一字置換は禁止。,旧字体・新字体の一字対応で処理可能なため、熟語単位ルールから除外,旧字体一字対応テーブル側で管理
藤沢,藤澤,澤,沢,FALSE,新規・辞書検索系・基底熟語,漢字/熟語検索サイト・漢検系確認候補,固有名詞・姓地名注意,FALSE,https://kokugo.jitenon.jp/kanji/%E6%BE%A4/contain/ / https://kakijun.com/kanji/kotoba/6fa4.html,先行の告示PDF由来リストとは別枠。語単位最長一致でのみ実行し、一字置換は禁止。,旧字体・新字体の一字対応で処理可能なため、熟語単位ルールから除外,旧字体一字対応テーブル側で管理
黒沢,黒澤,澤,沢,FALSE,新規・辞書検索系・基底熟語,漢字/熟語検索サイト・漢検系確認候補,固有名詞・姓地名注意,FALSE,https://kokugo.jitenon.jp/kanji/%E6%BE%A4/contain/ / https://kakijun.com/kanji/kotoba/6fa4.html,先行の告示PDF由来リストとは別枠。語単位最長一致でのみ実行し、一字置換は禁止。,旧字体・新字体の一字対応で処理可能なため、熟語単位ルールから除外,旧字体一字対応テーブル側で管理
深沢,深澤,澤,沢,FALSE,新規・辞書検索系・基底熟語,漢字/熟語検索サイト・漢検系確認候補,固有名詞・姓地名注意,FALSE,https://kokugo.jitenon.jp/kanji/%E6%BE%A4/contain/ / https://kakijun.com/kanji/kotoba/6fa4.html,先行の告示PDF由来リストとは別枠。語単位最長一致でのみ実行し、一字置換は禁止。,旧字体・新字体の一字対応で処理可能なため、熟語単位ルールから除外,旧字体一字対応テーブル側で管理
浜辺,濱邊,濱,浜,FALSE,新規・辞書検索系・基底熟語,漢字/熟語検索サイト・漢検系確認候補,固有名詞・姓地名注意,FALSE,https://kokugo.jitenon.jp/kanji/%E6%BF%B1/contain/ / https://kakijun.com/kanji/kotoba/6ff1.html,先行の告示PDF由来リストとは別枠。語単位最長一致でのみ実行し、一字置換は禁止。,旧字体・新字体の一字対応で処理可能なため、熟語単位ルールから除外,旧字体一字対応テーブル側で管理
浜松,濱松,濱,浜,FALSE,新規・辞書検索系・基底熟語,漢字/熟語検索サイト・漢検系確認候補,固有名詞・姓地名注意,FALSE,https://kokugo.jitenon.jp/kanji/%E6%BF%B1/contain/ / https://kakijun.com/kanji/kotoba/6ff1.html,先行の告示PDF由来リストとは別枠。語単位最長一致でのみ実行し、一字置換は禁止。,旧字体・新字体の一字対応で処理可能なため、熟語単位ルールから除外,旧字体一字対応テーブル側で管理
海浜,海濱,濱,浜,FALSE,新規・辞書検索系・基底熟語,漢字/熟語検索サイト・漢検系確認候補,固有名詞・姓地名注意,FALSE,https://kokugo.jitenon.jp/kanji/%E6%BF%B1/contain/ / https://kakijun.com/kanji/kotoba/6ff1.html,先行の告示PDF由来リストとは別枠。語単位最長一致でのみ実行し、一字置換は禁止。,旧字体・新字体の一字対応で処理可能なため、熟語単位ルールから除外,旧字体一字対応テーブル側で管理
浜風,濱風,濱,浜,FALSE,新規・辞書検索系・基底熟語,漢字/熟語検索サイト・漢検系確認候補,固有名詞・姓地名注意,FALSE,https://kokugo.jitenon.jp/kanji/%E6%BF%B1/contain/ / https://kakijun.com/kanji/kotoba/6ff1.html,先行の告示PDF由来リストとは別枠。語単位最長一致でのみ実行し、一字置換は禁止。,旧字体・新字体の一字対応で処理可能なため、熟語単位ルールから除外,旧字体一字対応テーブル側で管理
浜町,濱町,濱,浜,FALSE,新規・辞書検索系・基底熟語,漢字/熟語検索サイト・漢検系確認候補,固有名詞・姓地名注意,FALSE,https://kokugo.jitenon.jp/kanji/%E6%BF%B1/contain/ / https://kakijun.com/kanji/kotoba/6ff1.html,先行の告示PDF由来リストとは別枠。語単位最長一致でのみ実行し、一字置換は禁止。,旧字体・新字体の一字対応で処理可能なため、熟語単位ルールから除外,旧字体一字対応テーブル側で管理
浜田,濱田,濱,浜,FALSE,新規・辞書検索系・基底熟語,漢字/熟語検索サイト・漢検系確認候補,固有名詞・姓地名注意,FALSE,https://kokugo.jitenon.jp/kanji/%E6%BF%B1/contain/ / https://kakijun.com/kanji/kotoba/6ff1.html,先行の告示PDF由来リストとは別枠。語単位最長一致でのみ実行し、一字置換は禁止。,旧字体・新字体の一字対応で処理可能なため、熟語単位ルールから除外,旧字体一字対応テーブル側で管理
横浜,横濱,濱,浜,FALSE,新規・辞書検索系・基底熟語,漢字/熟語検索サイト・漢検系確認候補,固有名詞・姓地名注意,FALSE,https://kokugo.jitenon.jp/kanji/%E6%BF%B1/contain/ / https://kakijun.com/kanji/kotoba/6ff1.html,先行の告示PDF由来リストとは別枠。語単位最長一致でのみ実行し、一字置換は禁止。,旧字体・新字体の一字対応で処理可能なため、熟語単位ルールから除外,旧字体一字対応テーブル側で管理
浜名湖,濱名湖,濱,浜,FALSE,新規・辞書検索系・基底熟語,漢字/熟語検索サイト・漢検系確認候補,固有名詞・姓地名注意,FALSE,https://kokugo.jitenon.jp/kanji/%E6%BF%B1/contain/ / https://kakijun.com/kanji/kotoba/6ff1.html,先行の告示PDF由来リストとは別枠。語単位最長一致でのみ実行し、一字置換は禁止。,旧字体・新字体の一字対応で処理可能なため、熟語単位ルールから除外,旧字体一字対応テーブル側で管理
浜砂,濱砂,濱,浜,FALSE,新規・辞書検索系・基底熟語,漢字/熟語検索サイト・漢検系確認候補,固有名詞・姓地名注意,FALSE,https://kokugo.jitenon.jp/kanji/%E6%BF%B1/contain/ / https://kakijun.com/kanji/kotoba/6ff1.html,先行の告示PDF由来リストとは別枠。語単位最長一致でのみ実行し、一字置換は禁止。,旧字体・新字体の一字対応で処理可能なため、熟語単位ルールから除外,旧字体一字対応テーブル側で管理
白浜,白濱,濱,浜,FALSE,新規・辞書検索系・基底熟語,漢字/熟語検索サイト・漢検系確認候補,固有名詞・姓地名注意,FALSE,https://kokugo.jitenon.jp/kanji/%E6%BF%B1/contain/ / https://kakijun.com/kanji/kotoba/6ff1.html,先行の告示PDF由来リストとは別枠。語単位最長一致でのみ実行し、一字置換は禁止。,旧字体・新字体の一字対応で処理可能なため、熟語単位ルールから除外,旧字体一字対応テーブル側で管理
周辺,周邊,邊,辺,FALSE,新規・辞書検索系・基底熟語,漢字/熟語検索サイト・漢検系確認候補,固有名詞・姓地名注意,FALSE,https://kokugo.jitenon.jp/kanji/%E9%82%8A/contain/ / https://kakijun.com/kanji/kotoba/908a.html,先行の告示PDF由来リストとは別枠。語単位最長一致でのみ実行し、一字置換は禁止。,旧字体・新字体の一字対応で処理可能なため、熟語単位ルールから除外,旧字体一字対応テーブル側で管理
辺境,邊境,邊,辺,FALSE,新規・辞書検索系・基底熟語,漢字/熟語検索サイト・漢検系確認候補,固有名詞・姓地名注意,FALSE,https://kokugo.jitenon.jp/kanji/%E9%82%8A/contain/ / https://kakijun.com/kanji/kotoba/908a.html,先行の告示PDF由来リストとは別枠。語単位最長一致でのみ実行し、一字置換は禁止。,旧字体・新字体の一字対応で処理可能なため、熟語単位ルールから除外,旧字体一字対応テーブル側で管理
辺鄙,邊鄙,邊,辺,FALSE,新規・辞書検索系・基底熟語,漢字/熟語検索サイト・漢検系確認候補,固有名詞・姓地名注意,FALSE,https://kokugo.jitenon.jp/kanji/%E9%82%8A/contain/ / https://kakijun.com/kanji/kotoba/908a.html,先行の告示PDF由来リストとは別枠。語単位最長一致でのみ実行し、一字置換は禁止。,旧字体・新字体の一字対応で処理可能なため、熟語単位ルールから除外,旧字体一字対応テーブル側で管理
海辺,海邊,邊,辺,FALSE,新規・辞書検索系・基底熟語,漢字/熟語検索サイト・漢検系確認候補,固有名詞・姓地名注意,FALSE,https://kokugo.jitenon.jp/kanji/%E9%82%8A/contain/ / https://kakijun.com/kanji/kotoba/908a.html,先行の告示PDF由来リストとは別枠。語単位最長一致でのみ実行し、一字置換は禁止。,旧字体・新字体の一字対応で処理可能なため、熟語単位ルールから除外,旧字体一字対応テーブル側で管理
身辺,身邊,邊,辺,FALSE,新規・辞書検索系・基底熟語,漢字/熟語検索サイト・漢検系確認候補,固有名詞・姓地名注意,FALSE,https://kokugo.jitenon.jp/kanji/%E9%82%8A/contain/ / https://kakijun.com/kanji/kotoba/908a.html,先行の告示PDF由来リストとは別枠。語単位最長一致でのみ実行し、一字置換は禁止。,旧字体・新字体の一字対応で処理可能なため、熟語単位ルールから除外,旧字体一字対応テーブル側で管理
辺際,邊際,邊,辺,FALSE,新規・辞書検索系・基底熟語,漢字/熟語検索サイト・漢検系確認候補,固有名詞・姓地名注意,FALSE,https://kokugo.jitenon.jp/kanji/%E9%82%8A/contain/ / https://kakijun.com/kanji/kotoba/908a.html,先行の告示PDF由来リストとは別枠。語単位最長一致でのみ実行し、一字置換は禁止。,旧字体・新字体の一字対応で処理可能なため、熟語単位ルールから除外,旧字体一字対応テーブル側で管理
渡辺,渡邊,邊,辺,FALSE,新規・辞書検索系・基底熟語,漢字/熟語検索サイト・漢検系確認候補,固有名詞・姓地名注意,FALSE,https://kokugo.jitenon.jp/kanji/%E9%82%8A/contain/ / https://kakijun.com/kanji/kotoba/908a.html,先行の告示PDF由来リストとは別枠。語単位最長一致でのみ実行し、一字置換は禁止。,旧字体・新字体の一字対応で処理可能なため、熟語単位ルールから除外,旧字体一字対応テーブル側で管理
田辺,田邊,邊,辺,FALSE,新規・辞書検索系・基底熟語,漢字/熟語検索サイト・漢検系確認候補,固有名詞・姓地名注意,FALSE,https://kokugo.jitenon.jp/kanji/%E9%82%8A/contain/ / https://kakijun.com/kanji/kotoba/908a.html,先行の告示PDF由来リストとは別枠。語単位最長一致でのみ実行し、一字置換は禁止。,旧字体・新字体の一字対応で処理可能なため、熟語単位ルールから除外,旧字体一字対応テーブル側で管理
川辺,川邊,邊,辺,FALSE,新規・辞書検索系・基底熟語,漢字/熟語検索サイト・漢検系確認候補,固有名詞・姓地名注意,FALSE,https://kokugo.jitenon.jp/kanji/%E9%82%8A/contain/ / https://kakijun.com/kanji/kotoba/908a.html,先行の告示PDF由来リストとは別枠。語単位最長一致でのみ実行し、一字置換は禁止。,旧字体・新字体の一字対応で処理可能なため、熟語単位ルールから除外,旧字体一字対応テーブル側で管理
辺地,邊地,邊,辺,FALSE,新規・辞書検索系・基底熟語,漢字/熟語検索サイト・漢検系確認候補,固有名詞・姓地名注意,FALSE,https://kokugo.jitenon.jp/kanji/%E9%82%8A/contain/ / https://kakijun.com/kanji/kotoba/908a.html,先行の告示PDF由来リストとは別枠。語単位最長一致でのみ実行し、一字置換は禁止。,旧字体・新字体の一字対応で処理可能なため、熟語単位ルールから除外,旧字体一字対応テーブル側で管理
県庁,縣廳,縣,県,FALSE,新規・辞書検索系・基底熟語,漢字/熟語検索サイト・漢検系確認候補,,FALSE,https://kokugo.jitenon.jp/kanji/%E7%B8%A3/contain/ / https://kakijun.com/kanji/kotoba/7e23.html,先行の告示PDF由来リストとは別枠。語単位最長一致でのみ実行し、一字置換は禁止。,旧字体・新字体の一字対応で処理可能なため、熟語単位ルールから除外,旧字体一字対応テーブル側で管理
県民,縣民,縣,県,FALSE,新規・辞書検索系・基底熟語,漢字/熟語検索サイト・漢検系確認候補,,FALSE,https://kokugo.jitenon.jp/kanji/%E7%B8%A3/contain/ / https://kakijun.com/kanji/kotoba/7e23.html,先行の告示PDF由来リストとは別枠。語単位最長一致でのみ実行し、一字置換は禁止。,旧字体・新字体の一字対応で処理可能なため、熟語単位ルールから除外,旧字体一字対応テーブル側で管理
県立,縣立,縣,県,FALSE,新規・辞書検索系・基底熟語,漢字/熟語検索サイト・漢検系確認候補,,FALSE,https://kokugo.jitenon.jp/kanji/%E7%B8%A3/contain/ / https://kakijun.com/kanji/kotoba/7e23.html,先行の告示PDF由来リストとは別枠。語単位最長一致でのみ実行し、一字置換は禁止。,旧字体・新字体の一字対応で処理可能なため、熟語単位ルールから除外,旧字体一字対応テーブル側で管理
県政,縣政,縣,県,FALSE,新規・辞書検索系・基底熟語,漢字/熟語検索サイト・漢検系確認候補,,FALSE,https://kokugo.jitenon.jp/kanji/%E7%B8%A3/contain/ / https://kakijun.com/kanji/kotoba/7e23.html,先行の告示PDF由来リストとは別枠。語単位最長一致でのみ実行し、一字置換は禁止。,旧字体・新字体の一字対応で処理可能なため、熟語単位ルールから除外,旧字体一字対応テーブル側で管理
県道,縣道,縣,県,FALSE,新規・辞書検索系・基底熟語,漢字/熟語検索サイト・漢検系確認候補,,FALSE,https://kokugo.jitenon.jp/kanji/%E7%B8%A3/contain/ / https://kakijun.com/kanji/kotoba/7e23.html,先行の告示PDF由来リストとは別枠。語単位最長一致でのみ実行し、一字置換は禁止。,旧字体・新字体の一字対応で処理可能なため、熟語単位ルールから除外,旧字体一字対応テーブル側で管理
県警,縣警,縣,県,FALSE,新規・辞書検索系・基底熟語,漢字/熟語検索サイト・漢検系確認候補,,FALSE,https://kokugo.jitenon.jp/kanji/%E7%B8%A3/contain/ / https://kakijun.com/kanji/kotoba/7e23.html,先行の告示PDF由来リストとは別枠。語単位最長一致でのみ実行し、一字置換は禁止。,旧字体・新字体の一字対応で処理可能なため、熟語単位ルールから除外,旧字体一字対応テーブル側で管理
府県,府縣,縣,県,FALSE,新規・辞書検索系・基底熟語,漢字/熟語検索サイト・漢検系確認候補,,FALSE,https://kokugo.jitenon.jp/kanji/%E7%B8%A3/contain/ / https://kakijun.com/kanji/kotoba/7e23.html,先行の告示PDF由来リストとは別枠。語単位最長一致でのみ実行し、一字置換は禁止。,旧字体・新字体の一字対応で処理可能なため、熟語単位ルールから除外,旧字体一字対応テーブル側で管理
県境,縣境,縣,県,FALSE,新規・辞書検索系・基底熟語,漢字/熟語検索サイト・漢検系確認候補,,FALSE,https://kokugo.jitenon.jp/kanji/%E7%B8%A3/contain/ / https://kakijun.com/kanji/kotoba/7e23.html,先行の告示PDF由来リストとは別枠。語単位最長一致でのみ実行し、一字置換は禁止。,旧字体・新字体の一字対応で処理可能なため、熟語単位ルールから除外,旧字体一字対応テーブル側で管理
県内,縣内,縣,県,FALSE,新規・辞書検索系・基底熟語,漢字/熟語検索サイト・漢検系確認候補,,FALSE,https://kokugo.jitenon.jp/kanji/%E7%B8%A3/contain/ / https://kakijun.com/kanji/kotoba/7e23.html,先行の告示PDF由来リストとは別枠。語単位最長一致でのみ実行し、一字置換は禁止。,旧字体・新字体の一字対応で処理可能なため、熟語単位ルールから除外,旧字体一字対応テーブル側で管理
県外,縣外,縣,県,FALSE,新規・辞書検索系・基底熟語,漢字/熟語検索サイト・漢検系確認候補,,FALSE,https://kokugo.jitenon.jp/kanji/%E7%B8%A3/contain/ / https://kakijun.com/kanji/kotoba/7e23.html,先行の告示PDF由来リストとは別枠。語単位最長一致でのみ実行し、一字置換は禁止。,旧字体・新字体の一字対応で処理可能なため、熟語単位ルールから除外,旧字体一字対応テーブル側で管理
県知事,縣知事,縣,県,FALSE,新規・辞書検索系・基底熟語,漢字/熟語検索サイト・漢検系確認候補,,FALSE,https://kokugo.jitenon.jp/kanji/%E7%B8%A3/contain/ / https://kakijun.com/kanji/kotoba/7e23.html,先行の告示PDF由来リストとは別枠。語単位最長一致でのみ実行し、一字置換は禁止。,旧字体・新字体の一字対応で処理可能なため、熟語単位ルールから除外,旧字体一字対応テーブル側で管理
官庁,官廳,廳,庁,FALSE,新規・辞書検索系・基底熟語,漢字/熟語検索サイト・漢検系確認候補,,FALSE,https://kokugo.jitenon.jp/kanji/%E5%BB%B3/contain/ / https://kakijun.com/kanji/kotoba/5ef3.html,先行の告示PDF由来リストとは別枠。語単位最長一致でのみ実行し、一字置換は禁止。,旧字体・新字体の一字対応で処理可能なため、熟語単位ルールから除外,旧字体一字対応テーブル側で管理
都庁,都廳,廳,庁,FALSE,新規・辞書検索系・基底熟語,漢字/熟語検索サイト・漢検系確認候補,,FALSE,https://kokugo.jitenon.jp/kanji/%E5%BB%B3/contain/ / https://kakijun.com/kanji/kotoba/5ef3.html,先行の告示PDF由来リストとは別枠。語単位最長一致でのみ実行し、一字置換は禁止。,旧字体・新字体の一字対応で処理可能なため、熟語単位ルールから除外,旧字体一字対応テーブル側で管理
省庁,省廳,廳,庁,FALSE,新規・辞書検索系・基底熟語,漢字/熟語検索サイト・漢検系確認候補,,FALSE,https://kokugo.jitenon.jp/kanji/%E5%BB%B3/contain/ / https://kakijun.com/kanji/kotoba/5ef3.html,先行の告示PDF由来リストとは別枠。語単位最長一致でのみ実行し、一字置換は禁止。,旧字体・新字体の一字対応で処理可能なため、熟語単位ルールから除外,旧字体一字対応テーブル側で管理
警察庁,警察廳,廳,庁,FALSE,新規・辞書検索系・基底熟語,漢字/熟語検索サイト・漢検系確認候補,,FALSE,https://kokugo.jitenon.jp/kanji/%E5%BB%B3/contain/ / https://kakijun.com/kanji/kotoba/5ef3.html,先行の告示PDF由来リストとは別枠。語単位最長一致でのみ実行し、一字置換は禁止。,旧字体・新字体の一字対応で処理可能なため、熟語単位ルールから除外,旧字体一字対応テーブル側で管理
庁舎,廳舍,廳,庁,FALSE,新規・辞書検索系・基底熟語,漢字/熟語検索サイト・漢検系確認候補,,FALSE,https://kokugo.jitenon.jp/kanji/%E5%BB%B3/contain/ / https://kakijun.com/kanji/kotoba/5ef3.html,先行の告示PDF由来リストとは別枠。語単位最長一致でのみ実行し、一字置換は禁止。,旧字体・新字体の一字対応で処理可能なため、熟語単位ルールから除外,旧字体一字対応テーブル側で管理
庁内,廳内,廳,庁,FALSE,新規・辞書検索系・基底熟語,漢字/熟語検索サイト・漢検系確認候補,,FALSE,https://kokugo.jitenon.jp/kanji/%E5%BB%B3/contain/ / https://kakijun.com/kanji/kotoba/5ef3.html,先行の告示PDF由来リストとは別枠。語単位最長一致でのみ実行し、一字置換は禁止。,旧字体・新字体の一字対応で処理可能なため、熟語単位ルールから除外,旧字体一字対応テーブル側で管理
文化庁,文化廳,廳,庁,FALSE,新規・辞書検索系・基底熟語,漢字/熟語検索サイト・漢検系確認候補,,FALSE,https://kokugo.jitenon.jp/kanji/%E5%BB%B3/contain/ / https://kakijun.com/kanji/kotoba/5ef3.html,先行の告示PDF由来リストとは別枠。語単位最長一致でのみ実行し、一字置換は禁止。,旧字体・新字体の一字対応で処理可能なため、熟語単位ルールから除外,旧字体一字対応テーブル側で管理
番号,番號,號,号,FALSE,新規・辞書検索系・基底熟語,漢字/熟語検索サイト・漢検系確認候補,,FALSE,https://kokugo.jitenon.jp/kanji/%E8%99%9F/contain/ / https://kakijun.com/kanji/kotoba/865f.html,先行の告示PDF由来リストとは別枠。語単位最長一致でのみ実行し、一字置換は禁止。,旧字体・新字体の一字対応で処理可能なため、熟語単位ルールから除外,旧字体一字対応テーブル側で管理
記号,記號,號,号,FALSE,新規・辞書検索系・基底熟語,漢字/熟語検索サイト・漢検系確認候補,,FALSE,https://kokugo.jitenon.jp/kanji/%E8%99%9F/contain/ / https://kakijun.com/kanji/kotoba/865f.html,先行の告示PDF由来リストとは別枠。語単位最長一致でのみ実行し、一字置換は禁止。,旧字体・新字体の一字対応で処理可能なため、熟語単位ルールから除外,旧字体一字対応テーブル側で管理
符号,符號,號,号,FALSE,新規・辞書検索系・基底熟語,漢字/熟語検索サイト・漢検系確認候補,,FALSE,https://kokugo.jitenon.jp/kanji/%E8%99%9F/contain/ / https://kakijun.com/kanji/kotoba/865f.html,先行の告示PDF由来リストとは別枠。語単位最長一致でのみ実行し、一字置換は禁止。,旧字体・新字体の一字対応で処理可能なため、熟語単位ルールから除外,旧字体一字対応テーブル側で管理
信号,信號,號,号,FALSE,新規・辞書検索系・基底熟語,漢字/熟語検索サイト・漢検系確認候補,,FALSE,https://kokugo.jitenon.jp/kanji/%E8%99%9F/contain/ / https://kakijun.com/kanji/kotoba/865f.html,先行の告示PDF由来リストとは別枠。語単位最長一致でのみ実行し、一字置換は禁止。,旧字体・新字体の一字対応で処理可能なため、熟語単位ルールから除外,旧字体一字対応テーブル側で管理
号令,號令,號,号,FALSE,新規・辞書検索系・基底熟語,漢字/熟語検索サイト・漢検系確認候補,,FALSE,https://kokugo.jitenon.jp/kanji/%E8%99%9F/contain/ / https://kakijun.com/kanji/kotoba/865f.html,先行の告示PDF由来リストとは別枠。語単位最長一致でのみ実行し、一字置換は禁止。,旧字体・新字体の一字対応で処理可能なため、熟語単位ルールから除外,旧字体一字対応テーブル側で管理
号外,號外,號,号,FALSE,新規・辞書検索系・基底熟語,漢字/熟語検索サイト・漢検系確認候補,,FALSE,https://kokugo.jitenon.jp/kanji/%E8%99%9F/contain/ / https://kakijun.com/kanji/kotoba/865f.html,先行の告示PDF由来リストとは別枠。語単位最長一致でのみ実行し、一字置換は禁止。,旧字体・新字体の一字対応で処理可能なため、熟語単位ルールから除外,旧字体一字対応テーブル側で管理
年号,年號,號,号,FALSE,新規・辞書検索系・基底熟語,漢字/熟語検索サイト・漢検系確認候補,,FALSE,https://kokugo.jitenon.jp/kanji/%E8%99%9F/contain/ / https://kakijun.com/kanji/kotoba/865f.html,先行の告示PDF由来リストとは別枠。語単位最長一致でのみ実行し、一字置換は禁止。,旧字体・新字体の一字対応で処理可能なため、熟語単位ルールから除外,旧字体一字対応テーブル側で管理
雅号,雅號,號,号,FALSE,新規・辞書検索系・基底熟語,漢字/熟語検索サイト・漢検系確認候補,,FALSE,https://kokugo.jitenon.jp/kanji/%E8%99%9F/contain/ / https://kakijun.com/kanji/kotoba/865f.html,先行の告示PDF由来リストとは別枠。語単位最長一致でのみ実行し、一字置換は禁止。,旧字体・新字体の一字対応で処理可能なため、熟語単位ルールから除外,旧字体一字対応テーブル側で管理
国号,國號,號,号,FALSE,新規・辞書検索系・基底熟語,漢字/熟語検索サイト・漢検系確認候補,,FALSE,https://kokugo.jitenon.jp/kanji/%E8%99%9F/contain/ / https://kakijun.com/kanji/kotoba/865f.html,先行の告示PDF由来リストとは別枠。語単位最長一致でのみ実行し、一字置換は禁止。,旧字体・新字体の一字対応で処理可能なため、熟語単位ルールから除外,旧字体一字対応テーブル側で管理
称号,稱號,號,号,FALSE,新規・辞書検索系・基底熟語,漢字/熟語検索サイト・漢検系確認候補,,FALSE,https://kokugo.jitenon.jp/kanji/%E8%99%9F/contain/ / https://kakijun.com/kanji/kotoba/865f.html,先行の告示PDF由来リストとは別枠。語単位最長一致でのみ実行し、一字置換は禁止。,旧字体・新字体の一字対応で処理可能なため、熟語単位ルールから除外,旧字体一字対応テーブル側で管理
商号,商號,號,号,FALSE,新規・辞書検索系・基底熟語,漢字/熟語検索サイト・漢検系確認候補,,FALSE,https://kokugo.jitenon.jp/kanji/%E8%99%9F/contain/ / https://kakijun.com/kanji/kotoba/865f.html,先行の告示PDF由来リストとは別枠。語単位最長一致でのみ実行し、一字置換は禁止。,旧字体・新字体の一字対応で処理可能なため、熟語単位ルールから除外,旧字体一字対応テーブル側で管理
焼肉,燒肉,燒,焼,FALSE,新規・辞書検索系・基底熟語,漢字/熟語検索サイト・漢検系確認候補,,FALSE,https://kokugo.jitenon.jp/kanji/%E7%87%92/contain/ / https://kakijun.com/kanji/kotoba/71d2.html,先行の告示PDF由来リストとは別枠。語単位最長一致でのみ実行し、一字置換は禁止。,旧字体・新字体の一字対応で処理可能なため、熟語単位ルールから除外,旧字体一字対応テーブル側で管理
焼酎,燒酎,燒,焼,FALSE,新規・辞書検索系・基底熟語,漢字/熟語検索サイト・漢検系確認候補,,FALSE,https://kokugo.jitenon.jp/kanji/%E7%87%92/contain/ / https://kakijun.com/kanji/kotoba/71d2.html,先行の告示PDF由来リストとは別枠。語単位最長一致でのみ実行し、一字置換は禁止。,旧字体・新字体の一字対応で処理可能なため、熟語単位ルールから除外,旧字体一字対応テーブル側で管理
焼魚,燒魚,燒,焼,FALSE,新規・辞書検索系・基底熟語,漢字/熟語検索サイト・漢検系確認候補,,FALSE,https://kokugo.jitenon.jp/kanji/%E7%87%92/contain/ / https://kakijun.com/kanji/kotoba/71d2.html,先行の告示PDF由来リストとは別枠。語単位最長一致でのみ実行し、一字置換は禁止。,旧字体・新字体の一字対応で処理可能なため、熟語単位ルールから除外,旧字体一字対応テーブル側で管理
焼鳥,燒鳥,燒,焼,FALSE,新規・辞書検索系・基底熟語,漢字/熟語検索サイト・漢検系確認候補,,FALSE,https://kokugo.jitenon.jp/kanji/%E7%87%92/contain/ / https://kakijun.com/kanji/kotoba/71d2.html,先行の告示PDF由来リストとは別枠。語単位最長一致でのみ実行し、一字置換は禁止。,旧字体・新字体の一字対応で処理可能なため、熟語単位ルールから除外,旧字体一字対応テーブル側で管理
延焼,延燒,燒,焼,FALSE,新規・辞書検索系・基底熟語,漢字/熟語検索サイト・漢検系確認候補,,FALSE,https://kokugo.jitenon.jp/kanji/%E7%87%92/contain/ / https://kakijun.com/kanji/kotoba/71d2.html,先行の告示PDF由来リストとは別枠。語単位最長一致でのみ実行し、一字置換は禁止。,旧字体・新字体の一字対応で処理可能なため、熟語単位ルールから除外,旧字体一字対応テーブル側で管理
全焼,全燒,燒,焼,FALSE,新規・辞書検索系・基底熟語,漢字/熟語検索サイト・漢検系確認候補,,FALSE,https://kokugo.jitenon.jp/kanji/%E7%87%92/contain/ / https://kakijun.com/kanji/kotoba/71d2.html,先行の告示PDF由来リストとは別枠。語単位最長一致でのみ実行し、一字置換は禁止。,旧字体・新字体の一字対応で処理可能なため、熟語単位ルールから除外,旧字体一字対応テーブル側で管理
焼却,燒却,燒,焼,FALSE,新規・辞書検索系・基底熟語,漢字/熟語検索サイト・漢検系確認候補,,FALSE,https://kokugo.jitenon.jp/kanji/%E7%87%92/contain/ / https://kakijun.com/kanji/kotoba/71d2.html,先行の告示PDF由来リストとは別枠。語単位最長一致でのみ実行し、一字置換は禁止。,旧字体・新字体の一字対応で処理可能なため、熟語単位ルールから除外,旧字体一字対応テーブル側で管理
焼失,燒失,燒,焼,FALSE,新規・辞書検索系・基底熟語,漢字/熟語検索サイト・漢検系確認候補,,FALSE,https://kokugo.jitenon.jp/kanji/%E7%87%92/contain/ / https://kakijun.com/kanji/kotoba/71d2.html,先行の告示PDF由来リストとは別枠。語単位最長一致でのみ実行し、一字置換は禁止。,旧字体・新字体の一字対応で処理可能なため、熟語単位ルールから除外,旧字体一字対応テーブル側で管理
燃焼,燃燒,燒,焼,FALSE,新規・辞書検索系・基底熟語,漢字/熟語検索サイト・漢検系確認候補,,FALSE,https://kokugo.jitenon.jp/kanji/%E7%87%92/contain/ / https://kakijun.com/kanji/kotoba/71d2.html,先行の告示PDF由来リストとは別枠。語単位最長一致でのみ実行し、一字置換は禁止。,旧字体・新字体の一字対応で処理可能なため、熟語単位ルールから除外,旧字体一字対応テーブル側で管理
半焼,半燒,燒,焼,FALSE,新規・辞書検索系・基底熟語,漢字/熟語検索サイト・漢検系確認候補,,FALSE,https://kokugo.jitenon.jp/kanji/%E7%87%92/contain/ / https://kakijun.com/kanji/kotoba/71d2.html,先行の告示PDF由来リストとは別枠。語単位最長一致でのみ実行し、一字置換は禁止。,旧字体・新字体の一字対応で処理可能なため、熟語単位ルールから除外,旧字体一字対応テーブル側で管理
夕焼,夕燒,燒,焼,FALSE,新規・辞書検索系・基底熟語,漢字/熟語検索サイト・漢検系確認候補,,FALSE,https://kokugo.jitenon.jp/kanji/%E7%87%92/contain/ / https://kakijun.com/kanji/kotoba/71d2.html,先行の告示PDF由来リストとは別枠。語単位最長一致でのみ実行し、一字置換は禁止。,旧字体・新字体の一字対応で処理可能なため、熟語単位ルールから除外,旧字体一字対応テーブル側で管理
労働,勞働,勞,労,FALSE,新規・辞書検索系・基底熟語,漢字/熟語検索サイト・漢検系確認候補,,FALSE,https://kokugo.jitenon.jp/kanji/%E5%8B%9E/contain/ / https://kakijun.com/kanji/kotoba/52de.html,先行の告示PDF由来リストとは別枠。語単位最長一致でのみ実行し、一字置換は禁止。,旧字体・新字体の一字対応で処理可能なため、熟語単位ルールから除外,旧字体一字対応テーブル側で管理
労力,勞力,勞,労,FALSE,新規・辞書検索系・基底熟語,漢字/熟語検索サイト・漢検系確認候補,,FALSE,https://kokugo.jitenon.jp/kanji/%E5%8B%9E/contain/ / https://kakijun.com/kanji/kotoba/52de.html,先行の告示PDF由来リストとは別枠。語単位最長一致でのみ実行し、一字置換は禁止。,旧字体・新字体の一字対応で処理可能なため、熟語単位ルールから除外,旧字体一字対応テーブル側で管理
労務,勞務,勞,労,FALSE,新規・辞書検索系・基底熟語,漢字/熟語検索サイト・漢検系確認候補,,FALSE,https://kokugo.jitenon.jp/kanji/%E5%8B%9E/contain/ / https://kakijun.com/kanji/kotoba/52de.html,先行の告示PDF由来リストとは別枠。語単位最長一致でのみ実行し、一字置換は禁止。,旧字体・新字体の一字対応で処理可能なため、熟語単位ルールから除外,旧字体一字対応テーブル側で管理
疲労,疲勞,勞,労,FALSE,新規・辞書検索系・基底熟語,漢字/熟語検索サイト・漢検系確認候補,,FALSE,https://kokugo.jitenon.jp/kanji/%E5%8B%9E/contain/ / https://kakijun.com/kanji/kotoba/52de.html,先行の告示PDF由来リストとは別枠。語単位最長一致でのみ実行し、一字置換は禁止。,旧字体・新字体の一字対応で処理可能なため、熟語単位ルールから除外,旧字体一字対応テーブル側で管理
過労,過勞,勞,労,FALSE,新規・辞書検索系・基底熟語,漢字/熟語検索サイト・漢検系確認候補,,FALSE,https://kokugo.jitenon.jp/kanji/%E5%8B%9E/contain/ / https://kakijun.com/kanji/kotoba/52de.html,先行の告示PDF由来リストとは別枠。語単位最長一致でのみ実行し、一字置換は禁止。,旧字体・新字体の一字対応で処理可能なため、熟語単位ルールから除外,旧字体一字対応テーブル側で管理
労災,勞災,勞,労,FALSE,新規・辞書検索系・基底熟語,漢字/熟語検索サイト・漢検系確認候補,,FALSE,https://kokugo.jitenon.jp/kanji/%E5%8B%9E/contain/ / https://kakijun.com/kanji/kotoba/52de.html,先行の告示PDF由来リストとは別枠。語単位最長一致でのみ実行し、一字置換は禁止。,旧字体・新字体の一字対応で処理可能なため、熟語単位ルールから除外,旧字体一字対応テーブル側で管理
労組,勞組,勞,労,FALSE,新規・辞書検索系・基底熟語,漢字/熟語検索サイト・漢検系確認候補,,FALSE,https://kokugo.jitenon.jp/kanji/%E5%8B%9E/contain/ / https://kakijun.com/kanji/kotoba/52de.html,先行の告示PDF由来リストとは別枠。語単位最長一致でのみ実行し、一字置換は禁止。,旧字体・新字体の一字対応で処理可能なため、熟語単位ルールから除外,旧字体一字対応テーブル側で管理
労苦,勞苦,勞,労,FALSE,新規・辞書検索系・基底熟語,漢字/熟語検索サイト・漢検系確認候補,,FALSE,https://kokugo.jitenon.jp/kanji/%E5%8B%9E/contain/ / https://kakijun.com/kanji/kotoba/52de.html,先行の告示PDF由来リストとは別枠。語単位最長一致でのみ実行し、一字置換は禁止。,旧字体・新字体の一字対応で処理可能なため、熟語単位ルールから除外,旧字体一字対応テーブル側で管理
慰労,慰勞,勞,労,FALSE,新規・辞書検索系・基底熟語,漢字/熟語検索サイト・漢検系確認候補,,FALSE,https://kokugo.jitenon.jp/kanji/%E5%8B%9E/contain/ / https://kakijun.com/kanji/kotoba/52de.html,先行の告示PDF由来リストとは別枠。語単位最長一致でのみ実行し、一字置換は禁止。,旧字体・新字体の一字対応で処理可能なため、熟語単位ルールから除外,旧字体一字対応テーブル側で管理
労賃,勞賃,勞,労,FALSE,新規・辞書検索系・基底熟語,漢字/熟語検索サイト・漢検系確認候補,,FALSE,https://kokugo.jitenon.jp/kanji/%E5%8B%9E/contain/ / https://kakijun.com/kanji/kotoba/52de.html,先行の告示PDF由来リストとは別枠。語単位最長一致でのみ実行し、一字置換は禁止。,旧字体・新字体の一字対応で処理可能なため、熟語単位ルールから除外,旧字体一字対応テーブル側で管理
勤労,勤勞,勞,労,FALSE,新規・辞書検索系・基底熟語,漢字/熟語検索サイト・漢検系確認候補,,FALSE,https://kokugo.jitenon.jp/kanji/%E5%8B%9E/contain/ / https://kakijun.com/kanji/kotoba/52de.html,先行の告示PDF由来リストとは別枠。語単位最長一致でのみ実行し、一字置換は禁止。,旧字体・新字体の一字対応で処理可能なため、熟語単位ルールから除外,旧字体一字対応テーブル側で管理
応用,應用,應,応,FALSE,新規・辞書検索系・基底熟語,漢字/熟語検索サイト・漢検系確認候補,,FALSE,https://kokugo.jitenon.jp/kanji/%E6%87%89/contain/ / https://kakijun.com/kanji/kotoba/61c9.html,先行の告示PDF由来リストとは別枠。語単位最長一致でのみ実行し、一字置換は禁止。,旧字体・新字体の一字対応で処理可能なため、熟語単位ルールから除外,旧字体一字対応テーブル側で管理
対応,對應,應,応,FALSE,新規・辞書検索系・基底熟語,漢字/熟語検索サイト・漢検系確認候補,,FALSE,https://kokugo.jitenon.jp/kanji/%E6%87%89/contain/ / https://kakijun.com/kanji/kotoba/61c9.html,先行の告示PDF由来リストとは別枠。語単位最長一致でのみ実行し、一字置換は禁止。,旧字体・新字体の一字対応で処理可能なため、熟語単位ルールから除外,旧字体一字対応テーブル側で管理
反応,反應,應,応,FALSE,新規・辞書検索系・基底熟語,漢字/熟語検索サイト・漢検系確認候補,,FALSE,https://kokugo.jitenon.jp/kanji/%E6%87%89/contain/ / https://kakijun.com/kanji/kotoba/61c9.html,先行の告示PDF由来リストとは別枠。語単位最長一致でのみ実行し、一字置換は禁止。,旧字体・新字体の一字対応で処理可能なため、熟語単位ルールから除外,旧字体一字対応テーブル側で管理
応援,應援,應,応,FALSE,新規・辞書検索系・基底熟語,漢字/熟語検索サイト・漢検系確認候補,,FALSE,https://kokugo.jitenon.jp/kanji/%E6%87%89/contain/ / https://kakijun.com/kanji/kotoba/61c9.html,先行の告示PDF由来リストとは別枠。語単位最長一致でのみ実行し、一字置換は禁止。,旧字体・新字体の一字対応で処理可能なため、熟語単位ルールから除外,旧字体一字対応テーブル側で管理
応答,應答,應,応,FALSE,新規・辞書検索系・基底熟語,漢字/熟語検索サイト・漢検系確認候補,,FALSE,https://kokugo.jitenon.jp/kanji/%E6%87%89/contain/ / https://kakijun.com/kanji/kotoba/61c9.html,先行の告示PDF由来リストとは別枠。語単位最長一致でのみ実行し、一字置換は禁止。,旧字体・新字体の一字対応で処理可能なため、熟語単位ルールから除外,旧字体一字対応テーブル側で管理
応募,應募,應,応,FALSE,新規・辞書検索系・基底熟語,漢字/熟語検索サイト・漢検系確認候補,,FALSE,https://kokugo.jitenon.jp/kanji/%E6%87%89/contain/ / https://kakijun.com/kanji/kotoba/61c9.html,先行の告示PDF由来リストとは別枠。語単位最長一致でのみ実行し、一字置換は禁止。,旧字体・新字体の一字対応で処理可能なため、熟語単位ルールから除外,旧字体一字対応テーブル側で管理
応接,應接,應,応,FALSE,新規・辞書検索系・基底熟語,漢字/熟語検索サイト・漢検系確認候補,,FALSE,https://kokugo.jitenon.jp/kanji/%E6%87%89/contain/ / https://kakijun.com/kanji/kotoba/61c9.html,先行の告示PDF由来リストとは別枠。語単位最長一致でのみ実行し、一字置換は禁止。,旧字体・新字体の一字対応で処理可能なため、熟語単位ルールから除外,旧字体一字対応テーブル側で管理
適応,適應,應,応,FALSE,新規・辞書検索系・基底熟語,漢字/熟語検索サイト・漢検系確認候補,,FALSE,https://kokugo.jitenon.jp/kanji/%E6%87%89/contain/ / https://kakijun.com/kanji/kotoba/61c9.html,先行の告示PDF由来リストとは別枠。語単位最長一致でのみ実行し、一字置換は禁止。,旧字体・新字体の一字対応で処理可能なため、熟語単位ルールから除外,旧字体一字対応テーブル側で管理
応急,應急,應,応,FALSE,新規・辞書検索系・基底熟語,漢字/熟語検索サイト・漢検系確認候補,,FALSE,https://kokugo.jitenon.jp/kanji/%E6%87%89/contain/ / https://kakijun.com/kanji/kotoba/61c9.html,先行の告示PDF由来リストとは別枠。語単位最長一致でのみ実行し、一字置換は禁止。,旧字体・新字体の一字対応で処理可能なため、熟語単位ルールから除外,旧字体一字対応テーブル側で管理
応酬,應酬,應,応,FALSE,新規・辞書検索系・基底熟語,漢字/熟語検索サイト・漢検系確認候補,,FALSE,https://kokugo.jitenon.jp/kanji/%E6%87%89/contain/ / https://kakijun.com/kanji/kotoba/61c9.html,先行の告示PDF由来リストとは別枠。語単位最長一致でのみ実行し、一字置換は禁止。,旧字体・新字体の一字対応で処理可能なため、熟語単位ルールから除外,旧字体一字対応テーブル側で管理
相応,相應,應,応,FALSE,新規・辞書検索系・基底熟語,漢字/熟語検索サイト・漢検系確認候補,,FALSE,https://kokugo.jitenon.jp/kanji/%E6%87%89/contain/ / https://kakijun.com/kanji/kotoba/61c9.html,先行の告示PDF由来リストとは別枠。語単位最長一致でのみ実行し、一字置換は禁止。,旧字体・新字体の一字対応で処理可能なため、熟語単位ルールから除外,旧字体一字対応テーブル側で管理
変化,變化,變,変,FALSE,新規・辞書検索系・基底熟語,漢字/熟語検索サイト・漢検系確認候補,,FALSE,https://kokugo.jitenon.jp/kanji/%E8%AE%8A/contain/ / https://kakijun.com/kanji/kotoba/8b8a.html,先行の告示PDF由来リストとは別枠。語単位最長一致でのみ実行し、一字置換は禁止。,旧字体・新字体の一字対応で処理可能なため、熟語単位ルールから除外,旧字体一字対応テーブル側で管理
変更,變更,變,変,FALSE,新規・辞書検索系・基底熟語,漢字/熟語検索サイト・漢検系確認候補,,FALSE,https://kokugo.jitenon.jp/kanji/%E8%AE%8A/contain/ / https://kakijun.com/kanji/kotoba/8b8a.html,先行の告示PDF由来リストとは別枠。語単位最長一致でのみ実行し、一字置換は禁止。,旧字体・新字体の一字対応で処理可能なため、熟語単位ルールから除外,旧字体一字対応テーブル側で管理
変身,變身,變,変,FALSE,新規・辞書検索系・基底熟語,漢字/熟語検索サイト・漢検系確認候補,,FALSE,https://kokugo.jitenon.jp/kanji/%E8%AE%8A/contain/ / https://kakijun.com/kanji/kotoba/8b8a.html,先行の告示PDF由来リストとは別枠。語単位最長一致でのみ実行し、一字置換は禁止。,旧字体・新字体の一字対応で処理可能なため、熟語単位ルールから除外,旧字体一字対応テーブル側で管理
変動,變動,變,変,FALSE,新規・辞書検索系・基底熟語,漢字/熟語検索サイト・漢検系確認候補,,FALSE,https://kokugo.jitenon.jp/kanji/%E8%AE%8A/contain/ / https://kakijun.com/kanji/kotoba/8b8a.html,先行の告示PDF由来リストとは別枠。語単位最長一致でのみ実行し、一字置換は禁止。,旧字体・新字体の一字対応で処理可能なため、熟語単位ルールから除外,旧字体一字対応テーブル側で管理
変形,變形,變,変,FALSE,新規・辞書検索系・基底熟語,漢字/熟語検索サイト・漢検系確認候補,,FALSE,https://kokugo.jitenon.jp/kanji/%E8%AE%8A/contain/ / https://kakijun.com/kanji/kotoba/8b8a.html,先行の告示PDF由来リストとは別枠。語単位最長一致でのみ実行し、一字置換は禁止。,旧字体・新字体の一字対応で処理可能なため、熟語単位ルールから除外,旧字体一字対応テーブル側で管理
変数,變數,變,変,FALSE,新規・辞書検索系・基底熟語,漢字/熟語検索サイト・漢検系確認候補,,FALSE,https://kokugo.jitenon.jp/kanji/%E8%AE%8A/contain/ / https://kakijun.com/kanji/kotoba/8b8a.html,先行の告示PDF由来リストとは別枠。語単位最長一致でのみ実行し、一字置換は禁止。,旧字体・新字体の一字対応で処理可能なため、熟語単位ルールから除外,旧字体一字対応テーブル側で管理
変換,變換,變,変,FALSE,新規・辞書検索系・基底熟語,漢字/熟語検索サイト・漢検系確認候補,,FALSE,https://kokugo.jitenon.jp/kanji/%E8%AE%8A/contain/ / https://kakijun.com/kanji/kotoba/8b8a.html,先行の告示PDF由来リストとは別枠。語単位最長一致でのみ実行し、一字置換は禁止。,旧字体・新字体の一字対応で処理可能なため、熟語単位ルールから除外,旧字体一字対応テーブル側で管理
大変,大變,變,変,FALSE,新規・辞書検索系・基底熟語,漢字/熟語検索サイト・漢検系確認候補,,FALSE,https://kokugo.jitenon.jp/kanji/%E8%AE%8A/contain/ / https://kakijun.com/kanji/kotoba/8b8a.html,先行の告示PDF由来リストとは別枠。語単位最長一致でのみ実行し、一字置換は禁止。,旧字体・新字体の一字対応で処理可能なため、熟語単位ルールから除外,旧字体一字対応テーブル側で管理
異変,異變,變,変,FALSE,新規・辞書検索系・基底熟語,漢字/熟語検索サイト・漢検系確認候補,,FALSE,https://kokugo.jitenon.jp/kanji/%E8%AE%8A/contain/ / https://kakijun.com/kanji/kotoba/8b8a.html,先行の告示PDF由来リストとは別枠。語単位最長一致でのみ実行し、一字置換は禁止。,旧字体・新字体の一字対応で処理可能なため、熟語単位ルールから除外,旧字体一字対応テーブル側で管理
変革,變革,變,変,FALSE,新規・辞書検索系・基底熟語,漢字/熟語検索サイト・漢検系確認候補,,FALSE,https://kokugo.jitenon.jp/kanji/%E8%AE%8A/contain/ / https://kakijun.com/kanji/kotoba/8b8a.html,先行の告示PDF由来リストとは別枠。語単位最長一致でのみ実行し、一字置換は禁止。,旧字体・新字体の一字対応で処理可能なため、熟語単位ルールから除外,旧字体一字対応テーブル側で管理
変質,變質,變,変,FALSE,新規・辞書検索系・基底熟語,漢字/熟語検索サイト・漢検系確認候補,,FALSE,https://kokugo.jitenon.jp/kanji/%E8%AE%8A/contain/ / https://kakijun.com/kanji/kotoba/8b8a.html,先行の告示PDF由来リストとは別枠。語単位最長一致でのみ実行し、一字置換は禁止。,旧字体・新字体の一字対応で処理可能なため、熟語単位ルールから除外,旧字体一字対応テーブル側で管理
発明,發明,發,発,FALSE,新規・辞書検索系・基底熟語,漢字/熟語検索サイト・漢検系確認候補,,FALSE,https://kokugo.jitenon.jp/kanji/%E7%99%BC/contain/ / https://kakijun.com/kanji/kotoba/767c.html,先行の告示PDF由来リストとは別枠。語単位最長一致でのみ実行し、一字置換は禁止。,旧字体・新字体の一字対応で処理可能なため、熟語単位ルールから除外,旧字体一字対応テーブル側で管理
発見,發見,發,発,FALSE,新規・辞書検索系・基底熟語,漢字/熟語検索サイト・漢検系確認候補,,FALSE,https://kokugo.jitenon.jp/kanji/%E7%99%BC/contain/ / https://kakijun.com/kanji/kotoba/767c.html,先行の告示PDF由来リストとは別枠。語単位最長一致でのみ実行し、一字置換は禁止。,旧字体・新字体の一字対応で処理可能なため、熟語単位ルールから除外,旧字体一字対応テーブル側で管理
発表,發表,發,発,FALSE,新規・辞書検索系・基底熟語,漢字/熟語検索サイト・漢検系確認候補,,FALSE,https://kokugo.jitenon.jp/kanji/%E7%99%BC/contain/ / https://kakijun.com/kanji/kotoba/767c.html,先行の告示PDF由来リストとは別枠。語単位最長一致でのみ実行し、一字置換は禁止。,旧字体・新字体の一字対応で処理可能なため、熟語単位ルールから除外,旧字体一字対応テーブル側で管理
発生,發生,發,発,FALSE,新規・辞書検索系・基底熟語,漢字/熟語検索サイト・漢検系確認候補,,FALSE,https://kokugo.jitenon.jp/kanji/%E7%99%BC/contain/ / https://kakijun.com/kanji/kotoba/767c.html,先行の告示PDF由来リストとは別枠。語単位最長一致でのみ実行し、一字置換は禁止。,旧字体・新字体の一字対応で処理可能なため、熟語単位ルールから除外,旧字体一字対応テーブル側で管理
発達,發達,發,発,FALSE,新規・辞書検索系・基底熟語,漢字/熟語検索サイト・漢検系確認候補,,FALSE,https://kokugo.jitenon.jp/kanji/%E7%99%BC/contain/ / https://kakijun.com/kanji/kotoba/767c.html,先行の告示PDF由来リストとは別枠。語単位最長一致でのみ実行し、一字置換は禁止。,旧字体・新字体の一字対応で処理可能なため、熟語単位ルールから除外,旧字体一字対応テーブル側で管理
発展,發展,發,発,FALSE,新規・辞書検索系・基底熟語,漢字/熟語検索サイト・漢検系確認候補,,FALSE,https://kokugo.jitenon.jp/kanji/%E7%99%BC/contain/ / https://kakijun.com/kanji/kotoba/767c.html,先行の告示PDF由来リストとは別枠。語単位最長一致でのみ実行し、一字置換は禁止。,旧字体・新字体の一字対応で処理可能なため、熟語単位ルールから除外,旧字体一字対応テーブル側で管理
出発,出發,發,発,FALSE,新規・辞書検索系・基底熟語,漢字/熟語検索サイト・漢検系確認候補,,FALSE,https://kokugo.jitenon.jp/kanji/%E7%99%BC/contain/ / https://kakijun.com/kanji/kotoba/767c.html,先行の告示PDF由来リストとは別枠。語単位最長一致でのみ実行し、一字置換は禁止。,旧字体・新字体の一字対応で処理可能なため、熟語単位ルールから除外,旧字体一字対応テーブル側で管理
爆発,爆發,發,発,FALSE,新規・辞書検索系・基底熟語,漢字/熟語検索サイト・漢検系確認候補,,FALSE,https://kokugo.jitenon.jp/kanji/%E7%99%BC/contain/ / https://kakijun.com/kanji/kotoba/767c.html,先行の告示PDF由来リストとは別枠。語単位最長一致でのみ実行し、一字置換は禁止。,旧字体・新字体の一字対応で処理可能なため、熟語単位ルールから除外,旧字体一字対応テーブル側で管理
発音,發音,發,発,FALSE,新規・辞書検索系・基底熟語,漢字/熟語検索サイト・漢検系確認候補,,FALSE,https://kokugo.jitenon.jp/kanji/%E7%99%BC/contain/ / https://kakijun.com/kanji/kotoba/767c.html,先行の告示PDF由来リストとは別枠。語単位最長一致でのみ実行し、一字置換は禁止。,旧字体・新字体の一字対応で処理可能なため、熟語単位ルールから除外,旧字体一字対応テーブル側で管理
発電,發電,發,発,FALSE,新規・辞書検索系・基底熟語,漢字/熟語検索サイト・漢検系確認候補,,FALSE,https://kokugo.jitenon.jp/kanji/%E7%99%BC/contain/ / https://kakijun.com/kanji/kotoba/767c.html,先行の告示PDF由来リストとは別枠。語単位最長一致でのみ実行し、一字置換は禁止。,旧字体・新字体の一字対応で処理可能なため、熟語単位ルールから除外,旧字体一字対応テーブル側で管理
始発,始發,發,発,FALSE,新規・辞書検索系・基底熟語,漢字/熟語検索サイト・漢検系確認候補,,FALSE,https://kokugo.jitenon.jp/kanji/%E7%99%BC/contain/ / https://kakijun.com/kanji/kotoba/767c.html,先行の告示PDF由来リストとは別枠。語単位最長一致でのみ実行し、一字置換は禁止。,旧字体・新字体の一字対応で処理可能なため、熟語単位ルールから除外,旧字体一字対応テーブル側で管理
発行,發行,發,発,FALSE,新規・辞書検索系・基底熟語,漢字/熟語検索サイト・漢検系確認候補,,FALSE,https://kokugo.jitenon.jp/kanji/%E7%99%BC/contain/ / https://kakijun.com/kanji/kotoba/767c.html,先行の告示PDF由来リストとは別枠。語単位最長一致でのみ実行し、一字置換は禁止。,旧字体・新字体の一字対応で処理可能なため、熟語単位ルールから除外,旧字体一字対応テーブル側で管理
発売,發賣,發,発,FALSE,新規・辞書検索系・基底熟語,漢字/熟語検索サイト・漢検系確認候補,,FALSE,https://kokugo.jitenon.jp/kanji/%E7%99%BC/contain/ / https://kakijun.com/kanji/kotoba/767c.html,先行の告示PDF由来リストとは別枠。語単位最長一致でのみ実行し、一字置換は禁止。,旧字体・新字体の一字対応で処理可能なため、熟語単位ルールから除外,旧字体一字対応テーブル側で管理
鉄道,鐵道,鐵,鉄,FALSE,新規・辞書検索系・基底熟語,漢字/熟語検索サイト・漢検系確認候補,,FALSE,https://kokugo.jitenon.jp/kanji/%E9%90%B5/contain/ / https://kakijun.com/kanji/kotoba/9435.html,先行の告示PDF由来リストとは別枠。語単位最長一致でのみ実行し、一字置換は禁止。,旧字体・新字体の一字対応で処理可能なため、熟語単位ルールから除外,旧字体一字対応テーブル側で管理
地下鉄,地下鐵,鐵,鉄,FALSE,新規・辞書検索系・基底熟語,漢字/熟語検索サイト・漢検系確認候補,,FALSE,https://kokugo.jitenon.jp/kanji/%E9%90%B5/contain/ / https://kakijun.com/kanji/kotoba/9435.html,先行の告示PDF由来リストとは別枠。語単位最長一致でのみ実行し、一字置換は禁止。,旧字体・新字体の一字対応で処理可能なため、熟語単位ルールから除外,旧字体一字対応テーブル側で管理
鉄橋,鐵橋,鐵,鉄,FALSE,新規・辞書検索系・基底熟語,漢字/熟語検索サイト・漢検系確認候補,固有名詞・姓地名注意,FALSE,https://kokugo.jitenon.jp/kanji/%E9%90%B5/contain/ / https://kakijun.com/kanji/kotoba/9435.html,先行の告示PDF由来リストとは別枠。語単位最長一致でのみ実行し、一字置換は禁止。,旧字体・新字体の一字対応で処理可能なため、熟語単位ルールから除外,旧字体一字対応テーブル側で管理
鉄骨,鐵骨,鐵,鉄,FALSE,新規・辞書検索系・基底熟語,漢字/熟語検索サイト・漢検系確認候補,,FALSE,https://kokugo.jitenon.jp/kanji/%E9%90%B5/contain/ / https://kakijun.com/kanji/kotoba/9435.html,先行の告示PDF由来リストとは別枠。語単位最長一致でのみ実行し、一字置換は禁止。,旧字体・新字体の一字対応で処理可能なため、熟語単位ルールから除外,旧字体一字対応テーブル側で管理
鉄板,鐵板,鐵,鉄,FALSE,新規・辞書検索系・基底熟語,漢字/熟語検索サイト・漢検系確認候補,,FALSE,https://kokugo.jitenon.jp/kanji/%E9%90%B5/contain/ / https://kakijun.com/kanji/kotoba/9435.html,先行の告示PDF由来リストとは別枠。語単位最長一致でのみ実行し、一字置換は禁止。,旧字体・新字体の一字対応で処理可能なため、熟語単位ルールから除外,旧字体一字対応テーブル側で管理
鉄鋼,鐵鋼,鐵,鉄,FALSE,新規・辞書検索系・基底熟語,漢字/熟語検索サイト・漢検系確認候補,,FALSE,https://kokugo.jitenon.jp/kanji/%E9%90%B5/contain/ / https://kakijun.com/kanji/kotoba/9435.html,先行の告示PDF由来リストとは別枠。語単位最長一致でのみ実行し、一字置換は禁止。,旧字体・新字体の一字対応で処理可能なため、熟語単位ルールから除外,旧字体一字対応テーブル側で管理
私鉄,私鐵,鐵,鉄,FALSE,新規・辞書検索系・基底熟語,漢字/熟語検索サイト・漢検系確認候補,,FALSE,https://kokugo.jitenon.jp/kanji/%E9%90%B5/contain/ / https://kakijun.com/kanji/kotoba/9435.html,先行の告示PDF由来リストとは別枠。語単位最長一致でのみ実行し、一字置換は禁止。,旧字体・新字体の一字対応で処理可能なため、熟語単位ルールから除外,旧字体一字対応テーブル側で管理
鉄鉱,鐵鑛,鐵,鉄,FALSE,新規・辞書検索系・基底熟語,漢字/熟語検索サイト・漢検系確認候補,,FALSE,https://kokugo.jitenon.jp/kanji/%E9%90%B5/contain/ / https://kakijun.com/kanji/kotoba/9435.html,先行の告示PDF由来リストとは別枠。語単位最長一致でのみ実行し、一字置換は禁止。,旧字体・新字体の一字対応で処理可能なため、熟語単位ルールから除外,旧字体一字対応テーブル側で管理
鉄器,鐵器,鐵,鉄,FALSE,新規・辞書検索系・基底熟語,漢字/熟語検索サイト・漢検系確認候補,,FALSE,https://kokugo.jitenon.jp/kanji/%E9%90%B5/contain/ / https://kakijun.com/kanji/kotoba/9435.html,先行の告示PDF由来リストとは別枠。語単位最長一致でのみ実行し、一字置換は禁止。,旧字体・新字体の一字対応で処理可能なため、熟語単位ルールから除外,旧字体一字対応テーブル側で管理
鉱山,鑛山,鑛,鉱,FALSE,新規・辞書検索系・基底熟語,漢字/熟語検索サイト・漢検系確認候補,,FALSE,https://kokugo.jitenon.jp/kanji/%E9%91%9B/contain/ / https://kakijun.com/kanji/kotoba/945b.html,先行の告示PDF由来リストとは別枠。語単位最長一致でのみ実行し、一字置換は禁止。,旧字体・新字体の一字対応で処理可能なため、熟語単位ルールから除外,旧字体一字対応テーブル側で管理
鉱物,鑛物,鑛,鉱,FALSE,新規・辞書検索系・基底熟語,漢字/熟語検索サイト・漢検系確認候補,,FALSE,https://kokugo.jitenon.jp/kanji/%E9%91%9B/contain/ / https://kakijun.com/kanji/kotoba/945b.html,先行の告示PDF由来リストとは別枠。語単位最長一致でのみ実行し、一字置換は禁止。,旧字体・新字体の一字対応で処理可能なため、熟語単位ルールから除外,旧字体一字対応テーブル側で管理
鉱石,鑛石,鑛,鉱,FALSE,新規・辞書検索系・基底熟語,漢字/熟語検索サイト・漢検系確認候補,,FALSE,https://kokugo.jitenon.jp/kanji/%E9%91%9B/contain/ / https://kakijun.com/kanji/kotoba/945b.html,先行の告示PDF由来リストとは別枠。語単位最長一致でのみ実行し、一字置換は禁止。,旧字体・新字体の一字対応で処理可能なため、熟語単位ルールから除外,旧字体一字対応テーブル側で管理
鉱業,鑛業,鑛,鉱,FALSE,新規・辞書検索系・基底熟語,漢字/熟語検索サイト・漢検系確認候補,,FALSE,https://kokugo.jitenon.jp/kanji/%E9%91%9B/contain/ / https://kakijun.com/kanji/kotoba/945b.html,先行の告示PDF由来リストとは別枠。語単位最長一致でのみ実行し、一字置換は禁止。,旧字体・新字体の一字対応で処理可能なため、熟語単位ルールから除外,旧字体一字対応テーブル側で管理
炭鉱,炭鑛,鑛,鉱,FALSE,新規・辞書検索系・基底熟語,漢字/熟語検索サイト・漢検系確認候補,,FALSE,https://kokugo.jitenon.jp/kanji/%E9%91%9B/contain/ / https://kakijun.com/kanji/kotoba/945b.html,先行の告示PDF由来リストとは別枠。語単位最長一致でのみ実行し、一字置換は禁止。,旧字体・新字体の一字対応で処理可能なため、熟語単位ルールから除外,旧字体一字対応テーブル側で管理
金鉱,金鑛,鑛,鉱,FALSE,新規・辞書検索系・基底熟語,漢字/熟語検索サイト・漢検系確認候補,,FALSE,https://kokugo.jitenon.jp/kanji/%E9%91%9B/contain/ / https://kakijun.com/kanji/kotoba/945b.html,先行の告示PDF由来リストとは別枠。語単位最長一致でのみ実行し、一字置換は禁止。,旧字体・新字体の一字対応で処理可能なため、熟語単位ルールから除外,旧字体一字対応テーブル側で管理
鉱脈,鑛脈,鑛,鉱,FALSE,新規・辞書検索系・基底熟語,漢字/熟語検索サイト・漢検系確認候補,,FALSE,https://kokugo.jitenon.jp/kanji/%E9%91%9B/contain/ / https://kakijun.com/kanji/kotoba/945b.html,先行の告示PDF由来リストとは別枠。語単位最長一致でのみ実行し、一字置換は禁止。,旧字体・新字体の一字対応で処理可能なため、熟語単位ルールから除外,旧字体一字対応テーブル側で管理
鉱床,鑛床,鑛,鉱,FALSE,新規・辞書検索系・基底熟語,漢字/熟語検索サイト・漢検系確認候補,,FALSE,https://kokugo.jitenon.jp/kanji/%E9%91%9B/contain/ / https://kakijun.com/kanji/kotoba/945b.html,先行の告示PDF由来リストとは別枠。語単位最長一致でのみ実行し、一字置換は禁止。,旧字体・新字体の一字対応で処理可能なため、熟語単位ルールから除外,旧字体一字対応テーブル側で管理
鋳造,鑄造,鑄,鋳,FALSE,新規・辞書検索系・基底熟語,漢字/熟語検索サイト・漢検系確認候補,,FALSE,https://kokugo.jitenon.jp/kanji/%E9%91%84/contain/ / https://kakijun.com/kanji/kotoba/9444.html,先行の告示PDF由来リストとは別枠。語単位最長一致でのみ実行し、一字置換は禁止。,旧字体・新字体の一字対応で処理可能なため、熟語単位ルールから除外,旧字体一字対応テーブル側で管理
鋳物,鑄物,鑄,鋳,FALSE,新規・辞書検索系・基底熟語,漢字/熟語検索サイト・漢検系確認候補,,FALSE,https://kokugo.jitenon.jp/kanji/%E9%91%84/contain/ / https://kakijun.com/kanji/kotoba/9444.html,先行の告示PDF由来リストとは別枠。語単位最長一致でのみ実行し、一字置換は禁止。,旧字体・新字体の一字対応で処理可能なため、熟語単位ルールから除外,旧字体一字対応テーブル側で管理
鋳型,鑄型,鑄,鋳,FALSE,新規・辞書検索系・基底熟語,漢字/熟語検索サイト・漢検系確認候補,,FALSE,https://kokugo.jitenon.jp/kanji/%E9%91%84/contain/ / https://kakijun.com/kanji/kotoba/9444.html,先行の告示PDF由来リストとは別枠。語単位最長一致でのみ実行し、一字置換は禁止。,旧字体・新字体の一字対応で処理可能なため、熟語単位ルールから除外,旧字体一字対応テーブル側で管理
鋳金,鑄金,鑄,鋳,FALSE,新規・辞書検索系・基底熟語,漢字/熟語検索サイト・漢検系確認候補,,FALSE,https://kokugo.jitenon.jp/kanji/%E9%91%84/contain/ / https://kakijun.com/kanji/kotoba/9444.html,先行の告示PDF由来リストとは別枠。語単位最長一致でのみ実行し、一字置換は禁止。,旧字体・新字体の一字対応で処理可能なため、熟語単位ルールから除外,旧字体一字対応テーブル側で管理
鋳鉄,鑄鐵,鑄,鋳,FALSE,新規・辞書検索系・基底熟語,漢字/熟語検索サイト・漢検系確認候補,,FALSE,https://kokugo.jitenon.jp/kanji/%E9%91%84/contain/ / https://kakijun.com/kanji/kotoba/9444.html,先行の告示PDF由来リストとは別枠。語単位最長一致でのみ実行し、一字置換は禁止。,旧字体・新字体の一字対応で処理可能なため、熟語単位ルールから除外,旧字体一字対応テーブル側で管理
鋳幣,鑄幣,鑄,鋳,FALSE,新規・辞書検索系・基底熟語,漢字/熟語検索サイト・漢検系確認候補,,FALSE,https://kokugo.jitenon.jp/kanji/%E9%91%84/contain/ / https://kakijun.com/kanji/kotoba/9444.html,先行の告示PDF由来リストとは別枠。語単位最長一致でのみ実行し、一字置換は禁止。,旧字体・新字体の一字対応で処理可能なため、熟語単位ルールから除外,旧字体一字対応テーブル側で管理
鋳込,鑄込,鑄,鋳,FALSE,新規・辞書検索系・基底熟語,漢字/熟語検索サイト・漢検系確認候補,,FALSE,https://kokugo.jitenon.jp/kanji/%E9%91%84/contain/ / https://kakijun.com/kanji/kotoba/9444.html,先行の告示PDF由来リストとは別枠。語単位最長一致でのみ実行し、一字置換は禁止。,旧字体・新字体の一字対応で処理可能なため、熟語単位ルールから除外,旧字体一字対応テーブル側で管理
鋳工,鑄工,鑄,鋳,FALSE,新規・辞書検索系・基底熟語,漢字/熟語検索サイト・漢検系確認候補,,FALSE,https://kokugo.jitenon.jp/kanji/%E9%91%84/contain/ / https://kakijun.com/kanji/kotoba/9444.html,先行の告示PDF由来リストとは別枠。語単位最長一致でのみ実行し、一字置換は禁止。,旧字体・新字体の一字対応で処理可能なため、熟語単位ルールから除外,旧字体一字対応テーブル側で管理
周囲,周圍,圍,囲,FALSE,新規・辞書検索系・基底熟語,漢字/熟語検索サイト・漢検系確認候補,,FALSE,https://kokugo.jitenon.jp/kanji/%E5%9C%8D/contain/ / https://kakijun.com/kanji/kotoba/570d.html,先行の告示PDF由来リストとは別枠。語単位最長一致でのみ実行し、一字置換は禁止。,旧字体・新字体の一字対応で処理可能なため、熟語単位ルールから除外,旧字体一字対応テーブル側で管理
範囲,範圍,圍,囲,FALSE,新規・辞書検索系・基底熟語,漢字/熟語検索サイト・漢検系確認候補,,FALSE,https://kokugo.jitenon.jp/kanji/%E5%9C%8D/contain/ / https://kakijun.com/kanji/kotoba/570d.html,先行の告示PDF由来リストとは別枠。語単位最長一致でのみ実行し、一字置換は禁止。,旧字体・新字体の一字対応で処理可能なため、熟語単位ルールから除外,旧字体一字対応テーブル側で管理
包囲,包圍,圍,囲,FALSE,新規・辞書検索系・基底熟語,漢字/熟語検索サイト・漢検系確認候補,,FALSE,https://kokugo.jitenon.jp/kanji/%E5%9C%8D/contain/ / https://kakijun.com/kanji/kotoba/570d.html,先行の告示PDF由来リストとは別枠。語単位最長一致でのみ実行し、一字置換は禁止。,旧字体・新字体の一字対応で処理可能なため、熟語単位ルールから除外,旧字体一字対応テーブル側で管理
囲碁,圍碁,圍,囲,FALSE,新規・辞書検索系・基底熟語,漢字/熟語検索サイト・漢検系確認候補,,FALSE,https://kokugo.jitenon.jp/kanji/%E5%9C%8D/contain/ / https://kakijun.com/kanji/kotoba/570d.html,先行の告示PDF由来リストとは別枠。語単位最長一致でのみ実行し、一字置換は禁止。,旧字体・新字体の一字対応で処理可能なため、熟語単位ルールから除外,旧字体一字対応テーブル側で管理
囲炉裏,圍爐裏,圍,囲,FALSE,新規・辞書検索系・基底熟語,漢字/熟語検索サイト・漢検系確認候補,,FALSE,https://kokugo.jitenon.jp/kanji/%E5%9C%8D/contain/ / https://kakijun.com/kanji/kotoba/570d.html,先行の告示PDF由来リストとは別枠。語単位最長一致でのみ実行し、一字置換は禁止。,旧字体・新字体の一字対応で処理可能なため、熟語単位ルールから除外,旧字体一字対応テーブル側で管理
雰囲気,雰圍氣,圍,囲,FALSE,新規・辞書検索系・基底熟語,漢字/熟語検索サイト・漢検系確認候補,,FALSE,https://kokugo.jitenon.jp/kanji/%E5%9C%8D/contain/ / https://kakijun.com/kanji/kotoba/570d.html,先行の告示PDF由来リストとは別枠。語単位最長一致でのみ実行し、一字置換は禁止。,旧字体・新字体の一字対応で処理可能なため、熟語単位ルールから除外,旧字体一字対応テーブル側で管理
外囲,外圍,圍,囲,FALSE,新規・辞書検索系・基底熟語,漢字/熟語検索サイト・漢検系確認候補,,FALSE,https://kokugo.jitenon.jp/kanji/%E5%9C%8D/contain/ / https://kakijun.com/kanji/kotoba/570d.html,先行の告示PDF由来リストとは別枠。語単位最長一致でのみ実行し、一字置換は禁止。,旧字体・新字体の一字対応で処理可能なため、熟語単位ルールから除外,旧字体一字対応テーブル側で管理
胸囲,胸圍,圍,囲,FALSE,新規・辞書検索系・基底熟語,漢字/熟語検索サイト・漢検系確認候補,,FALSE,https://kokugo.jitenon.jp/kanji/%E5%9C%8D/contain/ / https://kakijun.com/kanji/kotoba/570d.html,先行の告示PDF由来リストとは別枠。語単位最長一致でのみ実行し、一字置換は禁止。,旧字体・新字体の一字対応で処理可能なため、熟語単位ルールから除外,旧字体一字対応テーブル側で管理
残念,殘念,殘,残,FALSE,新規・辞書検索系・基底熟語,漢字/熟語検索サイト・漢検系確認候補,,FALSE,https://kokugo.jitenon.jp/kanji/%E6%AE%98/contain/ / https://kakijun.com/kanji/kotoba/6b98.html,先行の告示PDF由来リストとは別枠。語単位最長一致でのみ実行し、一字置換は禁止。,旧字体・新字体の一字対応で処理可能なため、熟語単位ルールから除外,旧字体一字対応テーブル側で管理
残業,殘業,殘,残,FALSE,新規・辞書検索系・基底熟語,漢字/熟語検索サイト・漢検系確認候補,,FALSE,https://kokugo.jitenon.jp/kanji/%E6%AE%98/contain/ / https://kakijun.com/kanji/kotoba/6b98.html,先行の告示PDF由来リストとは別枠。語単位最長一致でのみ実行し、一字置換は禁止。,旧字体・新字体の一字対応で処理可能なため、熟語単位ルールから除外,旧字体一字対応テーブル側で管理
残高,殘高,殘,残,FALSE,新規・辞書検索系・基底熟語,漢字/熟語検索サイト・漢検系確認候補,,FALSE,https://kokugo.jitenon.jp/kanji/%E6%AE%98/contain/ / https://kakijun.com/kanji/kotoba/6b98.html,先行の告示PDF由来リストとは別枠。語単位最長一致でのみ実行し、一字置換は禁止。,旧字体・新字体の一字対応で処理可能なため、熟語単位ルールから除外,旧字体一字対応テーブル側で管理
残留,殘留,殘,残,FALSE,新規・辞書検索系・基底熟語,漢字/熟語検索サイト・漢検系確認候補,,FALSE,https://kokugo.jitenon.jp/kanji/%E6%AE%98/contain/ / https://kakijun.com/kanji/kotoba/6b98.html,先行の告示PDF由来リストとは別枠。語単位最長一致でのみ実行し、一字置換は禁止。,旧字体・新字体の一字対応で処理可能なため、熟語単位ルールから除外,旧字体一字対応テーブル側で管理
残暑,殘暑,殘,残,FALSE,新規・辞書検索系・基底熟語,漢字/熟語検索サイト・漢検系確認候補,,FALSE,https://kokugo.jitenon.jp/kanji/%E6%AE%98/contain/ / https://kakijun.com/kanji/kotoba/6b98.html,先行の告示PDF由来リストとは別枠。語単位最長一致でのみ実行し、一字置換は禁止。,旧字体・新字体の一字対応で処理可能なため、熟語単位ルールから除外,旧字体一字対応テーブル側で管理
残酷,殘酷,殘,残,FALSE,新規・辞書検索系・基底熟語,漢字/熟語検索サイト・漢検系確認候補,,FALSE,https://kokugo.jitenon.jp/kanji/%E6%AE%98/contain/ / https://kakijun.com/kanji/kotoba/6b98.html,先行の告示PDF由来リストとは別枠。語単位最長一致でのみ実行し、一字置換は禁止。,旧字体・新字体の一字対応で処理可能なため、熟語単位ルールから除外,旧字体一字対応テーブル側で管理
残骸,殘骸,殘,残,FALSE,新規・辞書検索系・基底熟語,漢字/熟語検索サイト・漢検系確認候補,,FALSE,https://kokugo.jitenon.jp/kanji/%E6%AE%98/contain/ / https://kakijun.com/kanji/kotoba/6b98.html,先行の告示PDF由来リストとは別枠。語単位最長一致でのみ実行し、一字置換は禁止。,旧字体・新字体の一字対応で処理可能なため、熟語単位ルールから除外,旧字体一字対応テーブル側で管理
残存,殘存,殘,残,FALSE,新規・辞書検索系・基底熟語,漢字/熟語検索サイト・漢検系確認候補,,FALSE,https://kokugo.jitenon.jp/kanji/%E6%AE%98/contain/ / https://kakijun.com/kanji/kotoba/6b98.html,先行の告示PDF由来リストとは別枠。語単位最長一致でのみ実行し、一字置換は禁止。,旧字体・新字体の一字対応で処理可能なため、熟語単位ルールから除外,旧字体一字対応テーブル側で管理
残金,殘金,殘,残,FALSE,新規・辞書検索系・基底熟語,漢字/熟語検索サイト・漢検系確認候補,,FALSE,https://kokugo.jitenon.jp/kanji/%E6%AE%98/contain/ / https://kakijun.com/kanji/kotoba/6b98.html,先行の告示PDF由来リストとは別枠。語単位最長一致でのみ実行し、一字置換は禁止。,旧字体・新字体の一字対応で処理可能なため、熟語単位ルールから除外,旧字体一字対応テーブル側で管理
残党,殘黨,殘,残,FALSE,新規・辞書検索系・基底熟語,漢字/熟語検索サイト・漢検系確認候補,,FALSE,https://kokugo.jitenon.jp/kanji/%E6%AE%98/contain/ / https://kakijun.com/kanji/kotoba/6b98.html,先行の告示PDF由来リストとは別枠。語単位最長一致でのみ実行し、一字置換は禁止。,旧字体・新字体の一字対応で処理可能なため、熟語単位ルールから除外,旧字体一字対応テーブル側で管理
名残,名殘,殘,残,FALSE,新規・辞書検索系・基底熟語,漢字/熟語検索サイト・漢検系確認候補,,FALSE,https://kokugo.jitenon.jp/kanji/%E6%AE%98/contain/ / https://kakijun.com/kanji/kotoba/6b98.html,先行の告示PDF由来リストとは別枠。語単位最長一致でのみ実行し、一字置換は禁止。,旧字体・新字体の一字対応で処理可能なため、熟語単位ルールから除外,旧字体一字対応テーブル側で管理
歳月,歲月,歲,歳,FALSE,新規・辞書検索系・基底熟語,漢字/熟語検索サイト・漢検系確認候補,,FALSE,https://kokugo.jitenon.jp/kanji/%E6%AD%B2/contain/ / https://kakijun.com/kanji/kotoba/6b72.html,先行の告示PDF由来リストとは別枠。語単位最長一致でのみ実行し、一字置換は禁止。,旧字体・新字体の一字対応で処理可能なため、熟語単位ルールから除外,旧字体一字対応テーブル側で管理
年歳,年歲,歲,歳,FALSE,新規・辞書検索系・基底熟語,漢字/熟語検索サイト・漢検系確認候補,,FALSE,https://kokugo.jitenon.jp/kanji/%E6%AD%B2/contain/ / https://kakijun.com/kanji/kotoba/6b72.html,先行の告示PDF由来リストとは別枠。語単位最長一致でのみ実行し、一字置換は禁止。,旧字体・新字体の一字対応で処理可能なため、熟語単位ルールから除外,旧字体一字対応テーブル側で管理
万歳,萬歲,歲,歳,FALSE,新規・辞書検索系・基底熟語,漢字/熟語検索サイト・漢検系確認候補,,FALSE,https://kokugo.jitenon.jp/kanji/%E6%AD%B2/contain/ / https://kakijun.com/kanji/kotoba/6b72.html,先行の告示PDF由来リストとは別枠。語単位最長一致でのみ実行し、一字置換は禁止。,旧字体・新字体の一字対応で処理可能なため、熟語単位ルールから除外,旧字体一字対応テーブル側で管理
歳末,歲末,歲,歳,FALSE,新規・辞書検索系・基底熟語,漢字/熟語検索サイト・漢検系確認候補,,FALSE,https://kokugo.jitenon.jp/kanji/%E6%AD%B2/contain/ / https://kakijun.com/kanji/kotoba/6b72.html,先行の告示PDF由来リストとは別枠。語単位最長一致でのみ実行し、一字置換は禁止。,旧字体・新字体の一字対応で処理可能なため、熟語単位ルールから除外,旧字体一字対応テーブル側で管理
歳出,歲出,歲,歳,FALSE,新規・辞書検索系・基底熟語,漢字/熟語検索サイト・漢検系確認候補,,FALSE,https://kokugo.jitenon.jp/kanji/%E6%AD%B2/contain/ / https://kakijun.com/kanji/kotoba/6b72.html,先行の告示PDF由来リストとは別枠。語単位最長一致でのみ実行し、一字置換は禁止。,旧字体・新字体の一字対応で処理可能なため、熟語単位ルールから除外,旧字体一字対応テーブル側で管理
歳入,歲入,歲,歳,FALSE,新規・辞書検索系・基底熟語,漢字/熟語検索サイト・漢検系確認候補,,FALSE,https://kokugo.jitenon.jp/kanji/%E6%AD%B2/contain/ / https://kakijun.com/kanji/kotoba/6b72.html,先行の告示PDF由来リストとは別枠。語単位最長一致でのみ実行し、一字置換は禁止。,旧字体・新字体の一字対応で処理可能なため、熟語単位ルールから除外,旧字体一字対応テーブル側で管理
歳時記,歲時記,歲,歳,FALSE,新規・辞書検索系・基底熟語,漢字/熟語検索サイト・漢検系確認候補,,FALSE,https://kokugo.jitenon.jp/kanji/%E6%AD%B2/contain/ / https://kakijun.com/kanji/kotoba/6b72.html,先行の告示PDF由来リストとは別枠。語単位最長一致でのみ実行し、一字置換は禁止。,旧字体・新字体の一字対応で処理可能なため、熟語単位ルールから除外,旧字体一字対応テーブル側で管理
歳暮,歲暮,歲,歳,FALSE,新規・辞書検索系・基底熟語,漢字/熟語検索サイト・漢検系確認候補,,FALSE,https://kokugo.jitenon.jp/kanji/%E6%AD%B2/contain/ / https://kakijun.com/kanji/kotoba/6b72.html,先行の告示PDF由来リストとは別枠。語単位最長一致でのみ実行し、一字置換は禁止。,旧字体・新字体の一字対応で処理可能なため、熟語単位ルールから除外,旧字体一字対応テーブル側で管理
歳旦,歲旦,歲,歳,FALSE,新規・辞書検索系・基底熟語,漢字/熟語検索サイト・漢検系確認候補,,FALSE,https://kokugo.jitenon.jp/kanji/%E6%AD%B2/contain/ / https://kakijun.com/kanji/kotoba/6b72.html,先行の告示PDF由来リストとは別枠。語単位最長一致でのみ実行し、一字置換は禁止。,旧字体・新字体の一字対応で処理可能なため、熟語単位ルールから除外,旧字体一字対応テーブル側で管理
帰宅,歸宅,歸,帰,FALSE,新規・辞書検索系・基底熟語,漢字/熟語検索サイト・漢検系確認候補,,FALSE,https://kokugo.jitenon.jp/kanji/%E6%AD%B8/contain/ / https://kakijun.com/kanji/kotoba/6b78.html,先行の告示PDF由来リストとは別枠。語単位最長一致でのみ実行し、一字置換は禁止。,旧字体・新字体の一字対応で処理可能なため、熟語単位ルールから除外,旧字体一字対応テーブル側で管理
復帰,復歸,歸,帰,FALSE,新規・辞書検索系・基底熟語,漢字/熟語検索サイト・漢検系確認候補,,FALSE,https://kokugo.jitenon.jp/kanji/%E6%AD%B8/contain/ / https://kakijun.com/kanji/kotoba/6b78.html,先行の告示PDF由来リストとは別枠。語単位最長一致でのみ実行し、一字置換は禁止。,旧字体・新字体の一字対応で処理可能なため、熟語単位ルールから除外,旧字体一字対応テーブル側で管理
帰還,歸還,歸,帰,FALSE,新規・辞書検索系・基底熟語,漢字/熟語検索サイト・漢検系確認候補,,FALSE,https://kokugo.jitenon.jp/kanji/%E6%AD%B8/contain/ / https://kakijun.com/kanji/kotoba/6b78.html,先行の告示PDF由来リストとは別枠。語単位最長一致でのみ実行し、一字置換は禁止。,旧字体・新字体の一字対応で処理可能なため、熟語単位ルールから除外,旧字体一字対応テーブル側で管理
帰省,歸省,歸,帰,FALSE,新規・辞書検索系・基底熟語,漢字/熟語検索サイト・漢検系確認候補,,FALSE,https://kokugo.jitenon.jp/kanji/%E6%AD%B8/contain/ / https://kakijun.com/kanji/kotoba/6b78.html,先行の告示PDF由来リストとは別枠。語単位最長一致でのみ実行し、一字置換は禁止。,旧字体・新字体の一字対応で処理可能なため、熟語単位ルールから除外,旧字体一字対応テーブル側で管理
回帰,回歸,歸,帰,FALSE,新規・辞書検索系・基底熟語,漢字/熟語検索サイト・漢検系確認候補,,FALSE,https://kokugo.jitenon.jp/kanji/%E6%AD%B8/contain/ / https://kakijun.com/kanji/kotoba/6b78.html,先行の告示PDF由来リストとは別枠。語単位最長一致でのみ実行し、一字置換は禁止。,旧字体・新字体の一字対応で処理可能なため、熟語単位ルールから除外,旧字体一字対応テーブル側で管理
不帰,不歸,歸,帰,FALSE,新規・辞書検索系・基底熟語,漢字/熟語検索サイト・漢検系確認候補,,FALSE,https://kokugo.jitenon.jp/kanji/%E6%AD%B8/contain/ / https://kakijun.com/kanji/kotoba/6b78.html,先行の告示PDF由来リストとは別枠。語単位最長一致でのみ実行し、一字置換は禁止。,旧字体・新字体の一字対応で処理可能なため、熟語単位ルールから除外,旧字体一字対応テーブル側で管理
帰路,歸路,歸,帰,FALSE,新規・辞書検索系・基底熟語,漢字/熟語検索サイト・漢検系確認候補,,FALSE,https://kokugo.jitenon.jp/kanji/%E6%AD%B8/contain/ / https://kakijun.com/kanji/kotoba/6b78.html,先行の告示PDF由来リストとは別枠。語単位最長一致でのみ実行し、一字置換は禁止。,旧字体・新字体の一字対応で処理可能なため、熟語単位ルールから除外,旧字体一字対応テーブル側で管理
帰結,歸結,歸,帰,FALSE,新規・辞書検索系・基底熟語,漢字/熟語検索サイト・漢検系確認候補,,FALSE,https://kokugo.jitenon.jp/kanji/%E6%AD%B8/contain/ / https://kakijun.com/kanji/kotoba/6b78.html,先行の告示PDF由来リストとは別枠。語単位最長一致でのみ実行し、一字置換は禁止。,旧字体・新字体の一字対応で処理可能なため、熟語単位ルールから除外,旧字体一字対応テーブル側で管理
帰納,歸納,歸,帰,FALSE,新規・辞書検索系・基底熟語,漢字/熟語検索サイト・漢検系確認候補,,FALSE,https://kokugo.jitenon.jp/kanji/%E6%AD%B8/contain/ / https://kakijun.com/kanji/kotoba/6b78.html,先行の告示PDF由来リストとは別枠。語単位最長一致でのみ実行し、一字置換は禁止。,旧字体・新字体の一字対応で処理可能なため、熟語単位ルールから除外,旧字体一字対応テーブル側で管理
関係,關係,關,関,FALSE,新規・辞書検索系・基底熟語,漢字/熟語検索サイト・漢検系確認候補,,FALSE,https://kokugo.jitenon.jp/kanji/%E9%97%9C/contain/ / https://kakijun.com/kanji/kotoba/95dc.html,先行の告示PDF由来リストとは別枠。語単位最長一致でのみ実行し、一字置換は禁止。,旧字体・新字体の一字対応で処理可能なため、熟語単位ルールから除外,旧字体一字対応テーブル側で管理
関西,關西,關,関,FALSE,新規・辞書検索系・基底熟語,漢字/熟語検索サイト・漢検系確認候補,,FALSE,https://kokugo.jitenon.jp/kanji/%E9%97%9C/contain/ / https://kakijun.com/kanji/kotoba/95dc.html,先行の告示PDF由来リストとは別枠。語単位最長一致でのみ実行し、一字置換は禁止。,旧字体・新字体の一字対応で処理可能なため、熟語単位ルールから除外,旧字体一字対応テーブル側で管理
関東,關東,關,関,FALSE,新規・辞書検索系・基底熟語,漢字/熟語検索サイト・漢検系確認候補,,FALSE,https://kokugo.jitenon.jp/kanji/%E9%97%9C/contain/ / https://kakijun.com/kanji/kotoba/95dc.html,先行の告示PDF由来リストとは別枠。語単位最長一致でのみ実行し、一字置換は禁止。,旧字体・新字体の一字対応で処理可能なため、熟語単位ルールから除外,旧字体一字対応テーブル側で管理
関心,關心,關,関,FALSE,新規・辞書検索系・基底熟語,漢字/熟語検索サイト・漢検系確認候補,,FALSE,https://kokugo.jitenon.jp/kanji/%E9%97%9C/contain/ / https://kakijun.com/kanji/kotoba/95dc.html,先行の告示PDF由来リストとは別枠。語単位最長一致でのみ実行し、一字置換は禁止。,旧字体・新字体の一字対応で処理可能なため、熟語単位ルールから除外,旧字体一字対応テーブル側で管理
機関,機關,關,関,FALSE,新規・辞書検索系・基底熟語,漢字/熟語検索サイト・漢検系確認候補,,FALSE,https://kokugo.jitenon.jp/kanji/%E9%97%9C/contain/ / https://kakijun.com/kanji/kotoba/95dc.html,先行の告示PDF由来リストとは別枠。語単位最長一致でのみ実行し、一字置換は禁止。,旧字体・新字体の一字対応で処理可能なため、熟語単位ルールから除外,旧字体一字対応テーブル側で管理
通関,通關,關,関,FALSE,新規・辞書検索系・基底熟語,漢字/熟語検索サイト・漢検系確認候補,,FALSE,https://kokugo.jitenon.jp/kanji/%E9%97%9C/contain/ / https://kakijun.com/kanji/kotoba/95dc.html,先行の告示PDF由来リストとは別枠。語単位最長一致でのみ実行し、一字置換は禁止。,旧字体・新字体の一字対応で処理可能なため、熟語単位ルールから除外,旧字体一字対応テーブル側で管理
難関,難關,關,関,FALSE,新規・辞書検索系・基底熟語,漢字/熟語検索サイト・漢検系確認候補,,FALSE,https://kokugo.jitenon.jp/kanji/%E9%97%9C/contain/ / https://kakijun.com/kanji/kotoba/95dc.html,先行の告示PDF由来リストとは別枠。語単位最長一致でのみ実行し、一字置換は禁止。,旧字体・新字体の一字対応で処理可能なため、熟語単位ルールから除外,旧字体一字対応テーブル側で管理
関門,關門,關,関,FALSE,新規・辞書検索系・基底熟語,漢字/熟語検索サイト・漢検系確認候補,,FALSE,https://kokugo.jitenon.jp/kanji/%E9%97%9C/contain/ / https://kakijun.com/kanji/kotoba/95dc.html,先行の告示PDF由来リストとは別枠。語単位最長一致でのみ実行し、一字置換は禁止。,旧字体・新字体の一字対応で処理可能なため、熟語単位ルールから除外,旧字体一字対応テーブル側で管理
関節,關節,關,関,FALSE,新規・辞書検索系・基底熟語,漢字/熟語検索サイト・漢検系確認候補,,FALSE,https://kokugo.jitenon.jp/kanji/%E9%97%9C/contain/ / https://kakijun.com/kanji/kotoba/95dc.html,先行の告示PDF由来リストとは別枠。語単位最長一致でのみ実行し、一字置換は禁止。,旧字体・新字体の一字対応で処理可能なため、熟語単位ルールから除外,旧字体一字対応テーブル側で管理
関数,關數,關,関,FALSE,新規・辞書検索系・基底熟語,漢字/熟語検索サイト・漢検系確認候補,,FALSE,https://kokugo.jitenon.jp/kanji/%E9%97%9C/contain/ / https://kakijun.com/kanji/kotoba/95dc.html,先行の告示PDF由来リストとは別枠。語単位最長一致でのみ実行し、一字置換は禁止。,旧字体・新字体の一字対応で処理可能なため、熟語単位ルールから除外,旧字体一字対応テーブル側で管理
税関,税關,關,関,FALSE,新規・辞書検索系・基底熟語,漢字/熟語検索サイト・漢検系確認候補,,FALSE,https://kokugo.jitenon.jp/kanji/%E9%97%9C/contain/ / https://kakijun.com/kanji/kotoba/95dc.html,先行の告示PDF由来リストとは別枠。語単位最長一致でのみ実行し、一字置換は禁止。,旧字体・新字体の一字対応で処理可能なため、熟語単位ルールから除外,旧字体一字対応テーブル側で管理
価値,價値,價,価,FALSE,新規・辞書検索系・基底熟語,漢字/熟語検索サイト・漢検系確認候補,,FALSE,https://kokugo.jitenon.jp/kanji/%E5%83%B9/contain/ / https://kakijun.com/kanji/kotoba/50f9.html,先行の告示PDF由来リストとは別枠。語単位最長一致でのみ実行し、一字置換は禁止。,旧字体・新字体の一字対応で処理可能なため、熟語単位ルールから除外,旧字体一字対応テーブル側で管理
価格,價格,價,価,FALSE,新規・辞書検索系・基底熟語,漢字/熟語検索サイト・漢検系確認候補,,FALSE,https://kokugo.jitenon.jp/kanji/%E5%83%B9/contain/ / https://kakijun.com/kanji/kotoba/50f9.html,先行の告示PDF由来リストとは別枠。語単位最長一致でのみ実行し、一字置換は禁止。,旧字体・新字体の一字対応で処理可能なため、熟語単位ルールから除外,旧字体一字対応テーブル側で管理
物価,物價,價,価,FALSE,新規・辞書検索系・基底熟語,漢字/熟語検索サイト・漢検系確認候補,,FALSE,https://kokugo.jitenon.jp/kanji/%E5%83%B9/contain/ / https://kakijun.com/kanji/kotoba/50f9.html,先行の告示PDF由来リストとは別枠。語単位最長一致でのみ実行し、一字置換は禁止。,旧字体・新字体の一字対応で処理可能なため、熟語単位ルールから除外,旧字体一字対応テーブル側で管理
定価,定價,價,価,FALSE,新規・辞書検索系・基底熟語,漢字/熟語検索サイト・漢検系確認候補,,FALSE,https://kokugo.jitenon.jp/kanji/%E5%83%B9/contain/ / https://kakijun.com/kanji/kotoba/50f9.html,先行の告示PDF由来リストとは別枠。語単位最長一致でのみ実行し、一字置換は禁止。,旧字体・新字体の一字対応で処理可能なため、熟語単位ルールから除外,旧字体一字対応テーブル側で管理
評価,評價,價,価,FALSE,新規・辞書検索系・基底熟語,漢字/熟語検索サイト・漢検系確認候補,,FALSE,https://kokugo.jitenon.jp/kanji/%E5%83%B9/contain/ / https://kakijun.com/kanji/kotoba/50f9.html,先行の告示PDF由来リストとは別枠。語単位最長一致でのみ実行し、一字置換は禁止。,旧字体・新字体の一字対応で処理可能なため、熟語単位ルールから除外,旧字体一字対応テーブル側で管理
原価,原價,價,価,FALSE,新規・辞書検索系・基底熟語,漢字/熟語検索サイト・漢検系確認候補,,FALSE,https://kokugo.jitenon.jp/kanji/%E5%83%B9/contain/ / https://kakijun.com/kanji/kotoba/50f9.html,先行の告示PDF由来リストとは別枠。語単位最長一致でのみ実行し、一字置換は禁止。,旧字体・新字体の一字対応で処理可能なため、熟語単位ルールから除外,旧字体一字対応テーブル側で管理
高価,高價,價,価,FALSE,新規・辞書検索系・基底熟語,漢字/熟語検索サイト・漢検系確認候補,,FALSE,https://kokugo.jitenon.jp/kanji/%E5%83%B9/contain/ / https://kakijun.com/kanji/kotoba/50f9.html,先行の告示PDF由来リストとは別枠。語単位最長一致でのみ実行し、一字置換は禁止。,旧字体・新字体の一字対応で処理可能なため、熟語単位ルールから除外,旧字体一字対応テーブル側で管理
代価,代價,價,価,FALSE,新規・辞書検索系・基底熟語,漢字/熟語検索サイト・漢検系確認候補,,FALSE,https://kokugo.jitenon.jp/kanji/%E5%83%B9/contain/ / https://kakijun.com/kanji/kotoba/50f9.html,先行の告示PDF由来リストとは別枠。語単位最長一致でのみ実行し、一字置換は禁止。,旧字体・新字体の一字対応で処理可能なため、熟語単位ルールから除外,旧字体一字対応テーブル側で管理
安価,安價,價,価,FALSE,新規・辞書検索系・基底熟語,漢字/熟語検索サイト・漢検系確認候補,,FALSE,https://kokugo.jitenon.jp/kanji/%E5%83%B9/contain/ / https://kakijun.com/kanji/kotoba/50f9.html,先行の告示PDF由来リストとは別枠。語単位最長一致でのみ実行し、一字置換は禁止。,旧字体・新字体の一字対応で処理可能なため、熟語単位ルールから除外,旧字体一字対応テーブル側で管理
時価,時價,價,価,FALSE,新規・辞書検索系・基底熟語,漢字/熟語検索サイト・漢検系確認候補,,FALSE,https://kokugo.jitenon.jp/kanji/%E5%83%B9/contain/ / https://kakijun.com/kanji/kotoba/50f9.html,先行の告示PDF由来リストとは別枠。語単位最長一致でのみ実行し、一字置換は禁止。,旧字体・新字体の一字対応で処理可能なため、熟語単位ルールから除外,旧字体一字対応テーブル側で管理
売買,賣買,賣,売,FALSE,新規・辞書検索系・基底熟語,漢字/熟語検索サイト・漢検系確認候補,,FALSE,https://kokugo.jitenon.jp/kanji/%E8%B3%A3/contain/ / https://kakijun.com/kanji/kotoba/8ce3.html,先行の告示PDF由来リストとは別枠。語単位最長一致でのみ実行し、一字置換は禁止。,旧字体・新字体の一字対応で処理可能なため、熟語単位ルールから除外,旧字体一字対応テーブル側で管理
販売,販賣,賣,売,FALSE,新規・辞書検索系・基底熟語,漢字/熟語検索サイト・漢検系確認候補,,FALSE,https://kokugo.jitenon.jp/kanji/%E8%B3%A3/contain/ / https://kakijun.com/kanji/kotoba/8ce3.html,先行の告示PDF由来リストとは別枠。語単位最長一致でのみ実行し、一字置換は禁止。,旧字体・新字体の一字対応で処理可能なため、熟語単位ルールから除外,旧字体一字対応テーブル側で管理
商売,商賣,賣,売,FALSE,新規・辞書検索系・基底熟語,漢字/熟語検索サイト・漢検系確認候補,,FALSE,https://kokugo.jitenon.jp/kanji/%E8%B3%A3/contain/ / https://kakijun.com/kanji/kotoba/8ce3.html,先行の告示PDF由来リストとは別枠。語単位最長一致でのみ実行し、一字置換は禁止。,旧字体・新字体の一字対応で処理可能なため、熟語単位ルールから除外,旧字体一字対応テーブル側で管理
売上,賣上,賣,売,FALSE,新規・辞書検索系・基底熟語,漢字/熟語検索サイト・漢検系確認候補,,FALSE,https://kokugo.jitenon.jp/kanji/%E8%B3%A3/contain/ / https://kakijun.com/kanji/kotoba/8ce3.html,先行の告示PDF由来リストとは別枠。語単位最長一致でのみ実行し、一字置換は禁止。,旧字体・新字体の一字対応で処理可能なため、熟語単位ルールから除外,旧字体一字対応テーブル側で管理
売店,賣店,賣,売,FALSE,新規・辞書検索系・基底熟語,漢字/熟語検索サイト・漢検系確認候補,,FALSE,https://kokugo.jitenon.jp/kanji/%E8%B3%A3/contain/ / https://kakijun.com/kanji/kotoba/8ce3.html,先行の告示PDF由来リストとは別枠。語単位最長一致でのみ実行し、一字置換は禁止。,旧字体・新字体の一字対応で処理可能なため、熟語単位ルールから除外,旧字体一字対応テーブル側で管理
売却,賣却,賣,売,FALSE,新規・辞書検索系・基底熟語,漢字/熟語検索サイト・漢検系確認候補,,FALSE,https://kokugo.jitenon.jp/kanji/%E8%B3%A3/contain/ / https://kakijun.com/kanji/kotoba/8ce3.html,先行の告示PDF由来リストとは別枠。語単位最長一致でのみ実行し、一字置換は禁止。,旧字体・新字体の一字対応で処理可能なため、熟語単位ルールから除外,旧字体一字対応テーブル側で管理
売価,賣價,賣,売,FALSE,新規・辞書検索系・基底熟語,漢字/熟語検索サイト・漢検系確認候補,,FALSE,https://kokugo.jitenon.jp/kanji/%E8%B3%A3/contain/ / https://kakijun.com/kanji/kotoba/8ce3.html,先行の告示PDF由来リストとは別枠。語単位最長一致でのみ実行し、一字置換は禁止。,旧字体・新字体の一字対応で処理可能なため、熟語単位ルールから除外,旧字体一字対応テーブル側で管理
売名,賣名,賣,売,FALSE,新規・辞書検索系・基底熟語,漢字/熟語検索サイト・漢検系確認候補,,FALSE,https://kokugo.jitenon.jp/kanji/%E8%B3%A3/contain/ / https://kakijun.com/kanji/kotoba/8ce3.html,先行の告示PDF由来リストとは別枠。語単位最長一致でのみ実行し、一字置換は禁止。,旧字体・新字体の一字対応で処理可能なため、熟語単位ルールから除外,旧字体一字対応テーブル側で管理
売国,賣國,賣,売,FALSE,新規・辞書検索系・基底熟語,漢字/熟語検索サイト・漢検系確認候補,,FALSE,https://kokugo.jitenon.jp/kanji/%E8%B3%A3/contain/ / https://kakijun.com/kanji/kotoba/8ce3.html,先行の告示PDF由来リストとは別枠。語単位最長一致でのみ実行し、一字置換は禁止。,旧字体・新字体の一字対応で処理可能なため、熟語単位ルールから除外,旧字体一字対応テーブル側で管理
食塩,食鹽,鹽,塩,FALSE,新規・辞書検索系・基底熟語,漢字/熟語検索サイト・漢検系確認候補,,FALSE,https://kokugo.jitenon.jp/kanji/%E9%B9%BD/contain/ / https://kakijun.com/kanji/kotoba/9e7d.html,先行の告示PDF由来リストとは別枠。語単位最長一致でのみ実行し、一字置換は禁止。,旧字体・新字体の一字対応で処理可能なため、熟語単位ルールから除外,旧字体一字対応テーブル側で管理
塩分,鹽分,鹽,塩,FALSE,新規・辞書検索系・基底熟語,漢字/熟語検索サイト・漢検系確認候補,,FALSE,https://kokugo.jitenon.jp/kanji/%E9%B9%BD/contain/ / https://kakijun.com/kanji/kotoba/9e7d.html,先行の告示PDF由来リストとは別枠。語単位最長一致でのみ実行し、一字置換は禁止。,旧字体・新字体の一字対応で処理可能なため、熟語単位ルールから除外,旧字体一字対応テーブル側で管理
塩化,鹽化,鹽,塩,FALSE,新規・辞書検索系・基底熟語,漢字/熟語検索サイト・漢検系確認候補,,FALSE,https://kokugo.jitenon.jp/kanji/%E9%B9%BD/contain/ / https://kakijun.com/kanji/kotoba/9e7d.html,先行の告示PDF由来リストとは別枠。語単位最長一致でのみ実行し、一字置換は禁止。,旧字体・新字体の一字対応で処理可能なため、熟語単位ルールから除外,旧字体一字対応テーブル側で管理
塩田,鹽田,鹽,塩,FALSE,新規・辞書検索系・基底熟語,漢字/熟語検索サイト・漢検系確認候補,固有名詞・姓地名注意,FALSE,https://kokugo.jitenon.jp/kanji/%E9%B9%BD/contain/ / https://kakijun.com/kanji/kotoba/9e7d.html,先行の告示PDF由来リストとは別枠。語単位最長一致でのみ実行し、一字置換は禁止。,旧字体・新字体の一字対応で処理可能なため、熟語単位ルールから除外,旧字体一字対応テーブル側で管理
塩酸,鹽酸,鹽,塩,FALSE,新規・辞書検索系・基底熟語,漢字/熟語検索サイト・漢検系確認候補,,FALSE,https://kokugo.jitenon.jp/kanji/%E9%B9%BD/contain/ / https://kakijun.com/kanji/kotoba/9e7d.html,先行の告示PDF由来リストとは別枠。語単位最長一致でのみ実行し、一字置換は禁止。,旧字体・新字体の一字対応で処理可能なため、熟語単位ルールから除外,旧字体一字対応テーブル側で管理
製塩,製鹽,鹽,塩,FALSE,新規・辞書検索系・基底熟語,漢字/熟語検索サイト・漢検系確認候補,,FALSE,https://kokugo.jitenon.jp/kanji/%E9%B9%BD/contain/ / https://kakijun.com/kanji/kotoba/9e7d.html,先行の告示PDF由来リストとは別枠。語単位最長一致でのみ実行し、一字置換は禁止。,旧字体・新字体の一字対応で処理可能なため、熟語単位ルールから除外,旧字体一字対応テーブル側で管理
塩水,鹽水,鹽,塩,FALSE,新規・辞書検索系・基底熟語,漢字/熟語検索サイト・漢検系確認候補,,FALSE,https://kokugo.jitenon.jp/kanji/%E9%B9%BD/contain/ / https://kakijun.com/kanji/kotoba/9e7d.html,先行の告示PDF由来リストとは別枠。語単位最長一致でのみ実行し、一字置換は禁止。,旧字体・新字体の一字対応で処理可能なため、熟語単位ルールから除外,旧字体一字対応テーブル側で管理
塩辛,鹽辛,鹽,塩,FALSE,新規・辞書検索系・基底熟語,漢字/熟語検索サイト・漢検系確認候補,,FALSE,https://kokugo.jitenon.jp/kanji/%E9%B9%BD/contain/ / https://kakijun.com/kanji/kotoba/9e7d.html,先行の告示PDF由来リストとは別枠。語単位最長一致でのみ実行し、一字置換は禁止。,旧字体・新字体の一字対応で処理可能なため、熟語単位ルールから除外,旧字体一字対応テーブル側で管理
塩基,鹽基,鹽,塩,FALSE,新規・辞書検索系・基底熟語,漢字/熟語検索サイト・漢検系確認候補,,FALSE,https://kokugo.jitenon.jp/kanji/%E9%B9%BD/contain/ / https://kakijun.com/kanji/kotoba/9e7d.html,先行の告示PDF由来リストとは別枠。語単位最長一致でのみ実行し、一字置換は禁止。,旧字体・新字体の一字対応で処理可能なため、熟語単位ルールから除外,旧字体一字対応テーブル側で管理
恋愛,戀愛,戀,恋,FALSE,新規・辞書検索系・基底熟語,漢字/熟語検索サイト・漢検系確認候補,,FALSE,https://kokugo.jitenon.jp/kanji/%E6%88%80/contain/ / https://kakijun.com/kanji/kotoba/6200.html,先行の告示PDF由来リストとは別枠。語単位最長一致でのみ実行し、一字置換は禁止。,旧字体・新字体の一字対応で処理可能なため、熟語単位ルールから除外,旧字体一字対応テーブル側で管理
初恋,初戀,戀,恋,FALSE,新規・辞書検索系・基底熟語,漢字/熟語検索サイト・漢検系確認候補,,FALSE,https://kokugo.jitenon.jp/kanji/%E6%88%80/contain/ / https://kakijun.com/kanji/kotoba/6200.html,先行の告示PDF由来リストとは別枠。語単位最長一致でのみ実行し、一字置換は禁止。,旧字体・新字体の一字対応で処理可能なため、熟語単位ルールから除外,旧字体一字対応テーブル側で管理
失恋,失戀,戀,恋,FALSE,新規・辞書検索系・基底熟語,漢字/熟語検索サイト・漢検系確認候補,,FALSE,https://kokugo.jitenon.jp/kanji/%E6%88%80/contain/ / https://kakijun.com/kanji/kotoba/6200.html,先行の告示PDF由来リストとは別枠。語単位最長一致でのみ実行し、一字置換は禁止。,旧字体・新字体の一字対応で処理可能なため、熟語単位ルールから除外,旧字体一字対応テーブル側で管理
恋人,戀人,戀,恋,FALSE,新規・辞書検索系・基底熟語,漢字/熟語検索サイト・漢検系確認候補,,FALSE,https://kokugo.jitenon.jp/kanji/%E6%88%80/contain/ / https://kakijun.com/kanji/kotoba/6200.html,先行の告示PDF由来リストとは別枠。語単位最長一致でのみ実行し、一字置換は禁止。,旧字体・新字体の一字対応で処理可能なため、熟語単位ルールから除外,旧字体一字対応テーブル側で管理
恋文,戀文,戀,恋,FALSE,新規・辞書検索系・基底熟語,漢字/熟語検索サイト・漢検系確認候補,,FALSE,https://kokugo.jitenon.jp/kanji/%E6%88%80/contain/ / https://kakijun.com/kanji/kotoba/6200.html,先行の告示PDF由来リストとは別枠。語単位最長一致でのみ実行し、一字置換は禁止。,旧字体・新字体の一字対応で処理可能なため、熟語単位ルールから除外,旧字体一字対応テーブル側で管理
悲恋,悲戀,戀,恋,FALSE,新規・辞書検索系・基底熟語,漢字/熟語検索サイト・漢検系確認候補,,FALSE,https://kokugo.jitenon.jp/kanji/%E6%88%80/contain/ / https://kakijun.com/kanji/kotoba/6200.html,先行の告示PDF由来リストとは別枠。語単位最長一致でのみ実行し、一字置換は禁止。,旧字体・新字体の一字対応で処理可能なため、熟語単位ルールから除外,旧字体一字対応テーブル側で管理
恋慕,戀慕,戀,恋,FALSE,新規・辞書検索系・基底熟語,漢字/熟語検索サイト・漢検系確認候補,,FALSE,https://kokugo.jitenon.jp/kanji/%E6%88%80/contain/ / https://kakijun.com/kanji/kotoba/6200.html,先行の告示PDF由来リストとは別枠。語単位最長一致でのみ実行し、一字置換は禁止。,旧字体・新字体の一字対応で処理可能なため、熟語単位ルールから除外,旧字体一字対応テーブル側で管理
恋路,戀路,戀,恋,FALSE,新規・辞書検索系・基底熟語,漢字/熟語検索サイト・漢検系確認候補,,FALSE,https://kokugo.jitenon.jp/kanji/%E6%88%80/contain/ / https://kakijun.com/kanji/kotoba/6200.html,先行の告示PDF由来リストとは別枠。語単位最長一致でのみ実行し、一字置換は禁止。,旧字体・新字体の一字対応で処理可能なため、熟語単位ルールから除外,旧字体一字対応テーブル側で管理
恋歌,戀歌,戀,恋,FALSE,新規・辞書検索系・基底熟語,漢字/熟語検索サイト・漢検系確認候補,,FALSE,https://kokugo.jitenon.jp/kanji/%E6%88%80/contain/ / https://kakijun.com/kanji/kotoba/6200.html,先行の告示PDF由来リストとは別枠。語単位最長一致でのみ実行し、一字置換は禁止。,旧字体・新字体の一字対応で処理可能なため、熟語単位ルールから除外,旧字体一字対応テーブル側で管理
悪意,惡意,惡,悪,FALSE,新規・辞書検索系・基底熟語,漢字/熟語検索サイト・漢検系確認候補,,FALSE,https://kokugo.jitenon.jp/kanji/%E6%83%A1/contain/ / https://kakijun.com/kanji/kotoba/60e1.html,先行の告示PDF由来リストとは別枠。語単位最長一致でのみ実行し、一字置換は禁止。,旧字体・新字体の一字対応で処理可能なため、熟語単位ルールから除外,旧字体一字対応テーブル側で管理
悪質,惡質,惡,悪,FALSE,新規・辞書検索系・基底熟語,漢字/熟語検索サイト・漢検系確認候補,,FALSE,https://kokugo.jitenon.jp/kanji/%E6%83%A1/contain/ / https://kakijun.com/kanji/kotoba/60e1.html,先行の告示PDF由来リストとは別枠。語単位最長一致でのみ実行し、一字置換は禁止。,旧字体・新字体の一字対応で処理可能なため、熟語単位ルールから除外,旧字体一字対応テーブル側で管理
悪化,惡化,惡,悪,FALSE,新規・辞書検索系・基底熟語,漢字/熟語検索サイト・漢検系確認候補,,FALSE,https://kokugo.jitenon.jp/kanji/%E6%83%A1/contain/ / https://kakijun.com/kanji/kotoba/60e1.html,先行の告示PDF由来リストとは別枠。語単位最長一致でのみ実行し、一字置換は禁止。,旧字体・新字体の一字対応で処理可能なため、熟語単位ルールから除外,旧字体一字対応テーブル側で管理
最悪,最惡,惡,悪,FALSE,新規・辞書検索系・基底熟語,漢字/熟語検索サイト・漢検系確認候補,,FALSE,https://kokugo.jitenon.jp/kanji/%E6%83%A1/contain/ / https://kakijun.com/kanji/kotoba/60e1.html,先行の告示PDF由来リストとは別枠。語単位最長一致でのみ実行し、一字置換は禁止。,旧字体・新字体の一字対応で処理可能なため、熟語単位ルールから除外,旧字体一字対応テーブル側で管理
善悪,善惡,惡,悪,FALSE,新規・辞書検索系・基底熟語,漢字/熟語検索サイト・漢検系確認候補,,FALSE,https://kokugo.jitenon.jp/kanji/%E6%83%A1/contain/ / https://kakijun.com/kanji/kotoba/60e1.html,先行の告示PDF由来リストとは別枠。語単位最長一致でのみ実行し、一字置換は禁止。,旧字体・新字体の一字対応で処理可能なため、熟語単位ルールから除外,旧字体一字対応テーブル側で管理
罪悪,罪惡,惡,悪,FALSE,新規・辞書検索系・基底熟語,漢字/熟語検索サイト・漢検系確認候補,,FALSE,https://kokugo.jitenon.jp/kanji/%E6%83%A1/contain/ / https://kakijun.com/kanji/kotoba/60e1.html,先行の告示PDF由来リストとは別枠。語単位最長一致でのみ実行し、一字置換は禁止。,旧字体・新字体の一字対応で処理可能なため、熟語単位ルールから除外,旧字体一字対応テーブル側で管理
悪夢,惡夢,惡,悪,FALSE,新規・辞書検索系・基底熟語,漢字/熟語検索サイト・漢検系確認候補,,FALSE,https://kokugo.jitenon.jp/kanji/%E6%83%A1/contain/ / https://kakijun.com/kanji/kotoba/60e1.html,先行の告示PDF由来リストとは別枠。語単位最長一致でのみ実行し、一字置換は禁止。,旧字体・新字体の一字対応で処理可能なため、熟語単位ルールから除外,旧字体一字対応テーブル側で管理
悪徳,惡德,惡,悪,FALSE,新規・辞書検索系・基底熟語,漢字/熟語検索サイト・漢検系確認候補,,FALSE,https://kokugo.jitenon.jp/kanji/%E6%83%A1/contain/ / https://kakijun.com/kanji/kotoba/60e1.html,先行の告示PDF由来リストとは別枠。語単位最長一致でのみ実行し、一字置換は禁止。,旧字体・新字体の一字対応で処理可能なため、熟語単位ルールから除外,旧字体一字対応テーブル側で管理
悪人,惡人,惡,悪,FALSE,新規・辞書検索系・基底熟語,漢字/熟語検索サイト・漢検系確認候補,,FALSE,https://kokugo.jitenon.jp/kanji/%E6%83%A1/contain/ / https://kakijun.com/kanji/kotoba/60e1.html,先行の告示PDF由来リストとは別枠。語単位最長一致でのみ実行し、一字置換は禁止。,旧字体・新字体の一字対応で処理可能なため、熟語単位ルールから除外,旧字体一字対応テーブル側で管理
悪魔,惡魔,惡,悪,FALSE,新規・辞書検索系・基底熟語,漢字/熟語検索サイト・漢検系確認候補,,FALSE,https://kokugo.jitenon.jp/kanji/%E6%83%A1/contain/ / https://kakijun.com/kanji/kotoba/60e1.html,先行の告示PDF由来リストとは別枠。語単位最長一致でのみ実行し、一字置換は禁止。,旧字体・新字体の一字対応で処理可能なため、熟語単位ルールから除外,旧字体一字対応テーブル側で管理
圧力,壓力,壓,圧,FALSE,新規・辞書検索系・基底熟語,漢字/熟語検索サイト・漢検系確認候補,,FALSE,https://kokugo.jitenon.jp/kanji/%E5%A3%93/contain/ / https://kakijun.com/kanji/kotoba/58d3.html,先行の告示PDF由来リストとは別枠。語単位最長一致でのみ実行し、一字置換は禁止。,旧字体・新字体の一字対応で処理可能なため、熟語単位ルールから除外,旧字体一字対応テーブル側で管理
血圧,血壓,壓,圧,FALSE,新規・辞書検索系・基底熟語,漢字/熟語検索サイト・漢検系確認候補,,FALSE,https://kokugo.jitenon.jp/kanji/%E5%A3%93/contain/ / https://kakijun.com/kanji/kotoba/58d3.html,先行の告示PDF由来リストとは別枠。語単位最長一致でのみ実行し、一字置換は禁止。,旧字体・新字体の一字対応で処理可能なため、熟語単位ルールから除外,旧字体一字対応テーブル側で管理
圧迫,壓迫,壓,圧,FALSE,新規・辞書検索系・基底熟語,漢字/熟語検索サイト・漢検系確認候補,,FALSE,https://kokugo.jitenon.jp/kanji/%E5%A3%93/contain/ / https://kakijun.com/kanji/kotoba/58d3.html,先行の告示PDF由来リストとは別枠。語単位最長一致でのみ実行し、一字置換は禁止。,旧字体・新字体の一字対応で処理可能なため、熟語単位ルールから除外,旧字体一字対応テーブル側で管理
圧縮,壓縮,壓,圧,FALSE,新規・辞書検索系・基底熟語,漢字/熟語検索サイト・漢検系確認候補,,FALSE,https://kokugo.jitenon.jp/kanji/%E5%A3%93/contain/ / https://kakijun.com/kanji/kotoba/58d3.html,先行の告示PDF由来リストとは別枠。語単位最長一致でのみ実行し、一字置換は禁止。,旧字体・新字体の一字対応で処理可能なため、熟語単位ルールから除外,旧字体一字対応テーブル側で管理
電圧,電壓,壓,圧,FALSE,新規・辞書検索系・基底熟語,漢字/熟語検索サイト・漢検系確認候補,,FALSE,https://kokugo.jitenon.jp/kanji/%E5%A3%93/contain/ / https://kakijun.com/kanji/kotoba/58d3.html,先行の告示PDF由来リストとは別枠。語単位最長一致でのみ実行し、一字置換は禁止。,旧字体・新字体の一字対応で処理可能なため、熟語単位ルールから除外,旧字体一字対応テーブル側で管理
圧倒,壓倒,壓,圧,FALSE,新規・辞書検索系・基底熟語,漢字/熟語検索サイト・漢検系確認候補,,FALSE,https://kokugo.jitenon.jp/kanji/%E5%A3%93/contain/ / https://kakijun.com/kanji/kotoba/58d3.html,先行の告示PDF由来リストとは別枠。語単位最長一致でのみ実行し、一字置換は禁止。,旧字体・新字体の一字対応で処理可能なため、熟語単位ルールから除外,旧字体一字対応テーブル側で管理
高圧,高壓,壓,圧,FALSE,新規・辞書検索系・基底熟語,漢字/熟語検索サイト・漢検系確認候補,,FALSE,https://kokugo.jitenon.jp/kanji/%E5%A3%93/contain/ / https://kakijun.com/kanji/kotoba/58d3.html,先行の告示PDF由来リストとは別枠。語単位最長一致でのみ実行し、一字置換は禁止。,旧字体・新字体の一字対応で処理可能なため、熟語単位ルールから除外,旧字体一字対応テーブル側で管理
低圧,低壓,壓,圧,FALSE,新規・辞書検索系・基底熟語,漢字/熟語検索サイト・漢検系確認候補,,FALSE,https://kokugo.jitenon.jp/kanji/%E5%A3%93/contain/ / https://kakijun.com/kanji/kotoba/58d3.html,先行の告示PDF由来リストとは別枠。語単位最長一致でのみ実行し、一字置換は禁止。,旧字体・新字体の一字対応で処理可能なため、熟語単位ルールから除外,旧字体一字対応テーブル側で管理
圧政,壓政,壓,圧,FALSE,新規・辞書検索系・基底熟語,漢字/熟語検索サイト・漢検系確認候補,,FALSE,https://kokugo.jitenon.jp/kanji/%E5%A3%93/contain/ / https://kakijun.com/kanji/kotoba/58d3.html,先行の告示PDF由来リストとは別枠。語単位最長一致でのみ実行し、一字置換は禁止。,旧字体・新字体の一字対応で処理可能なため、熟語単位ルールから除外,旧字体一字対応テーブル側で管理
軽快,輕快,輕,軽,FALSE,新規・辞書検索系・基底熟語,漢字/熟語検索サイト・漢検系確認候補,,FALSE,https://kokugo.jitenon.jp/kanji/%E8%BC%95/contain/ / https://kakijun.com/kanji/kotoba/8f15.html,先行の告示PDF由来リストとは別枠。語単位最長一致でのみ実行し、一字置換は禁止。,旧字体・新字体の一字対応で処理可能なため、熟語単位ルールから除外,旧字体一字対応テーブル側で管理
軽量,輕量,輕,軽,FALSE,新規・辞書検索系・基底熟語,漢字/熟語検索サイト・漢検系確認候補,,FALSE,https://kokugo.jitenon.jp/kanji/%E8%BC%95/contain/ / https://kakijun.com/kanji/kotoba/8f15.html,先行の告示PDF由来リストとは別枠。語単位最長一致でのみ実行し、一字置換は禁止。,旧字体・新字体の一字対応で処理可能なため、熟語単位ルールから除外,旧字体一字対応テーブル側で管理
軽油,輕油,輕,軽,FALSE,新規・辞書検索系・基底熟語,漢字/熟語検索サイト・漢検系確認候補,,FALSE,https://kokugo.jitenon.jp/kanji/%E8%BC%95/contain/ / https://kakijun.com/kanji/kotoba/8f15.html,先行の告示PDF由来リストとは別枠。語単位最長一致でのみ実行し、一字置換は禁止。,旧字体・新字体の一字対応で処理可能なため、熟語単位ルールから除外,旧字体一字対応テーブル側で管理
軽傷,輕傷,輕,軽,FALSE,新規・辞書検索系・基底熟語,漢字/熟語検索サイト・漢検系確認候補,,FALSE,https://kokugo.jitenon.jp/kanji/%E8%BC%95/contain/ / https://kakijun.com/kanji/kotoba/8f15.html,先行の告示PDF由来リストとは別枠。語単位最長一致でのみ実行し、一字置換は禁止。,旧字体・新字体の一字対応で処理可能なため、熟語単位ルールから除外,旧字体一字対応テーブル側で管理
軽視,輕視,輕,軽,FALSE,新規・辞書検索系・基底熟語,漢字/熟語検索サイト・漢検系確認候補,,FALSE,https://kokugo.jitenon.jp/kanji/%E8%BC%95/contain/ / https://kakijun.com/kanji/kotoba/8f15.html,先行の告示PDF由来リストとは別枠。語単位最長一致でのみ実行し、一字置換は禁止。,旧字体・新字体の一字対応で処理可能なため、熟語単位ルールから除外,旧字体一字対応テーブル側で管理
軽減,輕減,輕,軽,FALSE,新規・辞書検索系・基底熟語,漢字/熟語検索サイト・漢検系確認候補,,FALSE,https://kokugo.jitenon.jp/kanji/%E8%BC%95/contain/ / https://kakijun.com/kanji/kotoba/8f15.html,先行の告示PDF由来リストとは別枠。語単位最長一致でのみ実行し、一字置換は禁止。,旧字体・新字体の一字対応で処理可能なため、熟語単位ルールから除外,旧字体一字対応テーブル側で管理
軽率,輕率,輕,軽,FALSE,新規・辞書検索系・基底熟語,漢字/熟語検索サイト・漢検系確認候補,,FALSE,https://kokugo.jitenon.jp/kanji/%E8%BC%95/contain/ / https://kakijun.com/kanji/kotoba/8f15.html,先行の告示PDF由来リストとは別枠。語単位最長一致でのみ実行し、一字置換は禁止。,旧字体・新字体の一字対応で処理可能なため、熟語単位ルールから除外,旧字体一字対応テーブル側で管理
軽薄,輕薄,輕,軽,FALSE,新規・辞書検索系・基底熟語,漢字/熟語検索サイト・漢検系確認候補,,FALSE,https://kokugo.jitenon.jp/kanji/%E8%BC%95/contain/ / https://kakijun.com/kanji/kotoba/8f15.html,先行の告示PDF由来リストとは別枠。語単位最長一致でのみ実行し、一字置換は禁止。,旧字体・新字体の一字対応で処理可能なため、熟語単位ルールから除外,旧字体一字対応テーブル側で管理
軽蔑,輕蔑,輕,軽,FALSE,新規・辞書検索系・基底熟語,漢字/熟語検索サイト・漢検系確認候補,,FALSE,https://kokugo.jitenon.jp/kanji/%E8%BC%95/contain/ / https://kakijun.com/kanji/kotoba/8f15.html,先行の告示PDF由来リストとは別枠。語単位最長一致でのみ実行し、一字置換は禁止。,旧字体・新字体の一字対応で処理可能なため、熟語単位ルールから除外,旧字体一字対応テーブル側で管理
軽妙,輕妙,輕,軽,FALSE,新規・辞書検索系・基底熟語,漢字/熟語検索サイト・漢検系確認候補,,FALSE,https://kokugo.jitenon.jp/kanji/%E8%BC%95/contain/ / https://kakijun.com/kanji/kotoba/8f15.html,先行の告示PDF由来リストとは別枠。語単位最長一致でのみ実行し、一字置換は禁止。,旧字体・新字体の一字対応で処理可能なため、熟語単位ルールから除外,旧字体一字対応テーブル側で管理
経済,經濟,經,経,FALSE,新規・辞書検索系・基底熟語,漢字/熟語検索サイト・漢検系確認候補,,FALSE,https://kokugo.jitenon.jp/kanji/%E7%B6%93/contain/ / https://kakijun.com/kanji/kotoba/7d93.html,先行の告示PDF由来リストとは別枠。語単位最長一致でのみ実行し、一字置換は禁止。,旧字体・新字体の一字対応で処理可能なため、熟語単位ルールから除外,旧字体一字対応テーブル側で管理
経験,經驗,經,経,FALSE,新規・辞書検索系・基底熟語,漢字/熟語検索サイト・漢検系確認候補,,FALSE,https://kokugo.jitenon.jp/kanji/%E7%B6%93/contain/ / https://kakijun.com/kanji/kotoba/7d93.html,先行の告示PDF由来リストとは別枠。語単位最長一致でのみ実行し、一字置換は禁止。,旧字体・新字体の一字対応で処理可能なため、熟語単位ルールから除外,旧字体一字対応テーブル側で管理
経由,經由,經,経,FALSE,新規・辞書検索系・基底熟語,漢字/熟語検索サイト・漢検系確認候補,,FALSE,https://kokugo.jitenon.jp/kanji/%E7%B6%93/contain/ / https://kakijun.com/kanji/kotoba/7d93.html,先行の告示PDF由来リストとは別枠。語単位最長一致でのみ実行し、一字置換は禁止。,旧字体・新字体の一字対応で処理可能なため、熟語単位ルールから除外,旧字体一字対応テーブル側で管理
経営,經營,經,経,FALSE,新規・辞書検索系・基底熟語,漢字/熟語検索サイト・漢検系確認候補,,FALSE,https://kokugo.jitenon.jp/kanji/%E7%B6%93/contain/ / https://kakijun.com/kanji/kotoba/7d93.html,先行の告示PDF由来リストとは別枠。語単位最長一致でのみ実行し、一字置換は禁止。,旧字体・新字体の一字対応で処理可能なため、熟語単位ルールから除外,旧字体一字対応テーブル側で管理
神経,神經,經,経,FALSE,新規・辞書検索系・基底熟語,漢字/熟語検索サイト・漢検系確認候補,,FALSE,https://kokugo.jitenon.jp/kanji/%E7%B6%93/contain/ / https://kakijun.com/kanji/kotoba/7d93.html,先行の告示PDF由来リストとは別枠。語単位最長一致でのみ実行し、一字置換は禁止。,旧字体・新字体の一字対応で処理可能なため、熟語単位ルールから除外,旧字体一字対応テーブル側で管理
経路,經路,經,経,FALSE,新規・辞書検索系・基底熟語,漢字/熟語検索サイト・漢検系確認候補,,FALSE,https://kokugo.jitenon.jp/kanji/%E7%B6%93/contain/ / https://kakijun.com/kanji/kotoba/7d93.html,先行の告示PDF由来リストとは別枠。語単位最長一致でのみ実行し、一字置換は禁止。,旧字体・新字体の一字対応で処理可能なため、熟語単位ルールから除外,旧字体一字対応テーブル側で管理
経緯,經緯,經,経,FALSE,新規・辞書検索系・基底熟語,漢字/熟語検索サイト・漢検系確認候補,,FALSE,https://kokugo.jitenon.jp/kanji/%E7%B6%93/contain/ / https://kakijun.com/kanji/kotoba/7d93.html,先行の告示PDF由来リストとは別枠。語単位最長一致でのみ実行し、一字置換は禁止。,旧字体・新字体の一字対応で処理可能なため、熟語単位ルールから除外,旧字体一字対応テーブル側で管理
経費,經費,經,経,FALSE,新規・辞書検索系・基底熟語,漢字/熟語検索サイト・漢検系確認候補,,FALSE,https://kokugo.jitenon.jp/kanji/%E7%B6%93/contain/ / https://kakijun.com/kanji/kotoba/7d93.html,先行の告示PDF由来リストとは別枠。語単位最長一致でのみ実行し、一字置換は禁止。,旧字体・新字体の一字対応で処理可能なため、熟語単位ルールから除外,旧字体一字対応テーブル側で管理
経典,經典,經,経,FALSE,新規・辞書検索系・基底熟語,漢字/熟語検索サイト・漢検系確認候補,,FALSE,https://kokugo.jitenon.jp/kanji/%E7%B6%93/contain/ / https://kakijun.com/kanji/kotoba/7d93.html,先行の告示PDF由来リストとは別枠。語単位最長一致でのみ実行し、一字置換は禁止。,旧字体・新字体の一字対応で処理可能なため、熟語単位ルールから除外,旧字体一字対応テーブル側で管理
経歴,經歷,經,経,FALSE,新規・辞書検索系・基底熟語,漢字/熟語検索サイト・漢検系確認候補,,FALSE,https://kokugo.jitenon.jp/kanji/%E7%B6%93/contain/ / https://kakijun.com/kanji/kotoba/7d93.html,先行の告示PDF由来リストとは別枠。語単位最長一致でのみ実行し、一字置換は禁止。,旧字体・新字体の一字対応で処理可能なため、熟語単位ルールから除外,旧字体一字対応テーブル側で管理
経過,經過,經,経,FALSE,新規・辞書検索系・基底熟語,漢字/熟語検索サイト・漢検系確認候補,,FALSE,https://kokugo.jitenon.jp/kanji/%E7%B6%93/contain/ / https://kakijun.com/kanji/kotoba/7d93.html,先行の告示PDF由来リストとは別枠。語単位最長一致でのみ実行し、一字置換は禁止。,旧字体・新字体の一字対応で処理可能なため、熟語単位ルールから除外,旧字体一字対応テーブル側で管理
経年,經年,經,経,FALSE,新規・辞書検索系・基底熟語,漢字/熟語検索サイト・漢検系確認候補,,FALSE,https://kokugo.jitenon.jp/kanji/%E7%B6%93/contain/ / https://kakijun.com/kanji/kotoba/7d93.html,先行の告示PDF由来リストとは別枠。語単位最長一致でのみ実行し、一字置換は禁止。,旧字体・新字体の一字対応で処理可能なため、熟語単位ルールから除外,旧字体一字対応テーブル側で管理
済生,濟生,濟,済,FALSE,新規・辞書検索系・基底熟語,漢字/熟語検索サイト・漢検系確認候補,,FALSE,https://kokugo.jitenon.jp/kanji/%E6%BF%9F/contain/ / https://kakijun.com/kanji/kotoba/6fdf.html,先行の告示PDF由来リストとは別枠。語単位最長一致でのみ実行し、一字置換は禁止。,旧字体・新字体の一字対応で処理可能なため、熟語単位ルールから除外,旧字体一字対応テーブル側で管理
救済,救濟,濟,済,FALSE,新規・辞書検索系・基底熟語,漢字/熟語検索サイト・漢検系確認候補,,FALSE,https://kokugo.jitenon.jp/kanji/%E6%BF%9F/contain/ / https://kakijun.com/kanji/kotoba/6fdf.html,先行の告示PDF由来リストとは別枠。語単位最長一致でのみ実行し、一字置換は禁止。,旧字体・新字体の一字対応で処理可能なため、熟語単位ルールから除外,旧字体一字対応テーブル側で管理
返済,返濟,濟,済,FALSE,新規・辞書検索系・基底熟語,漢字/熟語検索サイト・漢検系確認候補,,FALSE,https://kokugo.jitenon.jp/kanji/%E6%BF%9F/contain/ / https://kakijun.com/kanji/kotoba/6fdf.html,先行の告示PDF由来リストとは別枠。語単位最長一致でのみ実行し、一字置換は禁止。,旧字体・新字体の一字対応で処理可能なため、熟語単位ルールから除外,旧字体一字対応テーブル側で管理
決済,決濟,濟,済,FALSE,新規・辞書検索系・基底熟語,漢字/熟語検索サイト・漢検系確認候補,,FALSE,https://kokugo.jitenon.jp/kanji/%E6%BF%9F/contain/ / https://kakijun.com/kanji/kotoba/6fdf.html,先行の告示PDF由来リストとは別枠。語単位最長一致でのみ実行し、一字置換は禁止。,旧字体・新字体の一字対応で処理可能なため、熟語単位ルールから除外,旧字体一字対応テーブル側で管理
共済,共濟,濟,済,FALSE,新規・辞書検索系・基底熟語,漢字/熟語検索サイト・漢検系確認候補,,FALSE,https://kokugo.jitenon.jp/kanji/%E6%BF%9F/contain/ / https://kakijun.com/kanji/kotoba/6fdf.html,先行の告示PDF由来リストとは別枠。語単位最長一致でのみ実行し、一字置換は禁止。,旧字体・新字体の一字対応で処理可能なため、熟語単位ルールから除外,旧字体一字対応テーブル側で管理
済度,濟度,濟,済,FALSE,新規・辞書検索系・基底熟語,漢字/熟語検索サイト・漢検系確認候補,,FALSE,https://kokugo.jitenon.jp/kanji/%E6%BF%9F/contain/ / https://kakijun.com/kanji/kotoba/6fdf.html,先行の告示PDF由来リストとは別枠。語単位最長一致でのみ実行し、一字置換は禁止。,旧字体・新字体の一字対応で処理可能なため、熟語単位ルールから除外,旧字体一字対応テーブル側で管理
完済,完濟,濟,済,FALSE,新規・辞書検索系・基底熟語,漢字/熟語検索サイト・漢検系確認候補,,FALSE,https://kokugo.jitenon.jp/kanji/%E6%BF%9F/contain/ / https://kakijun.com/kanji/kotoba/6fdf.html,先行の告示PDF由来リストとは別枠。語単位最長一致でのみ実行し、一字置換は禁止。,旧字体・新字体の一字対応で処理可能なため、熟語単位ルールから除外,旧字体一字対応テーブル側で管理
歯科,齒科,齒,歯,FALSE,新規・辞書検索系・基底熟語,漢字/熟語検索サイト・漢検系確認候補,,FALSE,https://kokugo.jitenon.jp/kanji/%E9%BD%92/contain/ / https://kakijun.com/kanji/kotoba/9f52.html,先行の告示PDF由来リストとは別枠。語単位最長一致でのみ実行し、一字置換は禁止。,旧字体・新字体の一字対応で処理可能なため、熟語単位ルールから除外,旧字体一字対応テーブル側で管理
歯車,齒車,齒,歯,FALSE,新規・辞書検索系・基底熟語,漢字/熟語検索サイト・漢検系確認候補,,FALSE,https://kokugo.jitenon.jp/kanji/%E9%BD%92/contain/ / https://kakijun.com/kanji/kotoba/9f52.html,先行の告示PDF由来リストとは別枠。語単位最長一致でのみ実行し、一字置換は禁止。,旧字体・新字体の一字対応で処理可能なため、熟語単位ルールから除外,旧字体一字対応テーブル側で管理
虫歯,蟲齒,齒,歯,FALSE,新規・辞書検索系・基底熟語,漢字/熟語検索サイト・漢検系確認候補,,FALSE,https://kokugo.jitenon.jp/kanji/%E9%BD%92/contain/ / https://kakijun.com/kanji/kotoba/9f52.html,先行の告示PDF由来リストとは別枠。語単位最長一致でのみ実行し、一字置換は禁止。,旧字体・新字体の一字対応で処理可能なため、熟語単位ルールから除外,旧字体一字対応テーブル側で管理
乳歯,乳齒,齒,歯,FALSE,新規・辞書検索系・基底熟語,漢字/熟語検索サイト・漢検系確認候補,,FALSE,https://kokugo.jitenon.jp/kanji/%E9%BD%92/contain/ / https://kakijun.com/kanji/kotoba/9f52.html,先行の告示PDF由来リストとは別枠。語単位最長一致でのみ実行し、一字置換は禁止。,旧字体・新字体の一字対応で処理可能なため、熟語単位ルールから除外,旧字体一字対応テーブル側で管理
歯磨,齒磨,齒,歯,FALSE,新規・辞書検索系・基底熟語,漢字/熟語検索サイト・漢検系確認候補,,FALSE,https://kokugo.jitenon.jp/kanji/%E9%BD%92/contain/ / https://kakijun.com/kanji/kotoba/9f52.html,先行の告示PDF由来リストとは別枠。語単位最長一致でのみ実行し、一字置換は禁止。,旧字体・新字体の一字対応で処理可能なため、熟語単位ルールから除外,旧字体一字対応テーブル側で管理
歯痛,齒痛,齒,歯,FALSE,新規・辞書検索系・基底熟語,漢字/熟語検索サイト・漢検系確認候補,,FALSE,https://kokugo.jitenon.jp/kanji/%E9%BD%92/contain/ / https://kakijun.com/kanji/kotoba/9f52.html,先行の告示PDF由来リストとは別枠。語単位最長一致でのみ実行し、一字置換は禁止。,旧字体・新字体の一字対応で処理可能なため、熟語単位ルールから除外,旧字体一字対応テーブル側で管理
永久歯,永久齒,齒,歯,FALSE,新規・辞書検索系・基底熟語,漢字/熟語検索サイト・漢検系確認候補,,FALSE,https://kokugo.jitenon.jp/kanji/%E9%BD%92/contain/ / https://kakijun.com/kanji/kotoba/9f52.html,先行の告示PDF由来リストとは別枠。語単位最長一致でのみ実行し、一字置換は禁止。,旧字体・新字体の一字対応で処理可能なため、熟語単位ルールから除外,旧字体一字対応テーブル側で管理
義歯,義齒,齒,歯,FALSE,新規・辞書検索系・基底熟語,漢字/熟語検索サイト・漢検系確認候補,,FALSE,https://kokugo.jitenon.jp/kanji/%E9%BD%92/contain/ / https://kakijun.com/kanji/kotoba/9f52.html,先行の告示PDF由来リストとは別枠。語単位最長一致でのみ実行し、一字置換は禁止。,旧字体・新字体の一字対応で処理可能なため、熟語単位ルールから除外,旧字体一字対応テーブル側で管理
斎藤,齋藤,齋,斎,FALSE,新規・辞書検索系・基底熟語,漢字/熟語検索サイト・漢検系確認候補,固有名詞・姓地名注意,FALSE,https://kokugo.jitenon.jp/kanji/%E9%BD%8B/contain/ / https://kakijun.com/kanji/kotoba/9f4b.html,先行の告示PDF由来リストとは別枠。語単位最長一致でのみ実行し、一字置換は禁止。,旧字体・新字体の一字対応で処理可能なため、熟語単位ルールから除外,旧字体一字対応テーブル側で管理
書斎,書齋,齋,斎,FALSE,新規・辞書検索系・基底熟語,漢字/熟語検索サイト・漢検系確認候補,,FALSE,https://kokugo.jitenon.jp/kanji/%E9%BD%8B/contain/ / https://kakijun.com/kanji/kotoba/9f4b.html,先行の告示PDF由来リストとは別枠。語単位最長一致でのみ実行し、一字置換は禁止。,旧字体・新字体の一字対応で処理可能なため、熟語単位ルールから除外,旧字体一字対応テーブル側で管理
斎場,齋場,齋,斎,FALSE,新規・辞書検索系・基底熟語,漢字/熟語検索サイト・漢検系確認候補,,FALSE,https://kokugo.jitenon.jp/kanji/%E9%BD%8B/contain/ / https://kakijun.com/kanji/kotoba/9f4b.html,先行の告示PDF由来リストとは別枠。語単位最長一致でのみ実行し、一字置換は禁止。,旧字体・新字体の一字対応で処理可能なため、熟語単位ルールから除外,旧字体一字対応テーブル側で管理
斎戒,齋戒,齋,斎,FALSE,新規・辞書検索系・基底熟語,漢字/熟語検索サイト・漢検系確認候補,,FALSE,https://kokugo.jitenon.jp/kanji/%E9%BD%8B/contain/ / https://kakijun.com/kanji/kotoba/9f4b.html,先行の告示PDF由来リストとは別枠。語単位最長一致でのみ実行し、一字置換は禁止。,旧字体・新字体の一字対応で処理可能なため、熟語単位ルールから除外,旧字体一字対応テーブル側で管理
潔斎,潔齋,齋,斎,FALSE,新規・辞書検索系・基底熟語,漢字/熟語検索サイト・漢検系確認候補,,FALSE,https://kokugo.jitenon.jp/kanji/%E9%BD%8B/contain/ / https://kakijun.com/kanji/kotoba/9f4b.html,先行の告示PDF由来リストとは別枠。語単位最長一致でのみ実行し、一字置換は禁止。,旧字体・新字体の一字対応で処理可能なため、熟語単位ルールから除外,旧字体一字対応テーブル側で管理
斎宮,齋宮,齋,斎,FALSE,新規・辞書検索系・基底熟語,漢字/熟語検索サイト・漢検系確認候補,,FALSE,https://kokugo.jitenon.jp/kanji/%E9%BD%8B/contain/ / https://kakijun.com/kanji/kotoba/9f4b.html,先行の告示PDF由来リストとは別枠。語単位最長一致でのみ実行し、一字置換は禁止。,旧字体・新字体の一字対応で処理可能なため、熟語単位ルールから除外,旧字体一字対応テーブル側で管理
大斎,大齋,齋,斎,FALSE,新規・辞書検索系・基底熟語,漢字/熟語検索サイト・漢検系確認候補,,FALSE,https://kokugo.jitenon.jp/kanji/%E9%BD%8B/contain/ / https://kakijun.com/kanji/kotoba/9f4b.html,先行の告示PDF由来リストとは別枠。語単位最長一致でのみ実行し、一字置換は禁止。,旧字体・新字体の一字対応で処理可能なため、熟語単位ルールから除外,旧字体一字対応テーブル側で管理
宝石,寶石,寶,宝,FALSE,新規・辞書検索系・基底熟語,漢字/熟語検索サイト・漢検系確認候補,,FALSE,https://kokugo.jitenon.jp/kanji/%E5%AF%B6/contain/ / https://kakijun.com/kanji/kotoba/5bf6.html,先行の告示PDF由来リストとは別枠。語単位最長一致でのみ実行し、一字置換は禁止。,旧字体・新字体の一字対応で処理可能なため、熟語単位ルールから除外,旧字体一字対応テーブル側で管理
宝物,寶物,寶,宝,FALSE,新規・辞書検索系・基底熟語,漢字/熟語検索サイト・漢検系確認候補,,FALSE,https://kokugo.jitenon.jp/kanji/%E5%AF%B6/contain/ / https://kakijun.com/kanji/kotoba/5bf6.html,先行の告示PDF由来リストとは別枠。語単位最長一致でのみ実行し、一字置換は禁止。,旧字体・新字体の一字対応で処理可能なため、熟語単位ルールから除外,旧字体一字対応テーブル側で管理
宝庫,寶庫,寶,宝,FALSE,新規・辞書検索系・基底熟語,漢字/熟語検索サイト・漢検系確認候補,,FALSE,https://kokugo.jitenon.jp/kanji/%E5%AF%B6/contain/ / https://kakijun.com/kanji/kotoba/5bf6.html,先行の告示PDF由来リストとは別枠。語単位最長一致でのみ実行し、一字置換は禁止。,旧字体・新字体の一字対応で処理可能なため、熟語単位ルールから除外,旧字体一字対応テーブル側で管理
財宝,財寶,寶,宝,FALSE,新規・辞書検索系・基底熟語,漢字/熟語検索サイト・漢検系確認候補,,FALSE,https://kokugo.jitenon.jp/kanji/%E5%AF%B6/contain/ / https://kakijun.com/kanji/kotoba/5bf6.html,先行の告示PDF由来リストとは別枠。語単位最長一致でのみ実行し、一字置換は禁止。,旧字体・新字体の一字対応で処理可能なため、熟語単位ルールから除外,旧字体一字対応テーブル側で管理
宝島,寶島,寶,宝,FALSE,新規・辞書検索系・基底熟語,漢字/熟語検索サイト・漢検系確認候補,固有名詞・姓地名注意,FALSE,https://kokugo.jitenon.jp/kanji/%E5%AF%B6/contain/ / https://kakijun.com/kanji/kotoba/5bf6.html,先行の告示PDF由来リストとは別枠。語単位最長一致でのみ実行し、一字置換は禁止。,旧字体・新字体の一字対応で処理可能なため、熟語単位ルールから除外,旧字体一字対応テーブル側で管理
宝船,寶船,寶,宝,FALSE,新規・辞書検索系・基底熟語,漢字/熟語検索サイト・漢検系確認候補,,FALSE,https://kokugo.jitenon.jp/kanji/%E5%AF%B6/contain/ / https://kakijun.com/kanji/kotoba/5bf6.html,先行の告示PDF由来リストとは別枠。語単位最長一致でのみ実行し、一字置換は禁止。,旧字体・新字体の一字対応で処理可能なため、熟語単位ルールから除外,旧字体一字対応テーブル側で管理
宝珠,寶珠,寶,宝,FALSE,新規・辞書検索系・基底熟語,漢字/熟語検索サイト・漢検系確認候補,,FALSE,https://kokugo.jitenon.jp/kanji/%E5%AF%B6/contain/ / https://kakijun.com/kanji/kotoba/5bf6.html,先行の告示PDF由来リストとは別枠。語単位最長一致でのみ実行し、一字置換は禁止。,旧字体・新字体の一字対応で処理可能なため、熟語単位ルールから除外,旧字体一字対応テーブル側で管理
重宝,重寶,寶,宝,FALSE,新規・辞書検索系・基底熟語,漢字/熟語検索サイト・漢検系確認候補,,FALSE,https://kokugo.jitenon.jp/kanji/%E5%AF%B6/contain/ / https://kakijun.com/kanji/kotoba/5bf6.html,先行の告示PDF由来リストとは別枠。語単位最長一致でのみ実行し、一字置換は禁止。,旧字体・新字体の一字対応で処理可能なため、熟語単位ルールから除外,旧字体一字対応テーブル側で管理
豊富,豐富,豐,豊,FALSE,新規・辞書検索系・基底熟語,漢字/熟語検索サイト・漢検系確認候補,,FALSE,https://kokugo.jitenon.jp/kanji/%E8%B1%90/contain/ / https://kakijun.com/kanji/kotoba/8c50.html,先行の告示PDF由来リストとは別枠。語単位最長一致でのみ実行し、一字置換は禁止。,旧字体・新字体の一字対応で処理可能なため、熟語単位ルールから除外,旧字体一字対応テーブル側で管理
豊作,豐作,豐,豊,FALSE,新規・辞書検索系・基底熟語,漢字/熟語検索サイト・漢検系確認候補,,FALSE,https://kokugo.jitenon.jp/kanji/%E8%B1%90/contain/ / https://kakijun.com/kanji/kotoba/8c50.html,先行の告示PDF由来リストとは別枠。語単位最長一致でのみ実行し、一字置換は禁止。,旧字体・新字体の一字対応で処理可能なため、熟語単位ルールから除外,旧字体一字対応テーブル側で管理
豊年,豐年,豐,豊,FALSE,新規・辞書検索系・基底熟語,漢字/熟語検索サイト・漢検系確認候補,,FALSE,https://kokugo.jitenon.jp/kanji/%E8%B1%90/contain/ / https://kakijun.com/kanji/kotoba/8c50.html,先行の告示PDF由来リストとは別枠。語単位最長一致でのみ実行し、一字置換は禁止。,旧字体・新字体の一字対応で処理可能なため、熟語単位ルールから除外,旧字体一字対応テーブル側で管理
豊臣,豐臣,豐,豊,FALSE,新規・辞書検索系・基底熟語,漢字/熟語検索サイト・漢検系確認候補,固有名詞・姓地名注意,FALSE,https://kokugo.jitenon.jp/kanji/%E8%B1%90/contain/ / https://kakijun.com/kanji/kotoba/8c50.html,先行の告示PDF由来リストとは別枠。語単位最長一致でのみ実行し、一字置換は禁止。,旧字体・新字体の一字対応で処理可能なため、熟語単位ルールから除外,旧字体一字対応テーブル側で管理
豊満,豐滿,豐,豊,FALSE,新規・辞書検索系・基底熟語,漢字/熟語検索サイト・漢検系確認候補,,FALSE,https://kokugo.jitenon.jp/kanji/%E8%B1%90/contain/ / https://kakijun.com/kanji/kotoba/8c50.html,先行の告示PDF由来リストとは別枠。語単位最長一致でのみ実行し、一字置換は禁止。,旧字体・新字体の一字対応で処理可能なため、熟語単位ルールから除外,旧字体一字対応テーブル側で管理
豊穣,豐穰,豐,豊,FALSE,新規・辞書検索系・基底熟語,漢字/熟語検索サイト・漢検系確認候補,,FALSE,https://kokugo.jitenon.jp/kanji/%E8%B1%90/contain/ / https://kakijun.com/kanji/kotoba/8c50.html,先行の告示PDF由来リストとは別枠。語単位最長一致でのみ実行し、一字置換は禁止。,旧字体・新字体の一字対応で処理可能なため、熟語単位ルールから除外,旧字体一字対応テーブル側で管理
豊橋,豐橋,豐,豊,FALSE,新規・辞書検索系・基底熟語,漢字/熟語検索サイト・漢検系確認候補,固有名詞・姓地名注意,FALSE,https://kokugo.jitenon.jp/kanji/%E8%B1%90/contain/ / https://kakijun.com/kanji/kotoba/8c50.html,先行の告示PDF由来リストとは別枠。語単位最長一致でのみ実行し、一字置換は禁止。,旧字体・新字体の一字対応で処理可能なため、熟語単位ルールから除外,旧字体一字対応テーブル側で管理
豊田,豐田,豐,豊,FALSE,新規・辞書検索系・基底熟語,漢字/熟語検索サイト・漢検系確認候補,固有名詞・姓地名注意,FALSE,https://kokugo.jitenon.jp/kanji/%E8%B1%90/contain/ / https://kakijun.com/kanji/kotoba/8c50.html,先行の告示PDF由来リストとは別枠。語単位最長一致でのみ実行し、一字置換は禁止。,旧字体・新字体の一字対応で処理可能なため、熟語単位ルールから除外,旧字体一字対応テーブル側で管理
寿司,壽司,壽,寿,FALSE,新規・辞書検索系・基底熟語,漢字/熟語検索サイト・漢検系確認候補,,FALSE,https://kokugo.jitenon.jp/kanji/%E5%A3%BD/contain/ / https://kakijun.com/kanji/kotoba/58fd.html,先行の告示PDF由来リストとは別枠。語単位最長一致でのみ実行し、一字置換は禁止。,旧字体・新字体の一字対応で処理可能なため、熟語単位ルールから除外,旧字体一字対応テーブル側で管理
長寿,長壽,壽,寿,FALSE,新規・辞書検索系・基底熟語,漢字/熟語検索サイト・漢検系確認候補,,FALSE,https://kokugo.jitenon.jp/kanji/%E5%A3%BD/contain/ / https://kakijun.com/kanji/kotoba/58fd.html,先行の告示PDF由来リストとは別枠。語単位最長一致でのみ実行し、一字置換は禁止。,旧字体・新字体の一字対応で処理可能なため、熟語単位ルールから除外,旧字体一字対応テーブル側で管理
寿命,壽命,壽,寿,FALSE,新規・辞書検索系・基底熟語,漢字/熟語検索サイト・漢検系確認候補,,FALSE,https://kokugo.jitenon.jp/kanji/%E5%A3%BD/contain/ / https://kakijun.com/kanji/kotoba/58fd.html,先行の告示PDF由来リストとは別枠。語単位最長一致でのみ実行し、一字置換は禁止。,旧字体・新字体の一字対応で処理可能なため、熟語単位ルールから除外,旧字体一字対応テーブル側で管理
米寿,米壽,壽,寿,FALSE,新規・辞書検索系・基底熟語,漢字/熟語検索サイト・漢検系確認候補,,FALSE,https://kokugo.jitenon.jp/kanji/%E5%A3%BD/contain/ / https://kakijun.com/kanji/kotoba/58fd.html,先行の告示PDF由来リストとは別枠。語単位最長一致でのみ実行し、一字置換は禁止。,旧字体・新字体の一字対応で処理可能なため、熟語単位ルールから除外,旧字体一字対応テーブル側で管理
喜寿,喜壽,壽,寿,FALSE,新規・辞書検索系・基底熟語,漢字/熟語検索サイト・漢検系確認候補,,FALSE,https://kokugo.jitenon.jp/kanji/%E5%A3%BD/contain/ / https://kakijun.com/kanji/kotoba/58fd.html,先行の告示PDF由来リストとは別枠。語単位最長一致でのみ実行し、一字置換は禁止。,旧字体・新字体の一字対応で処理可能なため、熟語単位ルールから除外,旧字体一字対応テーブル側で管理
寿退社,壽退社,壽,寿,FALSE,新規・辞書検索系・基底熟語,漢字/熟語検索サイト・漢検系確認候補,,FALSE,https://kokugo.jitenon.jp/kanji/%E5%A3%BD/contain/ / https://kakijun.com/kanji/kotoba/58fd.html,先行の告示PDF由来リストとは別枠。語単位最長一致でのみ実行し、一字置換は禁止。,旧字体・新字体の一字対応で処理可能なため、熟語単位ルールから除外,旧字体一字対応テーブル側で管理
寿像,壽像,壽,寿,FALSE,新規・辞書検索系・基底熟語,漢字/熟語検索サイト・漢検系確認候補,,FALSE,https://kokugo.jitenon.jp/kanji/%E5%A3%BD/contain/ / https://kakijun.com/kanji/kotoba/58fd.html,先行の告示PDF由来リストとは別枠。語単位最長一致でのみ実行し、一字置換は禁止。,旧字体・新字体の一字対応で処理可能なため、熟語単位ルールから除外,旧字体一字対応テーブル側で管理
寿詞,壽詞,壽,寿,FALSE,新規・辞書検索系・基底熟語,漢字/熟語検索サイト・漢検系確認候補,,FALSE,https://kokugo.jitenon.jp/kanji/%E5%A3%BD/contain/ / https://kakijun.com/kanji/kotoba/58fd.html,先行の告示PDF由来リストとは別枠。語単位最長一致でのみ実行し、一字置換は禁止。,旧字体・新字体の一字対応で処理可能なため、熟語単位ルールから除外,旧字体一字対応テーブル側で管理
礼儀,禮儀,禮,礼,FALSE,新規・辞書検索系・基底熟語,漢字/熟語検索サイト・漢検系確認候補,,FALSE,https://kokugo.jitenon.jp/kanji/%E7%A6%AE/contain/ / https://kakijun.com/kanji/kotoba/79ae.html,先行の告示PDF由来リストとは別枠。語単位最長一致でのみ実行し、一字置換は禁止。,旧字体・新字体の一字対応で処理可能なため、熟語単位ルールから除外,旧字体一字対応テーブル側で管理
礼状,禮状,禮,礼,FALSE,新規・辞書検索系・基底熟語,漢字/熟語検索サイト・漢検系確認候補,,FALSE,https://kokugo.jitenon.jp/kanji/%E7%A6%AE/contain/ / https://kakijun.com/kanji/kotoba/79ae.html,先行の告示PDF由来リストとは別枠。語単位最長一致でのみ実行し、一字置換は禁止。,旧字体・新字体の一字対応で処理可能なため、熟語単位ルールから除外,旧字体一字対応テーブル側で管理
失礼,失禮,禮,礼,FALSE,新規・辞書検索系・基底熟語,漢字/熟語検索サイト・漢検系確認候補,,FALSE,https://kokugo.jitenon.jp/kanji/%E7%A6%AE/contain/ / https://kakijun.com/kanji/kotoba/79ae.html,先行の告示PDF由来リストとは別枠。語単位最長一致でのみ実行し、一字置換は禁止。,旧字体・新字体の一字対応で処理可能なため、熟語単位ルールから除外,旧字体一字対応テーブル側で管理
御礼,御禮,禮,礼,FALSE,新規・辞書検索系・基底熟語,漢字/熟語検索サイト・漢検系確認候補,,FALSE,https://kokugo.jitenon.jp/kanji/%E7%A6%AE/contain/ / https://kakijun.com/kanji/kotoba/79ae.html,先行の告示PDF由来リストとは別枠。語単位最長一致でのみ実行し、一字置換は禁止。,旧字体・新字体の一字対応で処理可能なため、熟語単位ルールから除外,旧字体一字対応テーブル側で管理
敬礼,敬禮,禮,礼,FALSE,新規・辞書検索系・基底熟語,漢字/熟語検索サイト・漢検系確認候補,,FALSE,https://kokugo.jitenon.jp/kanji/%E7%A6%AE/contain/ / https://kakijun.com/kanji/kotoba/79ae.html,先行の告示PDF由来リストとは別枠。語単位最長一致でのみ実行し、一字置換は禁止。,旧字体・新字体の一字対応で処理可能なため、熟語単位ルールから除外,旧字体一字対応テーブル側で管理
無礼,無禮,禮,礼,FALSE,新規・辞書検索系・基底熟語,漢字/熟語検索サイト・漢検系確認候補,,FALSE,https://kokugo.jitenon.jp/kanji/%E7%A6%AE/contain/ / https://kakijun.com/kanji/kotoba/79ae.html,先行の告示PDF由来リストとは別枠。語単位最長一致でのみ実行し、一字置換は禁止。,旧字体・新字体の一字対応で処理可能なため、熟語単位ルールから除外,旧字体一字対応テーブル側で管理
礼節,禮節,禮,礼,FALSE,新規・辞書検索系・基底熟語,漢字/熟語検索サイト・漢検系確認候補,,FALSE,https://kokugo.jitenon.jp/kanji/%E7%A6%AE/contain/ / https://kakijun.com/kanji/kotoba/79ae.html,先行の告示PDF由来リストとは別枠。語単位最長一致でのみ実行し、一字置換は禁止。,旧字体・新字体の一字対応で処理可能なため、熟語単位ルールから除外,旧字体一字対応テーブル側で管理
礼拝,禮拜,禮,礼,FALSE,新規・辞書検索系・基底熟語,漢字/熟語検索サイト・漢検系確認候補,,FALSE,https://kokugo.jitenon.jp/kanji/%E7%A6%AE/contain/ / https://kakijun.com/kanji/kotoba/79ae.html,先行の告示PDF由来リストとは別枠。語単位最長一致でのみ実行し、一字置換は禁止。,旧字体・新字体の一字対応で処理可能なため、熟語単位ルールから除外,旧字体一字対応テーブル側で管理
返礼,返禮,禮,礼,FALSE,新規・辞書検索系・基底熟語,漢字/熟語検索サイト・漢検系確認候補,,FALSE,https://kokugo.jitenon.jp/kanji/%E7%A6%AE/contain/ / https://kakijun.com/kanji/kotoba/79ae.html,先行の告示PDF由来リストとは別枠。語単位最長一致でのみ実行し、一字置換は禁止。,旧字体・新字体の一字対応で処理可能なため、熟語単位ルールから除外,旧字体一字対応テーブル側で管理
陶酔,陶醉,醉,酔,FALSE,新規・辞書検索系・基底熟語,漢字/熟語検索サイト・漢検系確認候補,,FALSE,https://kokugo.jitenon.jp/kanji/%E9%86%89/contain/ / https://kakijun.com/kanji/kotoba/9189.html,先行の告示PDF由来リストとは別枠。語単位最長一致でのみ実行し、一字置換は禁止。,旧字体・新字体の一字対応で処理可能なため、熟語単位ルールから除外,旧字体一字対応テーブル側で管理
麻酔,麻醉,醉,酔,FALSE,新規・辞書検索系・基底熟語,漢字/熟語検索サイト・漢検系確認候補,,FALSE,https://kokugo.jitenon.jp/kanji/%E9%86%89/contain/ / https://kakijun.com/kanji/kotoba/9189.html,先行の告示PDF由来リストとは別枠。語単位最長一致でのみ実行し、一字置換は禁止。,旧字体・新字体の一字対応で処理可能なため、熟語単位ルールから除外,旧字体一字対応テーブル側で管理
酔客,醉客,醉,酔,FALSE,新規・辞書検索系・基底熟語,漢字/熟語検索サイト・漢検系確認候補,,FALSE,https://kokugo.jitenon.jp/kanji/%E9%86%89/contain/ / https://kakijun.com/kanji/kotoba/9189.html,先行の告示PDF由来リストとは別枠。語単位最長一致でのみ実行し、一字置換は禁止。,旧字体・新字体の一字対応で処理可能なため、熟語単位ルールから除外,旧字体一字対応テーブル側で管理
酔漢,醉漢,醉,酔,FALSE,新規・辞書検索系・基底熟語,漢字/熟語検索サイト・漢検系確認候補,,FALSE,https://kokugo.jitenon.jp/kanji/%E9%86%89/contain/ / https://kakijun.com/kanji/kotoba/9189.html,先行の告示PDF由来リストとは別枠。語単位最長一致でのみ実行し、一字置換は禁止。,旧字体・新字体の一字対応で処理可能なため、熟語単位ルールから除外,旧字体一字対応テーブル側で管理
泥酔,泥醉,醉,酔,FALSE,新規・辞書検索系・基底熟語,漢字/熟語検索サイト・漢検系確認候補,,FALSE,https://kokugo.jitenon.jp/kanji/%E9%86%89/contain/ / https://kakijun.com/kanji/kotoba/9189.html,先行の告示PDF由来リストとは別枠。語単位最長一致でのみ実行し、一字置換は禁止。,旧字体・新字体の一字対応で処理可能なため、熟語単位ルールから除外,旧字体一字対応テーブル側で管理
酔眼,醉眼,醉,酔,FALSE,新規・辞書検索系・基底熟語,漢字/熟語検索サイト・漢検系確認候補,,FALSE,https://kokugo.jitenon.jp/kanji/%E9%86%89/contain/ / https://kakijun.com/kanji/kotoba/9189.html,先行の告示PDF由来リストとは別枠。語単位最長一致でのみ実行し、一字置換は禁止。,旧字体・新字体の一字対応で処理可能なため、熟語単位ルールから除外,旧字体一字対応テーブル側で管理
酔狂,醉狂,醉,酔,FALSE,新規・辞書検索系・基底熟語,漢字/熟語検索サイト・漢検系確認候補,,FALSE,https://kokugo.jitenon.jp/kanji/%E9%86%89/contain/ / https://kakijun.com/kanji/kotoba/9189.html,先行の告示PDF由来リストとは別枠。語単位最長一致でのみ実行し、一字置換は禁止。,旧字体・新字体の一字対応で処理可能なため、熟語単位ルールから除外,旧字体一字対応テーブル側で管理
酒酔,酒醉,醉,酔,FALSE,新規・辞書検索系・基底熟語,漢字/熟語検索サイト・漢検系確認候補,,FALSE,https://kokugo.jitenon.jp/kanji/%E9%86%89/contain/ / https://kakijun.com/kanji/kotoba/9189.html,先行の告示PDF由来リストとは別枠。語単位最長一致でのみ実行し、一字置換は禁止。,旧字体・新字体の一字対応で処理可能なため、熟語単位ルールから除外,旧字体一字対応テーブル側で管理
遅刻,遲刻,遲,遅,FALSE,新規・辞書検索系・基底熟語,漢字/熟語検索サイト・漢検系確認候補,,FALSE,https://kokugo.jitenon.jp/kanji/%E9%81%B2/contain/ / https://kakijun.com/kanji/kotoba/9072.html,先行の告示PDF由来リストとは別枠。語単位最長一致でのみ実行し、一字置換は禁止。,旧字体・新字体の一字対応で処理可能なため、熟語単位ルールから除外,旧字体一字対応テーブル側で管理
遅延,遲延,遲,遅,FALSE,新規・辞書検索系・基底熟語,漢字/熟語検索サイト・漢検系確認候補,,FALSE,https://kokugo.jitenon.jp/kanji/%E9%81%B2/contain/ / https://kakijun.com/kanji/kotoba/9072.html,先行の告示PDF由来リストとは別枠。語単位最長一致でのみ実行し、一字置換は禁止。,旧字体・新字体の一字対応で処理可能なため、熟語単位ルールから除外,旧字体一字対応テーブル側で管理
遅速,遲速,遲,遅,FALSE,新規・辞書検索系・基底熟語,漢字/熟語検索サイト・漢検系確認候補,,FALSE,https://kokugo.jitenon.jp/kanji/%E9%81%B2/contain/ / https://kakijun.com/kanji/kotoba/9072.html,先行の告示PDF由来リストとは別枠。語単位最長一致でのみ実行し、一字置換は禁止。,旧字体・新字体の一字対応で処理可能なため、熟語単位ルールから除外,旧字体一字対応テーブル側で管理
遅疑,遲疑,遲,遅,FALSE,新規・辞書検索系・基底熟語,漢字/熟語検索サイト・漢検系確認候補,,FALSE,https://kokugo.jitenon.jp/kanji/%E9%81%B2/contain/ / https://kakijun.com/kanji/kotoba/9072.html,先行の告示PDF由来リストとは別枠。語単位最長一致でのみ実行し、一字置換は禁止。,旧字体・新字体の一字対応で処理可能なため、熟語単位ルールから除外,旧字体一字対応テーブル側で管理
遅滞,遲滯,遲,遅,FALSE,新規・辞書検索系・基底熟語,漢字/熟語検索サイト・漢検系確認候補,,FALSE,https://kokugo.jitenon.jp/kanji/%E9%81%B2/contain/ / https://kakijun.com/kanji/kotoba/9072.html,先行の告示PDF由来リストとは別枠。語単位最長一致でのみ実行し、一字置換は禁止。,旧字体・新字体の一字対応で処理可能なため、熟語単位ルールから除外,旧字体一字対応テーブル側で管理
遅配,遲配,遲,遅,FALSE,新規・辞書検索系・基底熟語,漢字/熟語検索サイト・漢検系確認候補,,FALSE,https://kokugo.jitenon.jp/kanji/%E9%81%B2/contain/ / https://kakijun.com/kanji/kotoba/9072.html,先行の告示PDF由来リストとは別枠。語単位最長一致でのみ実行し、一字置換は禁止。,旧字体・新字体の一字対応で処理可能なため、熟語単位ルールから除外,旧字体一字対応テーブル側で管理
遅効,遲效,遲,遅,FALSE,新規・辞書検索系・基底熟語,漢字/熟語検索サイト・漢検系確認候補,,FALSE,https://kokugo.jitenon.jp/kanji/%E9%81%B2/contain/ / https://kakijun.com/kanji/kotoba/9072.html,先行の告示PDF由来リストとは別枠。語単位最長一致でのみ実行し、一字置換は禁止。,旧字体・新字体の一字対応で処理可能なため、熟語単位ルールから除外,旧字体一字対応テーブル側で管理
遅参,遲參,遲,遅,FALSE,新規・辞書検索系・基底熟語,漢字/熟語検索サイト・漢検系確認候補,,FALSE,https://kokugo.jitenon.jp/kanji/%E9%81%B2/contain/ / https://kakijun.com/kanji/kotoba/9072.html,先行の告示PDF由来リストとは別枠。語単位最長一致でのみ実行し、一字置換は禁止。,旧字体・新字体の一字対応で処理可能なため、熟語単位ルールから除外,旧字体一字対応テーブル側で管理
継続,繼續,續,続,FALSE,新規・辞書検索系・基底熟語,漢字/熟語検索サイト・漢検系確認候補,,FALSE,https://kokugo.jitenon.jp/kanji/%E7%BA%8C/contain/ / https://kakijun.com/kanji/kotoba/7e8c.html,先行の告示PDF由来リストとは別枠。語単位最長一致でのみ実行し、一字置換は禁止。,旧字体・新字体の一字対応で処理可能なため、熟語単位ルールから除外,旧字体一字対応テーブル側で管理
連続,連續,續,続,FALSE,新規・辞書検索系・基底熟語,漢字/熟語検索サイト・漢検系確認候補,,FALSE,https://kokugo.jitenon.jp/kanji/%E7%BA%8C/contain/ / https://kakijun.com/kanji/kotoba/7e8c.html,先行の告示PDF由来リストとは別枠。語単位最長一致でのみ実行し、一字置換は禁止。,旧字体・新字体の一字対応で処理可能なため、熟語単位ルールから除外,旧字体一字対応テーブル側で管理
持続,持續,續,続,FALSE,新規・辞書検索系・基底熟語,漢字/熟語検索サイト・漢検系確認候補,,FALSE,https://kokugo.jitenon.jp/kanji/%E7%BA%8C/contain/ / https://kakijun.com/kanji/kotoba/7e8c.html,先行の告示PDF由来リストとは別枠。語単位最長一致でのみ実行し、一字置換は禁止。,旧字体・新字体の一字対応で処理可能なため、熟語単位ルールから除外,旧字体一字対応テーブル側で管理
接続,接續,續,続,FALSE,新規・辞書検索系・基底熟語,漢字/熟語検索サイト・漢検系確認候補,,FALSE,https://kokugo.jitenon.jp/kanji/%E7%BA%8C/contain/ / https://kakijun.com/kanji/kotoba/7e8c.html,先行の告示PDF由来リストとは別枠。語単位最長一致でのみ実行し、一字置換は禁止。,旧字体・新字体の一字対応で処理可能なため、熟語単位ルールから除外,旧字体一字対応テーブル側で管理
続編,續編,續,続,FALSE,新規・辞書検索系・基底熟語,漢字/熟語検索サイト・漢検系確認候補,,FALSE,https://kokugo.jitenon.jp/kanji/%E7%BA%8C/contain/ / https://kakijun.com/kanji/kotoba/7e8c.html,先行の告示PDF由来リストとは別枠。語単位最長一致でのみ実行し、一字置換は禁止。,旧字体・新字体の一字対応で処理可能なため、熟語単位ルールから除外,旧字体一字対応テーブル側で管理
続出,續出,續,続,FALSE,新規・辞書検索系・基底熟語,漢字/熟語検索サイト・漢検系確認候補,,FALSE,https://kokugo.jitenon.jp/kanji/%E7%BA%8C/contain/ / https://kakijun.com/kanji/kotoba/7e8c.html,先行の告示PDF由来リストとは別枠。語単位最長一致でのみ実行し、一字置換は禁止。,旧字体・新字体の一字対応で処理可能なため、熟語単位ルールから除外,旧字体一字対応テーブル側で管理
続行,續行,續,続,FALSE,新規・辞書検索系・基底熟語,漢字/熟語検索サイト・漢検系確認候補,,FALSE,https://kokugo.jitenon.jp/kanji/%E7%BA%8C/contain/ / https://kakijun.com/kanji/kotoba/7e8c.html,先行の告示PDF由来リストとは別枠。語単位最長一致でのみ実行し、一字置換は禁止。,旧字体・新字体の一字対応で処理可能なため、熟語単位ルールから除外,旧字体一字対応テーブル側で管理
存続,存續,續,続,FALSE,新規・辞書検索系・基底熟語,漢字/熟語検索サイト・漢検系確認候補,,FALSE,https://kokugo.jitenon.jp/kanji/%E7%BA%8C/contain/ / https://kakijun.com/kanji/kotoba/7e8c.html,先行の告示PDF由来リストとは別枠。語単位最長一致でのみ実行し、一字置換は禁止。,旧字体・新字体の一字対応で処理可能なため、熟語単位ルールから除外,旧字体一字対応テーブル側で管理
相続,相續,續,続,FALSE,新規・辞書検索系・基底熟語,漢字/熟語検索サイト・漢検系確認候補,,FALSE,https://kokugo.jitenon.jp/kanji/%E7%BA%8C/contain/ / https://kakijun.com/kanji/kotoba/7e8c.html,先行の告示PDF由来リストとは別枠。語単位最長一致でのみ実行し、一字置換は禁止。,旧字体・新字体の一字対応で処理可能なため、熟語単位ルールから除外,旧字体一字対応テーブル側で管理
継承,繼承,繼,継,FALSE,新規・辞書検索系・基底熟語,漢字/熟語検索サイト・漢検系確認候補,,FALSE,https://kokugo.jitenon.jp/kanji/%E7%B9%BC/contain/ / https://kakijun.com/kanji/kotoba/7e7c.html,先行の告示PDF由来リストとは別枠。語単位最長一致でのみ実行し、一字置換は禁止。,旧字体・新字体の一字対応で処理可能なため、熟語単位ルールから除外,旧字体一字対応テーブル側で管理
中継,中繼,繼,継,FALSE,新規・辞書検索系・基底熟語,漢字/熟語検索サイト・漢検系確認候補,,FALSE,https://kokugo.jitenon.jp/kanji/%E7%B9%BC/contain/ / https://kakijun.com/kanji/kotoba/7e7c.html,先行の告示PDF由来リストとは別枠。語単位最長一致でのみ実行し、一字置換は禁止。,旧字体・新字体の一字対応で処理可能なため、熟語単位ルールから除外,旧字体一字対応テーブル側で管理
後継,後繼,繼,継,FALSE,新規・辞書検索系・基底熟語,漢字/熟語検索サイト・漢検系確認候補,,FALSE,https://kokugo.jitenon.jp/kanji/%E7%B9%BC/contain/ / https://kakijun.com/kanji/kotoba/7e7c.html,先行の告示PDF由来リストとは別枠。語単位最長一致でのみ実行し、一字置換は禁止。,旧字体・新字体の一字対応で処理可能なため、熟語単位ルールから除外,旧字体一字対応テーブル側で管理
世継,世繼,繼,継,FALSE,新規・辞書検索系・基底熟語,漢字/熟語検索サイト・漢検系確認候補,,FALSE,https://kokugo.jitenon.jp/kanji/%E7%B9%BC/contain/ / https://kakijun.com/kanji/kotoba/7e7c.html,先行の告示PDF由来リストとは別枠。語単位最長一致でのみ実行し、一字置換は禁止。,旧字体・新字体の一字対応で処理可能なため、熟語単位ルールから除外,旧字体一字対応テーブル側で管理
継母,繼母,繼,継,FALSE,新規・辞書検索系・基底熟語,漢字/熟語検索サイト・漢検系確認候補,,FALSE,https://kokugo.jitenon.jp/kanji/%E7%B9%BC/contain/ / https://kakijun.com/kanji/kotoba/7e7c.html,先行の告示PDF由来リストとは別枠。語単位最長一致でのみ実行し、一字置換は禁止。,旧字体・新字体の一字対応で処理可能なため、熟語単位ルールから除外,旧字体一字対応テーブル側で管理
継子,繼子,繼,継,FALSE,新規・辞書検索系・基底熟語,漢字/熟語検索サイト・漢検系確認候補,,FALSE,https://kokugo.jitenon.jp/kanji/%E7%B9%BC/contain/ / https://kakijun.com/kanji/kotoba/7e7c.html,先行の告示PDF由来リストとは別枠。語単位最長一致でのみ実行し、一字置換は禁止。,旧字体・新字体の一字対応で処理可能なため、熟語単位ルールから除外,旧字体一字対応テーブル側で管理
継目,繼目,繼,継,FALSE,新規・辞書検索系・基底熟語,漢字/熟語検索サイト・漢検系確認候補,,FALSE,https://kokugo.jitenon.jp/kanji/%E7%B9%BC/contain/ / https://kakijun.com/kanji/kotoba/7e7c.html,先行の告示PDF由来リストとは別枠。語単位最長一致でのみ実行し、一字置換は禁止。,旧字体・新字体の一字対応で処理可能なため、熟語単位ルールから除外,旧字体一字対応テーブル側で管理
判断,判斷,斷,断,FALSE,新規・辞書検索系・基底熟語,漢字/熟語検索サイト・漢検系確認候補,,FALSE,https://kokugo.jitenon.jp/kanji/%E6%96%B7/contain/ / https://kakijun.com/kanji/kotoba/65b7.html,先行の告示PDF由来リストとは別枠。語単位最長一致でのみ実行し、一字置換は禁止。,旧字体・新字体の一字対応で処理可能なため、熟語単位ルールから除外,旧字体一字対応テーブル側で管理
断念,斷念,斷,断,FALSE,新規・辞書検索系・基底熟語,漢字/熟語検索サイト・漢検系確認候補,,FALSE,https://kokugo.jitenon.jp/kanji/%E6%96%B7/contain/ / https://kakijun.com/kanji/kotoba/65b7.html,先行の告示PDF由来リストとは別枠。語単位最長一致でのみ実行し、一字置換は禁止。,旧字体・新字体の一字対応で処理可能なため、熟語単位ルールから除外,旧字体一字対応テーブル側で管理
断定,斷定,斷,断,FALSE,新規・辞書検索系・基底熟語,漢字/熟語検索サイト・漢検系確認候補,,FALSE,https://kokugo.jitenon.jp/kanji/%E6%96%B7/contain/ / https://kakijun.com/kanji/kotoba/65b7.html,先行の告示PDF由来リストとは別枠。語単位最長一致でのみ実行し、一字置換は禁止。,旧字体・新字体の一字対応で処理可能なため、熟語単位ルールから除外,旧字体一字対応テーブル側で管理
切断,切斷,斷,断,FALSE,新規・辞書検索系・基底熟語,漢字/熟語検索サイト・漢検系確認候補,,FALSE,https://kokugo.jitenon.jp/kanji/%E6%96%B7/contain/ / https://kakijun.com/kanji/kotoba/65b7.html,先行の告示PDF由来リストとは別枠。語単位最長一致でのみ実行し、一字置換は禁止。,旧字体・新字体の一字対応で処理可能なため、熟語単位ルールから除外,旧字体一字対応テーブル側で管理
診断,診斷,斷,断,FALSE,新規・辞書検索系・基底熟語,漢字/熟語検索サイト・漢検系確認候補,,FALSE,https://kokugo.jitenon.jp/kanji/%E6%96%B7/contain/ / https://kakijun.com/kanji/kotoba/65b7.html,先行の告示PDF由来リストとは別枠。語単位最長一致でのみ実行し、一字置換は禁止。,旧字体・新字体の一字対応で処理可能なため、熟語単位ルールから除外,旧字体一字対応テーブル側で管理
無断,無斷,斷,断,FALSE,新規・辞書検索系・基底熟語,漢字/熟語検索サイト・漢検系確認候補,,FALSE,https://kokugo.jitenon.jp/kanji/%E6%96%B7/contain/ / https://kakijun.com/kanji/kotoba/65b7.html,先行の告示PDF由来リストとは別枠。語単位最長一致でのみ実行し、一字置換は禁止。,旧字体・新字体の一字対応で処理可能なため、熟語単位ルールから除外,旧字体一字対応テーブル側で管理
決断,決斷,斷,断,FALSE,新規・辞書検索系・基底熟語,漢字/熟語検索サイト・漢検系確認候補,,FALSE,https://kokugo.jitenon.jp/kanji/%E6%96%B7/contain/ / https://kakijun.com/kanji/kotoba/65b7.html,先行の告示PDF由来リストとは別枠。語単位最長一致でのみ実行し、一字置換は禁止。,旧字体・新字体の一字対応で処理可能なため、熟語単位ルールから除外,旧字体一字対応テーブル側で管理
横断,横斷,斷,断,FALSE,新規・辞書検索系・基底熟語,漢字/熟語検索サイト・漢検系確認候補,,FALSE,https://kokugo.jitenon.jp/kanji/%E6%96%B7/contain/ / https://kakijun.com/kanji/kotoba/65b7.html,先行の告示PDF由来リストとは別枠。語単位最長一致でのみ実行し、一字置換は禁止。,旧字体・新字体の一字対応で処理可能なため、熟語単位ルールから除外,旧字体一字対応テーブル側で管理
断絶,斷絕,斷,断,FALSE,新規・辞書検索系・基底熟語,漢字/熟語検索サイト・漢検系確認候補,,FALSE,https://kokugo.jitenon.jp/kanji/%E6%96%B7/contain/ / https://kakijun.com/kanji/kotoba/65b7.html,先行の告示PDF由来リストとは別枠。語単位最長一致でのみ実行し、一字置換は禁止。,旧字体・新字体の一字対応で処理可能なため、熟語単位ルールから除外,旧字体一字対応テーブル側で管理
断面,斷面,斷,断,FALSE,新規・辞書検索系・基底熟語,漢字/熟語検索サイト・漢検系確認候補,,FALSE,https://kokugo.jitenon.jp/kanji/%E6%96%B7/contain/ / https://kakijun.com/kanji/kotoba/65b7.html,先行の告示PDF由来リストとは別枠。語単位最長一致でのみ実行し、一字置換は禁止。,旧字体・新字体の一字対応で処理可能なため、熟語単位ルールから除外,旧字体一字対応テーブル側で管理
団地,團地,團,団,FALSE,新規・辞書検索系・基底熟語,漢字/熟語検索サイト・漢検系確認候補,,FALSE,https://kokugo.jitenon.jp/kanji/%E5%9C%98/contain/ / https://kakijun.com/kanji/kotoba/5718.html,先行の告示PDF由来リストとは別枠。語単位最長一致でのみ実行し、一字置換は禁止。,旧字体・新字体の一字対応で処理可能なため、熟語単位ルールから除外,旧字体一字対応テーブル側で管理
団結,團結,團,団,FALSE,新規・辞書検索系・基底熟語,漢字/熟語検索サイト・漢検系確認候補,,FALSE,https://kokugo.jitenon.jp/kanji/%E5%9C%98/contain/ / https://kakijun.com/kanji/kotoba/5718.html,先行の告示PDF由来リストとは別枠。語単位最長一致でのみ実行し、一字置換は禁止。,旧字体・新字体の一字対応で処理可能なため、熟語単位ルールから除外,旧字体一字対応テーブル側で管理
劇団,劇團,團,団,FALSE,新規・辞書検索系・基底熟語,漢字/熟語検索サイト・漢検系確認候補,,FALSE,https://kokugo.jitenon.jp/kanji/%E5%9C%98/contain/ / https://kakijun.com/kanji/kotoba/5718.html,先行の告示PDF由来リストとは別枠。語単位最長一致でのみ実行し、一字置換は禁止。,旧字体・新字体の一字対応で処理可能なため、熟語単位ルールから除外,旧字体一字対応テーブル側で管理
集団,集團,團,団,FALSE,新規・辞書検索系・基底熟語,漢字/熟語検索サイト・漢検系確認候補,,FALSE,https://kokugo.jitenon.jp/kanji/%E5%9C%98/contain/ / https://kakijun.com/kanji/kotoba/5718.html,先行の告示PDF由来リストとは別枠。語単位最長一致でのみ実行し、一字置換は禁止。,旧字体・新字体の一字対応で処理可能なため、熟語単位ルールから除外,旧字体一字対応テーブル側で管理
師団,師團,團,団,FALSE,新規・辞書検索系・基底熟語,漢字/熟語検索サイト・漢検系確認候補,,FALSE,https://kokugo.jitenon.jp/kanji/%E5%9C%98/contain/ / https://kakijun.com/kanji/kotoba/5718.html,先行の告示PDF由来リストとは別枠。語単位最長一致でのみ実行し、一字置換は禁止。,旧字体・新字体の一字対応で処理可能なため、熟語単位ルールから除外,旧字体一字対応テーブル側で管理
財団,財團,團,団,FALSE,新規・辞書検索系・基底熟語,漢字/熟語検索サイト・漢検系確認候補,,FALSE,https://kokugo.jitenon.jp/kanji/%E5%9C%98/contain/ / https://kakijun.com/kanji/kotoba/5718.html,先行の告示PDF由来リストとは別枠。語単位最長一致でのみ実行し、一字置換は禁止。,旧字体・新字体の一字対応で処理可能なため、熟語単位ルールから除外,旧字体一字対応テーブル側で管理
団欒,團欒,團,団,FALSE,新規・辞書検索系・基底熟語,漢字/熟語検索サイト・漢検系確認候補,,FALSE,https://kokugo.jitenon.jp/kanji/%E5%9C%98/contain/ / https://kakijun.com/kanji/kotoba/5718.html,先行の告示PDF由来リストとは別枠。語単位最長一致でのみ実行し、一字置換は禁止。,旧字体・新字体の一字対応で処理可能なため、熟語単位ルールから除外,旧字体一字対応テーブル側で管理
布団,布團,團,団,FALSE,新規・辞書検索系・基底熟語,漢字/熟語検索サイト・漢検系確認候補,,FALSE,https://kokugo.jitenon.jp/kanji/%E5%9C%98/contain/ / https://kakijun.com/kanji/kotoba/5718.html,先行の告示PDF由来リストとは別枠。語単位最長一致でのみ実行し、一字置換は禁止。,旧字体・新字体の一字対応で処理可能なため、熟語単位ルールから除外,旧字体一字対応テーブル側で管理
処理,處理,處,処,FALSE,新規・辞書検索系・基底熟語,漢字/熟語検索サイト・漢検系確認候補,,FALSE,https://kokugo.jitenon.jp/kanji/%E8%99%95/contain/ / https://kakijun.com/kanji/kotoba/8655.html,先行の告示PDF由来リストとは別枠。語単位最長一致でのみ実行し、一字置換は禁止。,旧字体・新字体の一字対応で処理可能なため、熟語単位ルールから除外,旧字体一字対応テーブル側で管理
処分,處分,處,処,FALSE,新規・辞書検索系・基底熟語,漢字/熟語検索サイト・漢検系確認候補,,FALSE,https://kokugo.jitenon.jp/kanji/%E8%99%95/contain/ / https://kakijun.com/kanji/kotoba/8655.html,先行の告示PDF由来リストとは別枠。語単位最長一致でのみ実行し、一字置換は禁止。,旧字体・新字体の一字対応で処理可能なため、熟語単位ルールから除外,旧字体一字対応テーブル側で管理
処置,處置,處,処,FALSE,新規・辞書検索系・基底熟語,漢字/熟語検索サイト・漢検系確認候補,,FALSE,https://kokugo.jitenon.jp/kanji/%E8%99%95/contain/ / https://kakijun.com/kanji/kotoba/8655.html,先行の告示PDF由来リストとは別枠。語単位最長一致でのみ実行し、一字置換は禁止。,旧字体・新字体の一字対応で処理可能なため、熟語単位ルールから除外,旧字体一字対応テーブル側で管理
対処,對處,處,処,FALSE,新規・辞書検索系・基底熟語,漢字/熟語検索サイト・漢検系確認候補,,FALSE,https://kokugo.jitenon.jp/kanji/%E8%99%95/contain/ / https://kakijun.com/kanji/kotoba/8655.html,先行の告示PDF由来リストとは別枠。語単位最長一致でのみ実行し、一字置換は禁止。,旧字体・新字体の一字対応で処理可能なため、熟語単位ルールから除外,旧字体一字対応テーブル側で管理
処方,處方,處,処,FALSE,新規・辞書検索系・基底熟語,漢字/熟語検索サイト・漢検系確認候補,,FALSE,https://kokugo.jitenon.jp/kanji/%E8%99%95/contain/ / https://kakijun.com/kanji/kotoba/8655.html,先行の告示PDF由来リストとは別枠。語単位最長一致でのみ実行し、一字置換は禁止。,旧字体・新字体の一字対応で処理可能なため、熟語単位ルールから除外,旧字体一字対応テーブル側で管理
処罰,處罰,處,処,FALSE,新規・辞書検索系・基底熟語,漢字/熟語検索サイト・漢検系確認候補,,FALSE,https://kokugo.jitenon.jp/kanji/%E8%99%95/contain/ / https://kakijun.com/kanji/kotoba/8655.html,先行の告示PDF由来リストとは別枠。語単位最長一致でのみ実行し、一字置換は禁止。,旧字体・新字体の一字対応で処理可能なため、熟語単位ルールから除外,旧字体一字対応テーブル側で管理
善処,善處,處,処,FALSE,新規・辞書検索系・基底熟語,漢字/熟語検索サイト・漢検系確認候補,,FALSE,https://kokugo.jitenon.jp/kanji/%E8%99%95/contain/ / https://kakijun.com/kanji/kotoba/8655.html,先行の告示PDF由来リストとは別枠。語単位最長一致でのみ実行し、一字置換は禁止。,旧字体・新字体の一字対応で処理可能なため、熟語単位ルールから除外,旧字体一字対応テーブル側で管理
処世,處世,處,処,FALSE,新規・辞書検索系・基底熟語,漢字/熟語検索サイト・漢検系確認候補,,FALSE,https://kokugo.jitenon.jp/kanji/%E8%99%95/contain/ / https://kakijun.com/kanji/kotoba/8655.html,先行の告示PDF由来リストとは別枠。語単位最長一致でのみ実行し、一字置換は禁止。,旧字体・新字体の一字対応で処理可能なため、熟語単位ルールから除外,旧字体一字対応テーブル側で管理
処遇,處遇,處,処,FALSE,新規・辞書検索系・基底熟語,漢字/熟語検索サイト・漢検系確認候補,,FALSE,https://kokugo.jitenon.jp/kanji/%E8%99%95/contain/ / https://kakijun.com/kanji/kotoba/8655.html,先行の告示PDF由来リストとは別枠。語単位最長一致でのみ実行し、一字置換は禁止。,旧字体・新字体の一字対応で処理可能なため、熟語単位ルールから除外,旧字体一字対応テーブル側で管理
処女,處女,處,処,FALSE,新規・辞書検索系・基底熟語,漢字/熟語検索サイト・漢検系確認候補,,FALSE,https://kokugo.jitenon.jp/kanji/%E8%99%95/contain/ / https://kakijun.com/kanji/kotoba/8655.html,先行の告示PDF由来リストとは別枠。語単位最長一致でのみ実行し、一字置換は禁止。,旧字体・新字体の一字対応で処理可能なため、熟語単位ルールから除外,旧字体一字対応テーブル側で管理
権利,權利,權,権,FALSE,新規・辞書検索系・基底熟語,漢字/熟語検索サイト・漢検系確認候補,,FALSE,https://kokugo.jitenon.jp/kanji/%E6%AC%8A/contain/ / https://kakijun.com/kanji/kotoba/6b0a.html,先行の告示PDF由来リストとは別枠。語単位最長一致でのみ実行し、一字置換は禁止。,旧字体・新字体の一字対応で処理可能なため、熟語単位ルールから除外,旧字体一字対応テーブル側で管理
権力,權力,權,権,FALSE,新規・辞書検索系・基底熟語,漢字/熟語検索サイト・漢検系確認候補,,FALSE,https://kokugo.jitenon.jp/kanji/%E6%AC%8A/contain/ / https://kakijun.com/kanji/kotoba/6b0a.html,先行の告示PDF由来リストとは別枠。語単位最長一致でのみ実行し、一字置換は禁止。,旧字体・新字体の一字対応で処理可能なため、熟語単位ルールから除外,旧字体一字対応テーブル側で管理
人権,人權,權,権,FALSE,新規・辞書検索系・基底熟語,漢字/熟語検索サイト・漢検系確認候補,,FALSE,https://kokugo.jitenon.jp/kanji/%E6%AC%8A/contain/ / https://kakijun.com/kanji/kotoba/6b0a.html,先行の告示PDF由来リストとは別枠。語単位最長一致でのみ実行し、一字置換は禁止。,旧字体・新字体の一字対応で処理可能なため、熟語単位ルールから除外,旧字体一字対応テーブル側で管理
政権,政權,權,権,FALSE,新規・辞書検索系・基底熟語,漢字/熟語検索サイト・漢検系確認候補,,FALSE,https://kokugo.jitenon.jp/kanji/%E6%AC%8A/contain/ / https://kakijun.com/kanji/kotoba/6b0a.html,先行の告示PDF由来リストとは別枠。語単位最長一致でのみ実行し、一字置換は禁止。,旧字体・新字体の一字対応で処理可能なため、熟語単位ルールから除外,旧字体一字対応テーブル側で管理
権限,權限,權,権,FALSE,新規・辞書検索系・基底熟語,漢字/熟語検索サイト・漢検系確認候補,,FALSE,https://kokugo.jitenon.jp/kanji/%E6%AC%8A/contain/ / https://kakijun.com/kanji/kotoba/6b0a.html,先行の告示PDF由来リストとは別枠。語単位最長一致でのみ実行し、一字置換は禁止。,旧字体・新字体の一字対応で処理可能なため、熟語単位ルールから除外,旧字体一字対応テーブル側で管理
著作権,著作權,權,権,FALSE,新規・辞書検索系・基底熟語,漢字/熟語検索サイト・漢検系確認候補,,FALSE,https://kokugo.jitenon.jp/kanji/%E6%AC%8A/contain/ / https://kakijun.com/kanji/kotoba/6b0a.html,先行の告示PDF由来リストとは別枠。語単位最長一致でのみ実行し、一字置換は禁止。,旧字体・新字体の一字対応で処理可能なため、熟語単位ルールから除外,旧字体一字対応テーブル側で管理
版権,版權,權,権,FALSE,新規・辞書検索系・基底熟語,漢字/熟語検索サイト・漢検系確認候補,,FALSE,https://kokugo.jitenon.jp/kanji/%E6%AC%8A/contain/ / https://kakijun.com/kanji/kotoba/6b0a.html,先行の告示PDF由来リストとは別枠。語単位最長一致でのみ実行し、一字置換は禁止。,旧字体・新字体の一字対応で処理可能なため、熟語単位ルールから除外,旧字体一字対応テーブル側で管理
特権,特權,權,権,FALSE,新規・辞書検索系・基底熟語,漢字/熟語検索サイト・漢検系確認候補,,FALSE,https://kokugo.jitenon.jp/kanji/%E6%AC%8A/contain/ / https://kakijun.com/kanji/kotoba/6b0a.html,先行の告示PDF由来リストとは別枠。語単位最長一致でのみ実行し、一字置換は禁止。,旧字体・新字体の一字対応で処理可能なため、熟語単位ルールから除外,旧字体一字対応テーブル側で管理
主権,主權,權,権,FALSE,新規・辞書検索系・基底熟語,漢字/熟語検索サイト・漢検系確認候補,,FALSE,https://kokugo.jitenon.jp/kanji/%E6%AC%8A/contain/ / https://kakijun.com/kanji/kotoba/6b0a.html,先行の告示PDF由来リストとは別枠。語単位最長一致でのみ実行し、一字置換は禁止。,旧字体・新字体の一字対応で処理可能なため、熟語単位ルールから除外,旧字体一字対応テーブル側で管理
権威,權威,權,権,FALSE,新規・辞書検索系・基底熟語,漢字/熟語検索サイト・漢検系確認候補,,FALSE,https://kokugo.jitenon.jp/kanji/%E6%AC%8A/contain/ / https://kakijun.com/kanji/kotoba/6b0a.html,先行の告示PDF由来リストとは別枠。語単位最長一致でのみ実行し、一字置換は禁止。,旧字体・新字体の一字対応で処理可能なため、熟語単位ルールから除外,旧字体一字対応テーブル側で管理
検査,檢査,檢,検,FALSE,新規・辞書検索系・基底熟語,漢字/熟語検索サイト・漢検系確認候補,,FALSE,https://kokugo.jitenon.jp/kanji/%E6%AA%A2/contain/ / https://kakijun.com/kanji/kotoba/6aa2.html,先行の告示PDF由来リストとは別枠。語単位最長一致でのみ実行し、一字置換は禁止。,旧字体・新字体の一字対応で処理可能なため、熟語単位ルールから除外,旧字体一字対応テーブル側で管理
検討,檢討,檢,検,FALSE,新規・辞書検索系・基底熟語,漢字/熟語検索サイト・漢検系確認候補,,FALSE,https://kokugo.jitenon.jp/kanji/%E6%AA%A2/contain/ / https://kakijun.com/kanji/kotoba/6aa2.html,先行の告示PDF由来リストとは別枠。語単位最長一致でのみ実行し、一字置換は禁止。,旧字体・新字体の一字対応で処理可能なため、熟語単位ルールから除外,旧字体一字対応テーブル側で管理
検索,檢索,檢,検,FALSE,新規・辞書検索系・基底熟語,漢字/熟語検索サイト・漢検系確認候補,,FALSE,https://kokugo.jitenon.jp/kanji/%E6%AA%A2/contain/ / https://kakijun.com/kanji/kotoba/6aa2.html,先行の告示PDF由来リストとは別枠。語単位最長一致でのみ実行し、一字置換は禁止。,旧字体・新字体の一字対応で処理可能なため、熟語単位ルールから除外,旧字体一字対応テーブル側で管理
点検,點檢,檢,検,FALSE,新規・辞書検索系・基底熟語,漢字/熟語検索サイト・漢検系確認候補,,FALSE,https://kokugo.jitenon.jp/kanji/%E6%AA%A2/contain/ / https://kakijun.com/kanji/kotoba/6aa2.html,先行の告示PDF由来リストとは別枠。語単位最長一致でのみ実行し、一字置換は禁止。,旧字体・新字体の一字対応で処理可能なため、熟語単位ルールから除外,旧字体一字対応テーブル側で管理
検定,檢定,檢,検,FALSE,新規・辞書検索系・基底熟語,漢字/熟語検索サイト・漢検系確認候補,,FALSE,https://kokugo.jitenon.jp/kanji/%E6%AA%A2/contain/ / https://kakijun.com/kanji/kotoba/6aa2.html,先行の告示PDF由来リストとは別枠。語単位最長一致でのみ実行し、一字置換は禁止。,旧字体・新字体の一字対応で処理可能なため、熟語単位ルールから除外,旧字体一字対応テーブル側で管理
検問,檢問,檢,検,FALSE,新規・辞書検索系・基底熟語,漢字/熟語検索サイト・漢検系確認候補,,FALSE,https://kokugo.jitenon.jp/kanji/%E6%AA%A2/contain/ / https://kakijun.com/kanji/kotoba/6aa2.html,先行の告示PDF由来リストとは別枠。語単位最長一致でのみ実行し、一字置換は禁止。,旧字体・新字体の一字対応で処理可能なため、熟語単位ルールから除外,旧字体一字対応テーブル側で管理
検証,檢證,檢,検,FALSE,新規・辞書検索系・基底熟語,漢字/熟語検索サイト・漢検系確認候補,,FALSE,https://kokugo.jitenon.jp/kanji/%E6%AA%A2/contain/ / https://kakijun.com/kanji/kotoba/6aa2.html,先行の告示PDF由来リストとは別枠。語単位最長一致でのみ実行し、一字置換は禁止。,旧字体・新字体の一字対応で処理可能なため、熟語単位ルールから除外,旧字体一字対応テーブル側で管理
検事,檢事,檢,検,FALSE,新規・辞書検索系・基底熟語,漢字/熟語検索サイト・漢検系確認候補,,FALSE,https://kokugo.jitenon.jp/kanji/%E6%AA%A2/contain/ / https://kakijun.com/kanji/kotoba/6aa2.html,先行の告示PDF由来リストとは別枠。語単位最長一致でのみ実行し、一字置換は禁止。,旧字体・新字体の一字対応で処理可能なため、熟語単位ルールから除外,旧字体一字対応テーブル側で管理
検疫,檢疫,檢,検,FALSE,新規・辞書検索系・基底熟語,漢字/熟語検索サイト・漢検系確認候補,,FALSE,https://kokugo.jitenon.jp/kanji/%E6%AA%A2/contain/ / https://kakijun.com/kanji/kotoba/6aa2.html,先行の告示PDF由来リストとは別枠。語単位最長一致でのみ実行し、一字置換は禁止。,旧字体・新字体の一字対応で処理可能なため、熟語単位ルールから除外,旧字体一字対応テーブル側で管理
検出,檢出,檢,検,FALSE,新規・辞書検索系・基底熟語,漢字/熟語検索サイト・漢検系確認候補,,FALSE,https://kokugo.jitenon.jp/kanji/%E6%AA%A2/contain/ / https://kakijun.com/kanji/kotoba/6aa2.html,先行の告示PDF由来リストとは別枠。語単位最長一致でのみ実行し、一字置換は禁止。,旧字体・新字体の一字対応で処理可能なため、熟語単位ルールから除外,旧字体一字対応テーブル側で管理
危険,危險,險,険,FALSE,新規・辞書検索系・基底熟語,漢字/熟語検索サイト・漢検系確認候補,,FALSE,https://kokugo.jitenon.jp/kanji/%E9%9A%AA/contain/ / https://kakijun.com/kanji/kotoba/96aa.html,先行の告示PDF由来リストとは別枠。語単位最長一致でのみ実行し、一字置換は禁止。,旧字体・新字体の一字対応で処理可能なため、熟語単位ルールから除外,旧字体一字対応テーブル側で管理
保険,保險,險,険,FALSE,新規・辞書検索系・基底熟語,漢字/熟語検索サイト・漢検系確認候補,,FALSE,https://kokugo.jitenon.jp/kanji/%E9%9A%AA/contain/ / https://kakijun.com/kanji/kotoba/96aa.html,先行の告示PDF由来リストとは別枠。語単位最長一致でのみ実行し、一字置換は禁止。,旧字体・新字体の一字対応で処理可能なため、熟語単位ルールから除外,旧字体一字対応テーブル側で管理
冒険,冒險,險,険,FALSE,新規・辞書検索系・基底熟語,漢字/熟語検索サイト・漢検系確認候補,,FALSE,https://kokugo.jitenon.jp/kanji/%E9%9A%AA/contain/ / https://kakijun.com/kanji/kotoba/96aa.html,先行の告示PDF由来リストとは別枠。語単位最長一致でのみ実行し、一字置換は禁止。,旧字体・新字体の一字対応で処理可能なため、熟語単位ルールから除外,旧字体一字対応テーブル側で管理
険悪,險惡,險,険,FALSE,新規・辞書検索系・基底熟語,漢字/熟語検索サイト・漢検系確認候補,,FALSE,https://kokugo.jitenon.jp/kanji/%E9%9A%AA/contain/ / https://kakijun.com/kanji/kotoba/96aa.html,先行の告示PDF由来リストとは別枠。語単位最長一致でのみ実行し、一字置換は禁止。,旧字体・新字体の一字対応で処理可能なため、熟語単位ルールから除外,旧字体一字対応テーブル側で管理
険路,險路,險,険,FALSE,新規・辞書検索系・基底熟語,漢字/熟語検索サイト・漢検系確認候補,,FALSE,https://kokugo.jitenon.jp/kanji/%E9%9A%AA/contain/ / https://kakijun.com/kanji/kotoba/96aa.html,先行の告示PDF由来リストとは別枠。語単位最長一致でのみ実行し、一字置換は禁止。,旧字体・新字体の一字対応で処理可能なため、熟語単位ルールから除外,旧字体一字対応テーブル側で管理
山険,山險,險,険,FALSE,新規・辞書検索系・基底熟語,漢字/熟語検索サイト・漢検系確認候補,,FALSE,https://kokugo.jitenon.jp/kanji/%E9%9A%AA/contain/ / https://kakijun.com/kanji/kotoba/96aa.html,先行の告示PDF由来リストとは別枠。語単位最長一致でのみ実行し、一字置換は禁止。,旧字体・新字体の一字対応で処理可能なため、熟語単位ルールから除外,旧字体一字対応テーブル側で管理
険難,險難,險,険,FALSE,新規・辞書検索系・基底熟語,漢字/熟語検索サイト・漢検系確認候補,,FALSE,https://kokugo.jitenon.jp/kanji/%E9%9A%AA/contain/ / https://kakijun.com/kanji/kotoba/96aa.html,先行の告示PDF由来リストとは別枠。語単位最長一致でのみ実行し、一字置換は禁止。,旧字体・新字体の一字対応で処理可能なため、熟語単位ルールから除外,旧字体一字対応テーブル側で管理
探険,探險,險,険,FALSE,新規・辞書検索系・基底熟語,漢字/熟語検索サイト・漢検系確認候補,,FALSE,https://kokugo.jitenon.jp/kanji/%E9%9A%AA/contain/ / https://kakijun.com/kanji/kotoba/96aa.html,先行の告示PDF由来リストとは別枠。語単位最長一致でのみ実行し、一字置換は禁止。,旧字体・新字体の一字対応で処理可能なため、熟語単位ルールから除外,旧字体一字対応テーブル側で管理
剣道,劍道,劍,剣,FALSE,新規・辞書検索系・基底熟語,漢字/熟語検索サイト・漢検系確認候補,,FALSE,https://kokugo.jitenon.jp/kanji/%E5%8A%8D/contain/ / https://kakijun.com/kanji/kotoba/528d.html,先行の告示PDF由来リストとは別枠。語単位最長一致でのみ実行し、一字置換は禁止。,旧字体・新字体の一字対応で処理可能なため、熟語単位ルールから除外,旧字体一字対応テーブル側で管理
剣士,劍士,劍,剣,FALSE,新規・辞書検索系・基底熟語,漢字/熟語検索サイト・漢検系確認候補,,FALSE,https://kokugo.jitenon.jp/kanji/%E5%8A%8D/contain/ / https://kakijun.com/kanji/kotoba/528d.html,先行の告示PDF由来リストとは別枠。語単位最長一致でのみ実行し、一字置換は禁止。,旧字体・新字体の一字対応で処理可能なため、熟語単位ルールから除外,旧字体一字対応テーブル側で管理
剣術,劍術,劍,剣,FALSE,新規・辞書検索系・基底熟語,漢字/熟語検索サイト・漢検系確認候補,,FALSE,https://kokugo.jitenon.jp/kanji/%E5%8A%8D/contain/ / https://kakijun.com/kanji/kotoba/528d.html,先行の告示PDF由来リストとは別枠。語単位最長一致でのみ実行し、一字置換は禁止。,旧字体・新字体の一字対応で処理可能なため、熟語単位ルールから除外,旧字体一字対応テーブル側で管理
真剣,眞劍,劍,剣,FALSE,新規・辞書検索系・基底熟語,漢字/熟語検索サイト・漢検系確認候補,,FALSE,https://kokugo.jitenon.jp/kanji/%E5%8A%8D/contain/ / https://kakijun.com/kanji/kotoba/528d.html,先行の告示PDF由来リストとは別枠。語単位最長一致でのみ実行し、一字置換は禁止。,旧字体・新字体の一字対応で処理可能なため、熟語単位ルールから除外,旧字体一字対応テーブル側で管理
短剣,短劍,劍,剣,FALSE,新規・辞書検索系・基底熟語,漢字/熟語検索サイト・漢検系確認候補,,FALSE,https://kokugo.jitenon.jp/kanji/%E5%8A%8D/contain/ / https://kakijun.com/kanji/kotoba/528d.html,先行の告示PDF由来リストとは別枠。語単位最長一致でのみ実行し、一字置換は禁止。,旧字体・新字体の一字対応で処理可能なため、熟語単位ルールから除外,旧字体一字対応テーブル側で管理
刀剣,刀劍,劍,剣,FALSE,新規・辞書検索系・基底熟語,漢字/熟語検索サイト・漢検系確認候補,,FALSE,https://kokugo.jitenon.jp/kanji/%E5%8A%8D/contain/ / https://kakijun.com/kanji/kotoba/528d.html,先行の告示PDF由来リストとは別枠。語単位最長一致でのみ実行し、一字置換は禁止。,旧字体・新字体の一字対応で処理可能なため、熟語単位ルールから除外,旧字体一字対応テーブル側で管理
剣豪,劍豪,劍,剣,FALSE,新規・辞書検索系・基底熟語,漢字/熟語検索サイト・漢検系確認候補,,FALSE,https://kokugo.jitenon.jp/kanji/%E5%8A%8D/contain/ / https://kakijun.com/kanji/kotoba/528d.html,先行の告示PDF由来リストとは別枠。語単位最長一致でのみ実行し、一字置換は禁止。,旧字体・新字体の一字対応で処理可能なため、熟語単位ルールから除外,旧字体一字対応テーブル側で管理
木剣,木劍,劍,剣,FALSE,新規・辞書検索系・基底熟語,漢字/熟語検索サイト・漢検系確認候補,,FALSE,https://kokugo.jitenon.jp/kanji/%E5%8A%8D/contain/ / https://kakijun.com/kanji/kotoba/528d.html,先行の告示PDF由来リストとは別枠。語単位最長一致でのみ実行し、一字置換は禁止。,旧字体・新字体の一字対応で処理可能なため、熟語単位ルールから除外,旧字体一字対応テーブル側で管理
洗剤,洗劑,劑,剤,FALSE,新規・辞書検索系・基底熟語,漢字/熟語検索サイト・漢検系確認候補,,FALSE,https://kokugo.jitenon.jp/kanji/%E5%8A%91/contain/ / https://kakijun.com/kanji/kotoba/5291.html,先行の告示PDF由来リストとは別枠。語単位最長一致でのみ実行し、一字置換は禁止。,旧字体・新字体の一字対応で処理可能なため、熟語単位ルールから除外,旧字体一字対応テーブル側で管理
殺虫剤,殺蟲劑,劑,剤,FALSE,新規・辞書検索系・基底熟語,漢字/熟語検索サイト・漢検系確認候補,,FALSE,https://kokugo.jitenon.jp/kanji/%E5%8A%91/contain/ / https://kakijun.com/kanji/kotoba/5291.html,先行の告示PDF由来リストとは別枠。語単位最長一致でのみ実行し、一字置換は禁止。,旧字体・新字体の一字対応で処理可能なため、熟語単位ルールから除外,旧字体一字対応テーブル側で管理
接着剤,接着劑,劑,剤,FALSE,新規・辞書検索系・基底熟語,漢字/熟語検索サイト・漢検系確認候補,,FALSE,https://kokugo.jitenon.jp/kanji/%E5%8A%91/contain/ / https://kakijun.com/kanji/kotoba/5291.html,先行の告示PDF由来リストとは別枠。語単位最長一致でのみ実行し、一字置換は禁止。,旧字体・新字体の一字対応で処理可能なため、熟語単位ルールから除外,旧字体一字対応テーブル側で管理
溶剤,溶劑,劑,剤,FALSE,新規・辞書検索系・基底熟語,漢字/熟語検索サイト・漢検系確認候補,,FALSE,https://kokugo.jitenon.jp/kanji/%E5%8A%91/contain/ / https://kakijun.com/kanji/kotoba/5291.html,先行の告示PDF由来リストとは別枠。語単位最長一致でのみ実行し、一字置換は禁止。,旧字体・新字体の一字対応で処理可能なため、熟語単位ルールから除外,旧字体一字対応テーブル側で管理
防腐剤,防腐劑,劑,剤,FALSE,新規・辞書検索系・基底熟語,漢字/熟語検索サイト・漢検系確認候補,,FALSE,https://kokugo.jitenon.jp/kanji/%E5%8A%91/contain/ / https://kakijun.com/kanji/kotoba/5291.html,先行の告示PDF由来リストとは別枠。語単位最長一致でのみ実行し、一字置換は禁止。,旧字体・新字体の一字対応で処理可能なため、熟語単位ルールから除外,旧字体一字対応テーブル側で管理
製剤,製劑,劑,剤,FALSE,新規・辞書検索系・基底熟語,漢字/熟語検索サイト・漢検系確認候補,,FALSE,https://kokugo.jitenon.jp/kanji/%E5%8A%91/contain/ / https://kakijun.com/kanji/kotoba/5291.html,先行の告示PDF由来リストとは別枠。語単位最長一致でのみ実行し、一字置換は禁止。,旧字体・新字体の一字対応で処理可能なため、熟語単位ルールから除外,旧字体一字対応テーブル側で管理
剤形,劑形,劑,剤,FALSE,新規・辞書検索系・基底熟語,漢字/熟語検索サイト・漢検系確認候補,,FALSE,https://kokugo.jitenon.jp/kanji/%E5%8A%91/contain/ / https://kakijun.com/kanji/kotoba/5291.html,先行の告示PDF由来リストとは別枠。語単位最長一致でのみ実行し、一字置換は禁止。,旧字体・新字体の一字対応で処理可能なため、熟語単位ルールから除外,旧字体一字対応テーブル側で管理
雑誌,雜誌,雜,雑,FALSE,新規・辞書検索系・基底熟語,漢字/熟語検索サイト・漢検系確認候補,,FALSE,https://kokugo.jitenon.jp/kanji/%E9%9B%9C/contain/ / https://kakijun.com/kanji/kotoba/96dc.html,先行の告示PDF由来リストとは別枠。語単位最長一致でのみ実行し、一字置換は禁止。,旧字体・新字体の一字対応で処理可能なため、熟語単位ルールから除外,旧字体一字対応テーブル側で管理
雑音,雜音,雜,雑,FALSE,新規・辞書検索系・基底熟語,漢字/熟語検索サイト・漢検系確認候補,,FALSE,https://kokugo.jitenon.jp/kanji/%E9%9B%9C/contain/ / https://kakijun.com/kanji/kotoba/96dc.html,先行の告示PDF由来リストとは別枠。語単位最長一致でのみ実行し、一字置換は禁止。,旧字体・新字体の一字対応で処理可能なため、熟語単位ルールから除外,旧字体一字対応テーブル側で管理
複雑,複雜,雜,雑,FALSE,新規・辞書検索系・基底熟語,漢字/熟語検索サイト・漢検系確認候補,,FALSE,https://kokugo.jitenon.jp/kanji/%E9%9B%9C/contain/ / https://kakijun.com/kanji/kotoba/96dc.html,先行の告示PDF由来リストとは別枠。語単位最長一致でのみ実行し、一字置換は禁止。,旧字体・新字体の一字対応で処理可能なため、熟語単位ルールから除外,旧字体一字対応テーブル側で管理
雑貨,雜貨,雜,雑,FALSE,新規・辞書検索系・基底熟語,漢字/熟語検索サイト・漢検系確認候補,,FALSE,https://kokugo.jitenon.jp/kanji/%E9%9B%9C/contain/ / https://kakijun.com/kanji/kotoba/96dc.html,先行の告示PDF由来リストとは別枠。語単位最長一致でのみ実行し、一字置換は禁止。,旧字体・新字体の一字対応で処理可能なため、熟語単位ルールから除外,旧字体一字対応テーブル側で管理
雑用,雜用,雜,雑,FALSE,新規・辞書検索系・基底熟語,漢字/熟語検索サイト・漢検系確認候補,,FALSE,https://kokugo.jitenon.jp/kanji/%E9%9B%9C/contain/ / https://kakijun.com/kanji/kotoba/96dc.html,先行の告示PDF由来リストとは別枠。語単位最長一致でのみ実行し、一字置換は禁止。,旧字体・新字体の一字対応で処理可能なため、熟語単位ルールから除外,旧字体一字対応テーブル側で管理
雑談,雜談,雜,雑,FALSE,新規・辞書検索系・基底熟語,漢字/熟語検索サイト・漢検系確認候補,,FALSE,https://kokugo.jitenon.jp/kanji/%E9%9B%9C/contain/ / https://kakijun.com/kanji/kotoba/96dc.html,先行の告示PDF由来リストとは別枠。語単位最長一致でのみ実行し、一字置換は禁止。,旧字体・新字体の一字対応で処理可能なため、熟語単位ルールから除外,旧字体一字対応テーブル側で管理
混雑,混雜,雜,雑,FALSE,新規・辞書検索系・基底熟語,漢字/熟語検索サイト・漢検系確認候補,,FALSE,https://kokugo.jitenon.jp/kanji/%E9%9B%9C/contain/ / https://kakijun.com/kanji/kotoba/96dc.html,先行の告示PDF由来リストとは別枠。語単位最長一致でのみ実行し、一字置換は禁止。,旧字体・新字体の一字対応で処理可能なため、熟語単位ルールから除外,旧字体一字対応テーブル側で管理
雑草,雜草,雜,雑,FALSE,新規・辞書検索系・基底熟語,漢字/熟語検索サイト・漢検系確認候補,,FALSE,https://kokugo.jitenon.jp/kanji/%E9%9B%9C/contain/ / https://kakijun.com/kanji/kotoba/96dc.html,先行の告示PDF由来リストとは別枠。語単位最長一致でのみ実行し、一字置換は禁止。,旧字体・新字体の一字対応で処理可能なため、熟語単位ルールから除外,旧字体一字対応テーブル側で管理
雑種,雜種,雜,雑,FALSE,新規・辞書検索系・基底熟語,漢字/熟語検索サイト・漢検系確認候補,,FALSE,https://kokugo.jitenon.jp/kanji/%E9%9B%9C/contain/ / https://kakijun.com/kanji/kotoba/96dc.html,先行の告示PDF由来リストとは別枠。語単位最長一致でのみ実行し、一字置換は禁止。,旧字体・新字体の一字対応で処理可能なため、熟語単位ルールから除外,旧字体一字対応テーブル側で管理
雑学,雜學,雜,雑,FALSE,新規・辞書検索系・基底熟語,漢字/熟語検索サイト・漢検系確認候補,,FALSE,https://kokugo.jitenon.jp/kanji/%E9%9B%9C/contain/ / https://kakijun.com/kanji/kotoba/96dc.html,先行の告示PDF由来リストとは別枠。語単位最長一致でのみ実行し、一字置換は禁止。,旧字体・新字体の一字対応で処理可能なため、熟語単位ルールから除外,旧字体一字対応テーブル側で管理
観察,觀察,觀,観,FALSE,新規・辞書検索系・基底熟語,漢字/熟語検索サイト・漢検系確認候補,,FALSE,https://kokugo.jitenon.jp/kanji/%E8%A7%80/contain/ / https://kakijun.com/kanji/kotoba/89c0.html,先行の告示PDF由来リストとは別枠。語単位最長一致でのみ実行し、一字置換は禁止。,旧字体・新字体の一字対応で処理可能なため、熟語単位ルールから除外,旧字体一字対応テーブル側で管理
観光,觀光,觀,観,FALSE,新規・辞書検索系・基底熟語,漢字/熟語検索サイト・漢検系確認候補,,FALSE,https://kokugo.jitenon.jp/kanji/%E8%A7%80/contain/ / https://kakijun.com/kanji/kotoba/89c0.html,先行の告示PDF由来リストとは別枠。語単位最長一致でのみ実行し、一字置換は禁止。,旧字体・新字体の一字対応で処理可能なため、熟語単位ルールから除外,旧字体一字対応テーブル側で管理
観測,觀測,觀,観,FALSE,新規・辞書検索系・基底熟語,漢字/熟語検索サイト・漢検系確認候補,,FALSE,https://kokugo.jitenon.jp/kanji/%E8%A7%80/contain/ / https://kakijun.com/kanji/kotoba/89c0.html,先行の告示PDF由来リストとは別枠。語単位最長一致でのみ実行し、一字置換は禁止。,旧字体・新字体の一字対応で処理可能なため、熟語単位ルールから除外,旧字体一字対応テーブル側で管理
観念,觀念,觀,観,FALSE,新規・辞書検索系・基底熟語,漢字/熟語検索サイト・漢検系確認候補,,FALSE,https://kokugo.jitenon.jp/kanji/%E8%A7%80/contain/ / https://kakijun.com/kanji/kotoba/89c0.html,先行の告示PDF由来リストとは別枠。語単位最長一致でのみ実行し、一字置換は禁止。,旧字体・新字体の一字対応で処理可能なため、熟語単位ルールから除外,旧字体一字対応テーブル側で管理
客観,客觀,觀,観,FALSE,新規・辞書検索系・基底熟語,漢字/熟語検索サイト・漢検系確認候補,,FALSE,https://kokugo.jitenon.jp/kanji/%E8%A7%80/contain/ / https://kakijun.com/kanji/kotoba/89c0.html,先行の告示PDF由来リストとは別枠。語単位最長一致でのみ実行し、一字置換は禁止。,旧字体・新字体の一字対応で処理可能なため、熟語単位ルールから除外,旧字体一字対応テーブル側で管理
悲観,悲觀,觀,観,FALSE,新規・辞書検索系・基底熟語,漢字/熟語検索サイト・漢検系確認候補,,FALSE,https://kokugo.jitenon.jp/kanji/%E8%A7%80/contain/ / https://kakijun.com/kanji/kotoba/89c0.html,先行の告示PDF由来リストとは別枠。語単位最長一致でのみ実行し、一字置換は禁止。,旧字体・新字体の一字対応で処理可能なため、熟語単位ルールから除外,旧字体一字対応テーブル側で管理
世界観,世界觀,觀,観,FALSE,新規・辞書検索系・基底熟語,漢字/熟語検索サイト・漢検系確認候補,,FALSE,https://kokugo.jitenon.jp/kanji/%E8%A7%80/contain/ / https://kakijun.com/kanji/kotoba/89c0.html,先行の告示PDF由来リストとは別枠。語単位最長一致でのみ実行し、一字置換は禁止。,旧字体・新字体の一字対応で処理可能なため、熟語単位ルールから除外,旧字体一字対応テーブル側で管理
観点,觀點,觀,観,FALSE,新規・辞書検索系・基底熟語,漢字/熟語検索サイト・漢検系確認候補,,FALSE,https://kokugo.jitenon.jp/kanji/%E8%A7%80/contain/ / https://kakijun.com/kanji/kotoba/89c0.html,先行の告示PDF由来リストとは別枠。語単位最長一致でのみ実行し、一字置換は禁止。,旧字体・新字体の一字対応で処理可能なため、熟語単位ルールから除外,旧字体一字対応テーブル側で管理
歓迎,歡迎,歡,歓,FALSE,新規・辞書検索系・基底熟語,漢字/熟語検索サイト・漢検系確認候補,,FALSE,https://kokugo.jitenon.jp/kanji/%E6%AD%A1/contain/ / https://kakijun.com/kanji/kotoba/6b61.html,先行の告示PDF由来リストとは別枠。語単位最長一致でのみ実行し、一字置換は禁止。,旧字体・新字体の一字対応で処理可能なため、熟語単位ルールから除外,旧字体一字対応テーブル側で管理
歓喜,歡喜,歡,歓,FALSE,新規・辞書検索系・基底熟語,漢字/熟語検索サイト・漢検系確認候補,,FALSE,https://kokugo.jitenon.jp/kanji/%E6%AD%A1/contain/ / https://kakijun.com/kanji/kotoba/6b61.html,先行の告示PDF由来リストとは別枠。語単位最長一致でのみ実行し、一字置換は禁止。,旧字体・新字体の一字対応で処理可能なため、熟語単位ルールから除外,旧字体一字対応テーブル側で管理
歓声,歡聲,歡,歓,FALSE,新規・辞書検索系・基底熟語,漢字/熟語検索サイト・漢検系確認候補,,FALSE,https://kokugo.jitenon.jp/kanji/%E6%AD%A1/contain/ / https://kakijun.com/kanji/kotoba/6b61.html,先行の告示PDF由来リストとは別枠。語単位最長一致でのみ実行し、一字置換は禁止。,旧字体・新字体の一字対応で処理可能なため、熟語単位ルールから除外,旧字体一字対応テーブル側で管理
歓談,歡談,歡,歓,FALSE,新規・辞書検索系・基底熟語,漢字/熟語検索サイト・漢検系確認候補,,FALSE,https://kokugo.jitenon.jp/kanji/%E6%AD%A1/contain/ / https://kakijun.com/kanji/kotoba/6b61.html,先行の告示PDF由来リストとは別枠。語単位最長一致でのみ実行し、一字置換は禁止。,旧字体・新字体の一字対応で処理可能なため、熟語単位ルールから除外,旧字体一字対応テーブル側で管理
交歓,交歡,歡,歓,FALSE,新規・辞書検索系・基底熟語,漢字/熟語検索サイト・漢検系確認候補,,FALSE,https://kokugo.jitenon.jp/kanji/%E6%AD%A1/contain/ / https://kakijun.com/kanji/kotoba/6b61.html,先行の告示PDF由来リストとは別枠。語単位最長一致でのみ実行し、一字置換は禁止。,旧字体・新字体の一字対応で処理可能なため、熟語単位ルールから除外,旧字体一字対応テーブル側で管理
歓待,歡待,歡,歓,FALSE,新規・辞書検索系・基底熟語,漢字/熟語検索サイト・漢検系確認候補,,FALSE,https://kokugo.jitenon.jp/kanji/%E6%AD%A1/contain/ / https://kakijun.com/kanji/kotoba/6b61.html,先行の告示PDF由来リストとは別枠。語単位最長一致でのみ実行し、一字置換は禁止。,旧字体・新字体の一字対応で処理可能なため、熟語単位ルールから除外,旧字体一字対応テーブル側で管理
歓楽,歡樂,歡,歓,FALSE,新規・辞書検索系・基底熟語,漢字/熟語検索サイト・漢検系確認候補,,FALSE,https://kokugo.jitenon.jp/kanji/%E6%AD%A1/contain/ / https://kakijun.com/kanji/kotoba/6b61.html,先行の告示PDF由来リストとは別枠。語単位最長一致でのみ実行し、一字置換は禁止。,旧字体・新字体の一字対応で処理可能なため、熟語単位ルールから除外,旧字体一字対応テーブル側で管理
歓呼,歡呼,歡,歓,FALSE,新規・辞書検索系・基底熟語,漢字/熟語検索サイト・漢検系確認候補,,FALSE,https://kokugo.jitenon.jp/kanji/%E6%AD%A1/contain/ / https://kakijun.com/kanji/kotoba/6b61.html,先行の告示PDF由来リストとは別枠。語単位最長一致でのみ実行し、一字置換は禁止。,旧字体・新字体の一字対応で処理可能なため、熟語単位ルールから除外,旧字体一字対応テーブル側で管理
欠席,缺席,缺,欠,FALSE,新規・辞書検索系・基底熟語,漢字/熟語検索サイト・漢検系確認候補,,FALSE,https://kokugo.jitenon.jp/kanji/%E7%BC%BA/contain/ / https://kakijun.com/kanji/kotoba/7f3a.html,先行の告示PDF由来リストとは別枠。語単位最長一致でのみ実行し、一字置換は禁止。,旧字体・新字体の一字対応で処理可能なため、熟語単位ルールから除外,旧字体一字対応テーブル側で管理
欠点,缺點,缺,欠,FALSE,新規・辞書検索系・基底熟語,漢字/熟語検索サイト・漢検系確認候補,,FALSE,https://kokugo.jitenon.jp/kanji/%E7%BC%BA/contain/ / https://kakijun.com/kanji/kotoba/7f3a.html,先行の告示PDF由来リストとは別枠。語単位最長一致でのみ実行し、一字置換は禁止。,旧字体・新字体の一字対応で処理可能なため、熟語単位ルールから除外,旧字体一字対応テーブル側で管理
欠陥,缺陥,缺,欠,FALSE,新規・辞書検索系・基底熟語,漢字/熟語検索サイト・漢検系確認候補,,FALSE,https://kokugo.jitenon.jp/kanji/%E7%BC%BA/contain/ / https://kakijun.com/kanji/kotoba/7f3a.html,先行の告示PDF由来リストとは別枠。語単位最長一致でのみ実行し、一字置換は禁止。,旧字体・新字体の一字対応で処理可能なため、熟語単位ルールから除外,旧字体一字対応テーブル側で管理
欠乏,缺乏,缺,欠,FALSE,新規・辞書検索系・基底熟語,漢字/熟語検索サイト・漢検系確認候補,,FALSE,https://kokugo.jitenon.jp/kanji/%E7%BC%BA/contain/ / https://kakijun.com/kanji/kotoba/7f3a.html,先行の告示PDF由来リストとは別枠。語単位最長一致でのみ実行し、一字置換は禁止。,旧字体・新字体の一字対応で処理可能なため、熟語単位ルールから除外,旧字体一字対応テーブル側で管理
欠如,缺如,缺,欠,FALSE,新規・辞書検索系・基底熟語,漢字/熟語検索サイト・漢検系確認候補,,FALSE,https://kokugo.jitenon.jp/kanji/%E7%BC%BA/contain/ / https://kakijun.com/kanji/kotoba/7f3a.html,先行の告示PDF由来リストとは別枠。語単位最長一致でのみ実行し、一字置換は禁止。,旧字体・新字体の一字対応で処理可能なため、熟語単位ルールから除外,旧字体一字対応テーブル側で管理
補欠,補缺,缺,欠,FALSE,新規・辞書検索系・基底熟語,漢字/熟語検索サイト・漢検系確認候補,,FALSE,https://kokugo.jitenon.jp/kanji/%E7%BC%BA/contain/ / https://kakijun.com/kanji/kotoba/7f3a.html,先行の告示PDF由来リストとは別枠。語単位最長一致でのみ実行し、一字置換は禁止。,旧字体・新字体の一字対応で処理可能なため、熟語単位ルールから除外,旧字体一字対応テーブル側で管理
欠番,缺番,缺,欠,FALSE,新規・辞書検索系・基底熟語,漢字/熟語検索サイト・漢検系確認候補,,FALSE,https://kokugo.jitenon.jp/kanji/%E7%BC%BA/contain/ / https://kakijun.com/kanji/kotoba/7f3a.html,先行の告示PDF由来リストとは別枠。語単位最長一致でのみ実行し、一字置換は禁止。,旧字体・新字体の一字対応で処理可能なため、熟語単位ルールから除外,旧字体一字対応テーブル側で管理
欠損,缺損,缺,欠,FALSE,新規・辞書検索系・基底熟語,漢字/熟語検索サイト・漢検系確認候補,,FALSE,https://kokugo.jitenon.jp/kanji/%E7%BC%BA/contain/ / https://kakijun.com/kanji/kotoba/7f3a.html,先行の告示PDF由来リストとは別枠。語単位最長一致でのみ実行し、一字置換は禁止。,旧字体・新字体の一字対応で処理可能なため、熟語単位ルールから除外,旧字体一字対応テーブル側で管理
遊戯,遊戲,戲,戯,FALSE,新規・辞書検索系・基底熟語,漢字/熟語検索サイト・漢検系確認候補,,FALSE,https://kokugo.jitenon.jp/kanji/%E6%88%B2/contain/ / https://kakijun.com/kanji/kotoba/6232.html,先行の告示PDF由来リストとは別枠。語単位最長一致でのみ実行し、一字置換は禁止。,旧字体・新字体の一字対応で処理可能なため、熟語単位ルールから除外,旧字体一字対応テーブル側で管理
戯曲,戲曲,戲,戯,FALSE,新規・辞書検索系・基底熟語,漢字/熟語検索サイト・漢検系確認候補,,FALSE,https://kokugo.jitenon.jp/kanji/%E6%88%B2/contain/ / https://kakijun.com/kanji/kotoba/6232.html,先行の告示PDF由来リストとは別枠。語単位最長一致でのみ実行し、一字置換は禁止。,旧字体・新字体の一字対応で処理可能なため、熟語単位ルールから除外,旧字体一字対応テーブル側で管理
悪戯,惡戲,戲,戯,FALSE,新規・辞書検索系・基底熟語,漢字/熟語検索サイト・漢検系確認候補,,FALSE,https://kokugo.jitenon.jp/kanji/%E6%88%B2/contain/ / https://kakijun.com/kanji/kotoba/6232.html,先行の告示PDF由来リストとは別枠。語単位最長一致でのみ実行し、一字置換は禁止。,旧字体・新字体の一字対応で処理可能なため、熟語単位ルールから除外,旧字体一字対応テーブル側で管理
戯言,戲言,戲,戯,FALSE,新規・辞書検索系・基底熟語,漢字/熟語検索サイト・漢検系確認候補,,FALSE,https://kokugo.jitenon.jp/kanji/%E6%88%B2/contain/ / https://kakijun.com/kanji/kotoba/6232.html,先行の告示PDF由来リストとは別枠。語単位最長一致でのみ実行し、一字置換は禁止。,旧字体・新字体の一字対応で処理可能なため、熟語単位ルールから除外,旧字体一字対応テーブル側で管理
戯画,戲畫,戲,戯,FALSE,新規・辞書検索系・基底熟語,漢字/熟語検索サイト・漢検系確認候補,,FALSE,https://kokugo.jitenon.jp/kanji/%E6%88%B2/contain/ / https://kakijun.com/kanji/kotoba/6232.html,先行の告示PDF由来リストとは別枠。語単位最長一致でのみ実行し、一字置換は禁止。,旧字体・新字体の一字対応で処理可能なため、熟語単位ルールから除外,旧字体一字対応テーブル側で管理
演戯,演戲,戲,戯,FALSE,新規・辞書検索系・基底熟語,漢字/熟語検索サイト・漢検系確認候補,,FALSE,https://kokugo.jitenon.jp/kanji/%E6%88%B2/contain/ / https://kakijun.com/kanji/kotoba/6232.html,先行の告示PDF由来リストとは別枠。語単位最長一致でのみ実行し、一字置換は禁止。,旧字体・新字体の一字対応で処理可能なため、熟語単位ルールから除外,旧字体一字対応テーブル側で管理
戯作,戲作,戲,戯,FALSE,新規・辞書検索系・基底熟語,漢字/熟語検索サイト・漢検系確認候補,,FALSE,https://kokugo.jitenon.jp/kanji/%E6%88%B2/contain/ / https://kakijun.com/kanji/kotoba/6232.html,先行の告示PDF由来リストとは別枠。語単位最長一致でのみ実行し、一字置換は禁止。,旧字体・新字体の一字対応で処理可能なため、熟語単位ルールから除外,旧字体一字対応テーブル側で管理
児童,兒童,兒,児,FALSE,新規・辞書検索系・基底熟語,漢字/熟語検索サイト・漢検系確認候補,,FALSE,https://kokugo.jitenon.jp/kanji/%E5%85%92/contain/ / https://kakijun.com/kanji/kotoba/5152.html,先行の告示PDF由来リストとは別枠。語単位最長一致でのみ実行し、一字置換は禁止。,旧字体・新字体の一字対応で処理可能なため、熟語単位ルールから除外,旧字体一字対応テーブル側で管理
幼児,幼兒,兒,児,FALSE,新規・辞書検索系・基底熟語,漢字/熟語検索サイト・漢検系確認候補,,FALSE,https://kokugo.jitenon.jp/kanji/%E5%85%92/contain/ / https://kakijun.com/kanji/kotoba/5152.html,先行の告示PDF由来リストとは別枠。語単位最長一致でのみ実行し、一字置換は禁止。,旧字体・新字体の一字対応で処理可能なため、熟語単位ルールから除外,旧字体一字対応テーブル側で管理
育児,育兒,兒,児,FALSE,新規・辞書検索系・基底熟語,漢字/熟語検索サイト・漢検系確認候補,,FALSE,https://kokugo.jitenon.jp/kanji/%E5%85%92/contain/ / https://kakijun.com/kanji/kotoba/5152.html,先行の告示PDF由来リストとは別枠。語単位最長一致でのみ実行し、一字置換は禁止。,旧字体・新字体の一字対応で処理可能なため、熟語単位ルールから除外,旧字体一字対応テーブル側で管理
園児,園兒,兒,児,FALSE,新規・辞書検索系・基底熟語,漢字/熟語検索サイト・漢検系確認候補,,FALSE,https://kokugo.jitenon.jp/kanji/%E5%85%92/contain/ / https://kakijun.com/kanji/kotoba/5152.html,先行の告示PDF由来リストとは別枠。語単位最長一致でのみ実行し、一字置換は禁止。,旧字体・新字体の一字対応で処理可能なため、熟語単位ルールから除外,旧字体一字対応テーブル側で管理
児戯,兒戲,兒,児,FALSE,新規・辞書検索系・基底熟語,漢字/熟語検索サイト・漢検系確認候補,,FALSE,https://kokugo.jitenon.jp/kanji/%E5%85%92/contain/ / https://kakijun.com/kanji/kotoba/5152.html,先行の告示PDF由来リストとは別枠。語単位最長一致でのみ実行し、一字置換は禁止。,旧字体・新字体の一字対応で処理可能なため、熟語単位ルールから除外,旧字体一字対応テーブル側で管理
胎児,胎兒,兒,児,FALSE,新規・辞書検索系・基底熟語,漢字/熟語検索サイト・漢検系確認候補,,FALSE,https://kokugo.jitenon.jp/kanji/%E5%85%92/contain/ / https://kakijun.com/kanji/kotoba/5152.html,先行の告示PDF由来リストとは別枠。語単位最長一致でのみ実行し、一字置換は禁止。,旧字体・新字体の一字対応で処理可能なため、熟語単位ルールから除外,旧字体一字対応テーブル側で管理
小児,小兒,兒,児,FALSE,新規・辞書検索系・基底熟語,漢字/熟語検索サイト・漢検系確認候補,,FALSE,https://kokugo.jitenon.jp/kanji/%E5%85%92/contain/ / https://kakijun.com/kanji/kotoba/5152.html,先行の告示PDF由来リストとは別枠。語単位最長一致でのみ実行し、一字置換は禁止。,旧字体・新字体の一字対応で処理可能なため、熟語単位ルールから除外,旧字体一字対応テーブル側で管理
孤児,孤兒,兒,児,FALSE,新規・辞書検索系・基底熟語,漢字/熟語検索サイト・漢検系確認候補,,FALSE,https://kokugo.jitenon.jp/kanji/%E5%85%92/contain/ / https://kakijun.com/kanji/kotoba/5152.html,先行の告示PDF由来リストとは別枠。語単位最長一致でのみ実行し、一字置換は禁止。,旧字体・新字体の一字対応で処理可能なため、熟語単位ルールから除外,旧字体一字対応テーブル側で管理
乳児,乳兒,兒,児,FALSE,新規・辞書検索系・基底熟語,漢字/熟語検索サイト・漢検系確認候補,,FALSE,https://kokugo.jitenon.jp/kanji/%E5%85%92/contain/ / https://kakijun.com/kanji/kotoba/5152.html,先行の告示PDF由来リストとは別枠。語単位最長一致でのみ実行し、一字置換は禁止。,旧字体・新字体の一字対応で処理可能なため、熟語単位ルールから除外,旧字体一字対応テーブル側で管理
従業,從業,從,従,FALSE,新規・辞書検索系・基底熟語,漢字/熟語検索サイト・漢検系確認候補,,FALSE,https://kokugo.jitenon.jp/kanji/%E5%BE%9E/contain/ / https://kakijun.com/kanji/kotoba/5f9e.html,先行の告示PDF由来リストとは別枠。語単位最長一致でのみ実行し、一字置換は禁止。,旧字体・新字体の一字対応で処理可能なため、熟語単位ルールから除外,旧字体一字対応テーブル側で管理
従来,從來,從,従,FALSE,新規・辞書検索系・基底熟語,漢字/熟語検索サイト・漢検系確認候補,,FALSE,https://kokugo.jitenon.jp/kanji/%E5%BE%9E/contain/ / https://kakijun.com/kanji/kotoba/5f9e.html,先行の告示PDF由来リストとは別枠。語単位最長一致でのみ実行し、一字置換は禁止。,旧字体・新字体の一字対応で処理可能なため、熟語単位ルールから除外,旧字体一字対応テーブル側で管理
従事,從事,從,従,FALSE,新規・辞書検索系・基底熟語,漢字/熟語検索サイト・漢検系確認候補,,FALSE,https://kokugo.jitenon.jp/kanji/%E5%BE%9E/contain/ / https://kakijun.com/kanji/kotoba/5f9e.html,先行の告示PDF由来リストとは別枠。語単位最長一致でのみ実行し、一字置換は禁止。,旧字体・新字体の一字対応で処理可能なため、熟語単位ルールから除外,旧字体一字対応テーブル側で管理
従軍,從軍,從,従,FALSE,新規・辞書検索系・基底熟語,漢字/熟語検索サイト・漢検系確認候補,,FALSE,https://kokugo.jitenon.jp/kanji/%E5%BE%9E/contain/ / https://kakijun.com/kanji/kotoba/5f9e.html,先行の告示PDF由来リストとは別枠。語単位最長一致でのみ実行し、一字置換は禁止。,旧字体・新字体の一字対応で処理可能なため、熟語単位ルールから除外,旧字体一字対応テーブル側で管理
服従,服從,從,従,FALSE,新規・辞書検索系・基底熟語,漢字/熟語検索サイト・漢検系確認候補,,FALSE,https://kokugo.jitenon.jp/kanji/%E5%BE%9E/contain/ / https://kakijun.com/kanji/kotoba/5f9e.html,先行の告示PDF由来リストとは別枠。語単位最長一致でのみ実行し、一字置換は禁止。,旧字体・新字体の一字対応で処理可能なため、熟語単位ルールから除外,旧字体一字対応テーブル側で管理
主従,主從,從,従,FALSE,新規・辞書検索系・基底熟語,漢字/熟語検索サイト・漢検系確認候補,,FALSE,https://kokugo.jitenon.jp/kanji/%E5%BE%9E/contain/ / https://kakijun.com/kanji/kotoba/5f9e.html,先行の告示PDF由来リストとは別枠。語単位最長一致でのみ実行し、一字置換は禁止。,旧字体・新字体の一字対応で処理可能なため、熟語単位ルールから除外,旧字体一字対応テーブル側で管理
従属,從屬,從,従,FALSE,新規・辞書検索系・基底熟語,漢字/熟語検索サイト・漢検系確認候補,,FALSE,https://kokugo.jitenon.jp/kanji/%E5%BE%9E/contain/ / https://kakijun.com/kanji/kotoba/5f9e.html,先行の告示PDF由来リストとは別枠。語単位最長一致でのみ実行し、一字置換は禁止。,旧字体・新字体の一字対応で処理可能なため、熟語単位ルールから除外,旧字体一字対応テーブル側で管理
従兄弟,從兄弟,從,従,FALSE,新規・辞書検索系・基底熟語,漢字/熟語検索サイト・漢検系確認候補,,FALSE,https://kokugo.jitenon.jp/kanji/%E5%BE%9E/contain/ / https://kakijun.com/kanji/kotoba/5f9e.html,先行の告示PDF由来リストとは別枠。語単位最長一致でのみ実行し、一字置換は禁止。,旧字体・新字体の一字対応で処理可能なため、熟語単位ルールから除外,旧字体一字対応テーブル側で管理
従順,從順,從,従,FALSE,新規・辞書検索系・基底熟語,漢字/熟語検索サイト・漢検系確認候補,,FALSE,https://kokugo.jitenon.jp/kanji/%E5%BE%9E/contain/ / https://kakijun.com/kanji/kotoba/5f9e.html,先行の告示PDF由来リストとは別枠。語単位最長一致でのみ実行し、一字置換は禁止。,旧字体・新字体の一字対応で処理可能なため、熟語単位ルールから除外,旧字体一字対応テーブル側で管理
縦横,縱横,縱,縦,FALSE,新規・辞書検索系・基底熟語,漢字/熟語検索サイト・漢検系確認候補,,FALSE,https://kokugo.jitenon.jp/kanji/%E7%B8%B1/contain/ / https://kakijun.com/kanji/kotoba/7e31.html,先行の告示PDF由来リストとは別枠。語単位最長一致でのみ実行し、一字置換は禁止。,旧字体・新字体の一字対応で処理可能なため、熟語単位ルールから除外,旧字体一字対応テーブル側で管理
縦断,縱斷,縱,縦,FALSE,新規・辞書検索系・基底熟語,漢字/熟語検索サイト・漢検系確認候補,,FALSE,https://kokugo.jitenon.jp/kanji/%E7%B8%B1/contain/ / https://kakijun.com/kanji/kotoba/7e31.html,先行の告示PDF由来リストとは別枠。語単位最長一致でのみ実行し、一字置換は禁止。,旧字体・新字体の一字対応で処理可能なため、熟語単位ルールから除外,旧字体一字対応テーブル側で管理
縦軸,縱軸,縱,縦,FALSE,新規・辞書検索系・基底熟語,漢字/熟語検索サイト・漢検系確認候補,,FALSE,https://kokugo.jitenon.jp/kanji/%E7%B8%B1/contain/ / https://kakijun.com/kanji/kotoba/7e31.html,先行の告示PDF由来リストとは別枠。語単位最長一致でのみ実行し、一字置換は禁止。,旧字体・新字体の一字対応で処理可能なため、熟語単位ルールから除外,旧字体一字対応テーブル側で管理
縦書,縱書,縱,縦,FALSE,新規・辞書検索系・基底熟語,漢字/熟語検索サイト・漢検系確認候補,,FALSE,https://kokugo.jitenon.jp/kanji/%E7%B8%B1/contain/ / https://kakijun.com/kanji/kotoba/7e31.html,先行の告示PDF由来リストとは別枠。語単位最長一致でのみ実行し、一字置換は禁止。,旧字体・新字体の一字対応で処理可能なため、熟語単位ルールから除外,旧字体一字対応テーブル側で管理
操縦,操縱,縱,縦,FALSE,新規・辞書検索系・基底熟語,漢字/熟語検索サイト・漢検系確認候補,,FALSE,https://kokugo.jitenon.jp/kanji/%E7%B8%B1/contain/ / https://kakijun.com/kanji/kotoba/7e31.html,先行の告示PDF由来リストとは別枠。語単位最長一致でのみ実行し、一字置換は禁止。,旧字体・新字体の一字対応で処理可能なため、熟語単位ルールから除外,旧字体一字対応テーブル側で管理
放縦,放縱,縱,縦,FALSE,新規・辞書検索系・基底熟語,漢字/熟語検索サイト・漢検系確認候補,,FALSE,https://kokugo.jitenon.jp/kanji/%E7%B8%B1/contain/ / https://kakijun.com/kanji/kotoba/7e31.html,先行の告示PDF由来リストとは別枠。語単位最長一致でのみ実行し、一字置換は禁止。,旧字体・新字体の一字対応で処理可能なため、熟語単位ルールから除外,旧字体一字対応テーブル側で管理
縦隊,縱隊,縱,縦,FALSE,新規・辞書検索系・基底熟語,漢字/熟語検索サイト・漢検系確認候補,,FALSE,https://kokugo.jitenon.jp/kanji/%E7%B8%B1/contain/ / https://kakijun.com/kanji/kotoba/7e31.html,先行の告示PDF由来リストとは別枠。語単位最長一致でのみ実行し、一字置換は禁止。,旧字体・新字体の一字対応で処理可能なため、熟語単位ルールから除外,旧字体一字対応テーブル側で管理
縦覧,縱覽,縱,縦,FALSE,新規・辞書検索系・基底熟語,漢字/熟語検索サイト・漢検系確認候補,,FALSE,https://kokugo.jitenon.jp/kanji/%E7%B8%B1/contain/ / https://kakijun.com/kanji/kotoba/7e31.html,先行の告示PDF由来リストとは別枠。語単位最長一致でのみ実行し、一字置換は禁止。,旧字体・新字体の一字対応で処理可能なため、熟語単位ルールから除外,旧字体一字対応テーブル側で管理
乗車,乘車,乘,乗,FALSE,新規・辞書検索系・基底熟語,漢字/熟語検索サイト・漢検系確認候補,,FALSE,https://kokugo.jitenon.jp/kanji/%E4%B9%98/contain/ / https://kakijun.com/kanji/kotoba/4e58.html,先行の告示PDF由来リストとは別枠。語単位最長一致でのみ実行し、一字置換は禁止。,旧字体・新字体の一字対応で処理可能なため、熟語単位ルールから除外,旧字体一字対応テーブル側で管理
乗客,乘客,乘,乗,FALSE,新規・辞書検索系・基底熟語,漢字/熟語検索サイト・漢検系確認候補,,FALSE,https://kokugo.jitenon.jp/kanji/%E4%B9%98/contain/ / https://kakijun.com/kanji/kotoba/4e58.html,先行の告示PDF由来リストとは別枠。語単位最長一致でのみ実行し、一字置換は禁止。,旧字体・新字体の一字対応で処理可能なため、熟語単位ルールから除外,旧字体一字対応テーブル側で管理
乗員,乘員,乘,乗,FALSE,新規・辞書検索系・基底熟語,漢字/熟語検索サイト・漢検系確認候補,,FALSE,https://kokugo.jitenon.jp/kanji/%E4%B9%98/contain/ / https://kakijun.com/kanji/kotoba/4e58.html,先行の告示PDF由来リストとは別枠。語単位最長一致でのみ実行し、一字置換は禁止。,旧字体・新字体の一字対応で処理可能なため、熟語単位ルールから除外,旧字体一字対応テーブル側で管理
乗馬,乘馬,乘,乗,FALSE,新規・辞書検索系・基底熟語,漢字/熟語検索サイト・漢検系確認候補,,FALSE,https://kokugo.jitenon.jp/kanji/%E4%B9%98/contain/ / https://kakijun.com/kanji/kotoba/4e58.html,先行の告示PDF由来リストとは別枠。語単位最長一致でのみ実行し、一字置換は禁止。,旧字体・新字体の一字対応で処理可能なため、熟語単位ルールから除外,旧字体一字対応テーブル側で管理
便乗,便乘,乘,乗,FALSE,新規・辞書検索系・基底熟語,漢字/熟語検索サイト・漢検系確認候補,,FALSE,https://kokugo.jitenon.jp/kanji/%E4%B9%98/contain/ / https://kakijun.com/kanji/kotoba/4e58.html,先行の告示PDF由来リストとは別枠。語単位最長一致でのみ実行し、一字置換は禁止。,旧字体・新字体の一字対応で処理可能なため、熟語単位ルールから除外,旧字体一字対応テーブル側で管理
相乗,相乘,乘,乗,FALSE,新規・辞書検索系・基底熟語,漢字/熟語検索サイト・漢検系確認候補,,FALSE,https://kokugo.jitenon.jp/kanji/%E4%B9%98/contain/ / https://kakijun.com/kanji/kotoba/4e58.html,先行の告示PDF由来リストとは別枠。語単位最長一致でのみ実行し、一字置換は禁止。,旧字体・新字体の一字対応で処理可能なため、熟語単位ルールから除外,旧字体一字対応テーブル側で管理
乗法,乘法,乘,乗,FALSE,新規・辞書検索系・基底熟語,漢字/熟語検索サイト・漢検系確認候補,,FALSE,https://kokugo.jitenon.jp/kanji/%E4%B9%98/contain/ / https://kakijun.com/kanji/kotoba/4e58.html,先行の告示PDF由来リストとは別枠。語単位最長一致でのみ実行し、一字置換は禁止。,旧字体・新字体の一字対応で処理可能なため、熟語単位ルールから除外,旧字体一字対応テーブル側で管理
搭乗,搭乘,乘,乗,FALSE,新規・辞書検索系・基底熟語,漢字/熟語検索サイト・漢検系確認候補,,FALSE,https://kokugo.jitenon.jp/kanji/%E4%B9%98/contain/ / https://kakijun.com/kanji/kotoba/4e58.html,先行の告示PDF由来リストとは別枠。語単位最長一致でのみ実行し、一字置換は禁止。,旧字体・新字体の一字対応で処理可能なため、熟語単位ルールから除外,旧字体一字対応テーブル側で管理
乗船,乘船,乘,乗,FALSE,新規・辞書検索系・基底熟語,漢字/熟語検索サイト・漢検系確認候補,,FALSE,https://kokugo.jitenon.jp/kanji/%E4%B9%98/contain/ / https://kakijun.com/kanji/kotoba/4e58.html,先行の告示PDF由来リストとは別枠。語単位最長一致でのみ実行し、一字置換は禁止。,旧字体・新字体の一字対応で処理可能なため、熟語単位ルールから除外,旧字体一字対応テーブル側で管理
浄化,淨化,淨,浄,FALSE,新規・辞書検索系・基底熟語,漢字/熟語検索サイト・漢検系確認候補,,FALSE,https://kokugo.jitenon.jp/kanji/%E6%B7%A8/contain/ / https://kakijun.com/kanji/kotoba/6de8.html,先行の告示PDF由来リストとは別枠。語単位最長一致でのみ実行し、一字置換は禁止。,旧字体・新字体の一字対応で処理可能なため、熟語単位ルールから除外,旧字体一字対応テーブル側で管理
浄土,淨土,淨,浄,FALSE,新規・辞書検索系・基底熟語,漢字/熟語検索サイト・漢検系確認候補,,FALSE,https://kokugo.jitenon.jp/kanji/%E6%B7%A8/contain/ / https://kakijun.com/kanji/kotoba/6de8.html,先行の告示PDF由来リストとは別枠。語単位最長一致でのみ実行し、一字置換は禁止。,旧字体・新字体の一字対応で処理可能なため、熟語単位ルールから除外,旧字体一字対応テーブル側で管理
清浄,清淨,淨,浄,FALSE,新規・辞書検索系・基底熟語,漢字/熟語検索サイト・漢検系確認候補,,FALSE,https://kokugo.jitenon.jp/kanji/%E6%B7%A8/contain/ / https://kakijun.com/kanji/kotoba/6de8.html,先行の告示PDF由来リストとは別枠。語単位最長一致でのみ実行し、一字置換は禁止。,旧字体・新字体の一字対応で処理可能なため、熟語単位ルールから除外,旧字体一字対応テーブル側で管理
浄水,淨水,淨,浄,FALSE,新規・辞書検索系・基底熟語,漢字/熟語検索サイト・漢検系確認候補,,FALSE,https://kokugo.jitenon.jp/kanji/%E6%B7%A8/contain/ / https://kakijun.com/kanji/kotoba/6de8.html,先行の告示PDF由来リストとは別枠。語単位最長一致でのみ実行し、一字置換は禁止。,旧字体・新字体の一字対応で処理可能なため、熟語単位ルールから除外,旧字体一字対応テーブル側で管理
浄財,淨財,淨,浄,FALSE,新規・辞書検索系・基底熟語,漢字/熟語検索サイト・漢検系確認候補,,FALSE,https://kokugo.jitenon.jp/kanji/%E6%B7%A8/contain/ / https://kakijun.com/kanji/kotoba/6de8.html,先行の告示PDF由来リストとは別枠。語単位最長一致でのみ実行し、一字置換は禁止。,旧字体・新字体の一字対応で処理可能なため、熟語単位ルールから除外,旧字体一字対応テーブル側で管理
浄書,淨書,淨,浄,FALSE,新規・辞書検索系・基底熟語,漢字/熟語検索サイト・漢検系確認候補,,FALSE,https://kokugo.jitenon.jp/kanji/%E6%B7%A8/contain/ / https://kakijun.com/kanji/kotoba/6de8.html,先行の告示PDF由来リストとは別枠。語単位最長一致でのみ実行し、一字置換は禁止。,旧字体・新字体の一字対応で処理可能なため、熟語単位ルールから除外,旧字体一字対応テーブル側で管理
浄瑠璃,淨瑠璃,淨,浄,FALSE,新規・辞書検索系・基底熟語,漢字/熟語検索サイト・漢検系確認候補,,FALSE,https://kokugo.jitenon.jp/kanji/%E6%B7%A8/contain/ / https://kakijun.com/kanji/kotoba/6de8.html,先行の告示PDF由来リストとは別枠。語単位最長一致でのみ実行し、一字置換は禁止。,旧字体・新字体の一字対応で処理可能なため、熟語単位ルールから除外,旧字体一字対応テーブル側で管理
声明,聲明,聲,声,FALSE,新規・辞書検索系・基底熟語,漢字/熟語検索サイト・漢検系確認候補,,FALSE,https://kokugo.jitenon.jp/kanji/%E8%81%B2/contain/ / https://kakijun.com/kanji/kotoba/8072.html,先行の告示PDF由来リストとは別枠。語単位最長一致でのみ実行し、一字置換は禁止。,旧字体・新字体の一字対応で処理可能なため、熟語単位ルールから除外,旧字体一字対応テーブル側で管理
声援,聲援,聲,声,FALSE,新規・辞書検索系・基底熟語,漢字/熟語検索サイト・漢検系確認候補,,FALSE,https://kokugo.jitenon.jp/kanji/%E8%81%B2/contain/ / https://kakijun.com/kanji/kotoba/8072.html,先行の告示PDF由来リストとは別枠。語単位最長一致でのみ実行し、一字置換は禁止。,旧字体・新字体の一字対応で処理可能なため、熟語単位ルールから除外,旧字体一字対応テーブル側で管理
音声,音聲,聲,声,FALSE,新規・辞書検索系・基底熟語,漢字/熟語検索サイト・漢検系確認候補,,FALSE,https://kokugo.jitenon.jp/kanji/%E8%81%B2/contain/ / https://kakijun.com/kanji/kotoba/8072.html,先行の告示PDF由来リストとは別枠。語単位最長一致でのみ実行し、一字置換は禁止。,旧字体・新字体の一字対応で処理可能なため、熟語単位ルールから除外,旧字体一字対応テーブル側で管理
歌声,歌聲,聲,声,FALSE,新規・辞書検索系・基底熟語,漢字/熟語検索サイト・漢検系確認候補,,FALSE,https://kokugo.jitenon.jp/kanji/%E8%81%B2/contain/ / https://kakijun.com/kanji/kotoba/8072.html,先行の告示PDF由来リストとは別枠。語単位最長一致でのみ実行し、一字置換は禁止。,旧字体・新字体の一字対応で処理可能なため、熟語単位ルールから除外,旧字体一字対応テーブル側で管理
産声,産聲,聲,声,FALSE,新規・辞書検索系・基底熟語,漢字/熟語検索サイト・漢検系確認候補,,FALSE,https://kokugo.jitenon.jp/kanji/%E8%81%B2/contain/ / https://kakijun.com/kanji/kotoba/8072.html,先行の告示PDF由来リストとは別枠。語単位最長一致でのみ実行し、一字置換は禁止。,旧字体・新字体の一字対応で処理可能なため、熟語単位ルールから除外,旧字体一字対応テーブル側で管理
肉声,肉聲,聲,声,FALSE,新規・辞書検索系・基底熟語,漢字/熟語検索サイト・漢検系確認候補,,FALSE,https://kokugo.jitenon.jp/kanji/%E8%81%B2/contain/ / https://kakijun.com/kanji/kotoba/8072.html,先行の告示PDF由来リストとは別枠。語単位最長一致でのみ実行し、一字置換は禁止。,旧字体・新字体の一字対応で処理可能なため、熟語単位ルールから除外,旧字体一字対応テーブル側で管理
声帯,聲帶,聲,声,FALSE,新規・辞書検索系・基底熟語,漢字/熟語検索サイト・漢検系確認候補,,FALSE,https://kokugo.jitenon.jp/kanji/%E8%81%B2/contain/ / https://kakijun.com/kanji/kotoba/8072.html,先行の告示PDF由来リストとは別枠。語単位最長一致でのみ実行し、一字置換は禁止。,旧字体・新字体の一字対応で処理可能なため、熟語単位ルールから除外,旧字体一字対応テーブル側で管理
声楽,聲樂,聲,声,FALSE,新規・辞書検索系・基底熟語,漢字/熟語検索サイト・漢検系確認候補,,FALSE,https://kokugo.jitenon.jp/kanji/%E8%81%B2/contain/ / https://kakijun.com/kanji/kotoba/8072.html,先行の告示PDF由来リストとは別枠。語単位最長一致でのみ実行し、一字置換は禁止。,旧字体・新字体の一字対応で処理可能なため、熟語単位ルールから除外,旧字体一字対応テーブル側で管理
声色,聲色,聲,声,FALSE,新規・辞書検索系・基底熟語,漢字/熟語検索サイト・漢検系確認候補,,FALSE,https://kokugo.jitenon.jp/kanji/%E8%81%B2/contain/ / https://kakijun.com/kanji/kotoba/8072.html,先行の告示PDF由来リストとは別枠。語単位最長一致でのみ実行し、一字置換は禁止。,旧字体・新字体の一字対応で処理可能なため、熟語単位ルールから除外,旧字体一字対応テーブル側で管理
静止,靜止,靜,静,FALSE,新規・辞書検索系・基底熟語,漢字/熟語検索サイト・漢検系確認候補,,FALSE,https://kokugo.jitenon.jp/kanji/%E9%9D%9C/contain/ / https://kakijun.com/kanji/kotoba/975c.html,先行の告示PDF由来リストとは別枠。語単位最長一致でのみ実行し、一字置換は禁止。,旧字体・新字体の一字対応で処理可能なため、熟語単位ルールから除外,旧字体一字対応テーブル側で管理
静脈,靜脈,靜,静,FALSE,新規・辞書検索系・基底熟語,漢字/熟語検索サイト・漢検系確認候補,,FALSE,https://kokugo.jitenon.jp/kanji/%E9%9D%9C/contain/ / https://kakijun.com/kanji/kotoba/975c.html,先行の告示PDF由来リストとは別枠。語単位最長一致でのみ実行し、一字置換は禁止。,旧字体・新字体の一字対応で処理可能なため、熟語単位ルールから除外,旧字体一字対応テーブル側で管理
安静,安靜,靜,静,FALSE,新規・辞書検索系・基底熟語,漢字/熟語検索サイト・漢検系確認候補,,FALSE,https://kokugo.jitenon.jp/kanji/%E9%9D%9C/contain/ / https://kakijun.com/kanji/kotoba/975c.html,先行の告示PDF由来リストとは別枠。語単位最長一致でのみ実行し、一字置換は禁止。,旧字体・新字体の一字対応で処理可能なため、熟語単位ルールから除外,旧字体一字対応テーブル側で管理
冷静,冷靜,靜,静,FALSE,新規・辞書検索系・基底熟語,漢字/熟語検索サイト・漢検系確認候補,,FALSE,https://kokugo.jitenon.jp/kanji/%E9%9D%9C/contain/ / https://kakijun.com/kanji/kotoba/975c.html,先行の告示PDF由来リストとは別枠。語単位最長一致でのみ実行し、一字置換は禁止。,旧字体・新字体の一字対応で処理可能なため、熟語単位ルールから除外,旧字体一字対応テーブル側で管理
平静,平靜,靜,静,FALSE,新規・辞書検索系・基底熟語,漢字/熟語検索サイト・漢検系確認候補,,FALSE,https://kokugo.jitenon.jp/kanji/%E9%9D%9C/contain/ / https://kakijun.com/kanji/kotoba/975c.html,先行の告示PDF由来リストとは別枠。語単位最長一致でのみ実行し、一字置換は禁止。,旧字体・新字体の一字対応で処理可能なため、熟語単位ルールから除外,旧字体一字対応テーブル側で管理
静養,靜養,靜,静,FALSE,新規・辞書検索系・基底熟語,漢字/熟語検索サイト・漢検系確認候補,,FALSE,https://kokugo.jitenon.jp/kanji/%E9%9D%9C/contain/ / https://kakijun.com/kanji/kotoba/975c.html,先行の告示PDF由来リストとは別枠。語単位最長一致でのみ実行し、一字置換は禁止。,旧字体・新字体の一字対応で処理可能なため、熟語単位ルールから除外,旧字体一字対応テーブル側で管理
静物,靜物,靜,静,FALSE,新規・辞書検索系・基底熟語,漢字/熟語検索サイト・漢検系確認候補,,FALSE,https://kokugo.jitenon.jp/kanji/%E9%9D%9C/contain/ / https://kakijun.com/kanji/kotoba/975c.html,先行の告示PDF由来リストとは別枠。語単位最長一致でのみ実行し、一字置換は禁止。,旧字体・新字体の一字対応で処理可能なため、熟語単位ルールから除外,旧字体一字対応テーブル側で管理
静寂,靜寂,靜,静,FALSE,新規・辞書検索系・基底熟語,漢字/熟語検索サイト・漢検系確認候補,,FALSE,https://kokugo.jitenon.jp/kanji/%E9%9D%9C/contain/ / https://kakijun.com/kanji/kotoba/975c.html,先行の告示PDF由来リストとは別枠。語単位最長一致でのみ実行し、一字置換は禁止。,旧字体・新字体の一字対応で処理可能なため、熟語単位ルールから除外,旧字体一字対応テーブル側で管理
静岡,靜岡,靜,静,FALSE,新規・辞書検索系・基底熟語,漢字/熟語検索サイト・漢検系確認候補,固有名詞・姓地名注意,FALSE,https://kokugo.jitenon.jp/kanji/%E9%9D%9C/contain/ / https://kakijun.com/kanji/kotoba/975c.html,先行の告示PDF由来リストとは別枠。語単位最長一致でのみ実行し、一字置換は禁止。,旧字体・新字体の一字対応で処理可能なため、熟語単位ルールから除外,旧字体一字対応テーブル側で管理
絶対,絕對,絕,絶,FALSE,新規・辞書検索系・基底熟語,漢字/熟語検索サイト・漢検系確認候補,,FALSE,https://kokugo.jitenon.jp/kanji/%E7%B5%95/contain/ / https://kakijun.com/kanji/kotoba/7d55.html,先行の告示PDF由来リストとは別枠。語単位最長一致でのみ実行し、一字置換は禁止。,旧字体・新字体の一字対応で処理可能なため、熟語単位ルールから除外,旧字体一字対応テーブル側で管理
絶望,絕望,絕,絶,FALSE,新規・辞書検索系・基底熟語,漢字/熟語検索サイト・漢検系確認候補,,FALSE,https://kokugo.jitenon.jp/kanji/%E7%B5%95/contain/ / https://kakijun.com/kanji/kotoba/7d55.html,先行の告示PDF由来リストとは別枠。語単位最長一致でのみ実行し、一字置換は禁止。,旧字体・新字体の一字対応で処理可能なため、熟語単位ルールから除外,旧字体一字対応テーブル側で管理
絶好,絕好,絕,絶,FALSE,新規・辞書検索系・基底熟語,漢字/熟語検索サイト・漢検系確認候補,,FALSE,https://kokugo.jitenon.jp/kanji/%E7%B5%95/contain/ / https://kakijun.com/kanji/kotoba/7d55.html,先行の告示PDF由来リストとは別枠。語単位最長一致でのみ実行し、一字置換は禁止。,旧字体・新字体の一字対応で処理可能なため、熟語単位ルールから除外,旧字体一字対応テーブル側で管理
絶妙,絕妙,絕,絶,FALSE,新規・辞書検索系・基底熟語,漢字/熟語検索サイト・漢検系確認候補,,FALSE,https://kokugo.jitenon.jp/kanji/%E7%B5%95/contain/ / https://kakijun.com/kanji/kotoba/7d55.html,先行の告示PDF由来リストとは別枠。語単位最長一致でのみ実行し、一字置換は禁止。,旧字体・新字体の一字対応で処理可能なため、熟語単位ルールから除外,旧字体一字対応テーブル側で管理
絶景,絕景,絕,絶,FALSE,新規・辞書検索系・基底熟語,漢字/熟語検索サイト・漢検系確認候補,,FALSE,https://kokugo.jitenon.jp/kanji/%E7%B5%95/contain/ / https://kakijun.com/kanji/kotoba/7d55.html,先行の告示PDF由来リストとは別枠。語単位最長一致でのみ実行し、一字置換は禁止。,旧字体・新字体の一字対応で処理可能なため、熟語単位ルールから除外,旧字体一字対応テーブル側で管理
拒絶,拒絕,絕,絶,FALSE,新規・辞書検索系・基底熟語,漢字/熟語検索サイト・漢検系確認候補,,FALSE,https://kokugo.jitenon.jp/kanji/%E7%B5%95/contain/ / https://kakijun.com/kanji/kotoba/7d55.html,先行の告示PDF由来リストとは別枠。語単位最長一致でのみ実行し、一字置換は禁止。,旧字体・新字体の一字対応で処理可能なため、熟語単位ルールから除外,旧字体一字対応テーブル側で管理
絶叫,絕叫,絕,絶,FALSE,新規・辞書検索系・基底熟語,漢字/熟語検索サイト・漢検系確認候補,,FALSE,https://kokugo.jitenon.jp/kanji/%E7%B5%95/contain/ / https://kakijun.com/kanji/kotoba/7d55.html,先行の告示PDF由来リストとは別枠。語単位最長一致でのみ実行し、一字置換は禁止。,旧字体・新字体の一字対応で処理可能なため、熟語単位ルールから除外,旧字体一字対応テーブル側で管理
絶滅,絕滅,絕,絶,FALSE,新規・辞書検索系・基底熟語,漢字/熟語検索サイト・漢検系確認候補,,FALSE,https://kokugo.jitenon.jp/kanji/%E7%B5%95/contain/ / https://kakijun.com/kanji/kotoba/7d55.html,先行の告示PDF由来リストとは別枠。語単位最長一致でのみ実行し、一字置換は禁止。,旧字体・新字体の一字対応で処理可能なため、熟語単位ルールから除外,旧字体一字対応テーブル側で管理
専門,專門,專,専,FALSE,新規・辞書検索系・基底熟語,漢字/熟語検索サイト・漢検系確認候補,,FALSE,https://kokugo.jitenon.jp/kanji/%E5%B0%88/contain/ / https://kakijun.com/kanji/kotoba/5c08.html,先行の告示PDF由来リストとは別枠。語単位最長一致でのみ実行し、一字置換は禁止。,旧字体・新字体の一字対応で処理可能なため、熟語単位ルールから除外,旧字体一字対応テーブル側で管理
専用,專用,專,専,FALSE,新規・辞書検索系・基底熟語,漢字/熟語検索サイト・漢検系確認候補,,FALSE,https://kokugo.jitenon.jp/kanji/%E5%B0%88/contain/ / https://kakijun.com/kanji/kotoba/5c08.html,先行の告示PDF由来リストとは別枠。語単位最長一致でのみ実行し、一字置換は禁止。,旧字体・新字体の一字対応で処理可能なため、熟語単位ルールから除外,旧字体一字対応テーブル側で管理
専攻,專攻,專,専,FALSE,新規・辞書検索系・基底熟語,漢字/熟語検索サイト・漢検系確認候補,,FALSE,https://kokugo.jitenon.jp/kanji/%E5%B0%88/contain/ / https://kakijun.com/kanji/kotoba/5c08.html,先行の告示PDF由来リストとは別枠。語単位最長一致でのみ実行し、一字置換は禁止。,旧字体・新字体の一字対応で処理可能なため、熟語単位ルールから除外,旧字体一字対応テーブル側で管理
専念,專念,專,専,FALSE,新規・辞書検索系・基底熟語,漢字/熟語検索サイト・漢検系確認候補,,FALSE,https://kokugo.jitenon.jp/kanji/%E5%B0%88/contain/ / https://kakijun.com/kanji/kotoba/5c08.html,先行の告示PDF由来リストとは別枠。語単位最長一致でのみ実行し、一字置換は禁止。,旧字体・新字体の一字対応で処理可能なため、熟語単位ルールから除外,旧字体一字対応テーブル側で管理
専制,專制,專,専,FALSE,新規・辞書検索系・基底熟語,漢字/熟語検索サイト・漢検系確認候補,,FALSE,https://kokugo.jitenon.jp/kanji/%E5%B0%88/contain/ / https://kakijun.com/kanji/kotoba/5c08.html,先行の告示PDF由来リストとは別枠。語単位最長一致でのみ実行し、一字置換は禁止。,旧字体・新字体の一字対応で処理可能なため、熟語単位ルールから除外,旧字体一字対応テーブル側で管理
専務,專務,專,専,FALSE,新規・辞書検索系・基底熟語,漢字/熟語検索サイト・漢検系確認候補,,FALSE,https://kokugo.jitenon.jp/kanji/%E5%B0%88/contain/ / https://kakijun.com/kanji/kotoba/5c08.html,先行の告示PDF由来リストとは別枠。語単位最長一致でのみ実行し、一字置換は禁止。,旧字体・新字体の一字対応で処理可能なため、熟語単位ルールから除外,旧字体一字対応テーブル側で管理
専売,專賣,專,専,FALSE,新規・辞書検索系・基底熟語,漢字/熟語検索サイト・漢検系確認候補,,FALSE,https://kokugo.jitenon.jp/kanji/%E5%B0%88/contain/ / https://kakijun.com/kanji/kotoba/5c08.html,先行の告示PDF由来リストとは別枠。語単位最長一致でのみ実行し、一字置換は禁止。,旧字体・新字体の一字対応で処理可能なため、熟語単位ルールから除外,旧字体一字対応テーブル側で管理
専修,專修,專,専,FALSE,新規・辞書検索系・基底熟語,漢字/熟語検索サイト・漢検系確認候補,,FALSE,https://kokugo.jitenon.jp/kanji/%E5%B0%88/contain/ / https://kakijun.com/kanji/kotoba/5c08.html,先行の告示PDF由来リストとは別枠。語単位最長一致でのみ実行し、一字置換は禁止。,旧字体・新字体の一字対応で処理可能なため、熟語単位ルールから除外,旧字体一字対応テーブル側で管理
専横,專横,專,専,FALSE,新規・辞書検索系・基底熟語,漢字/熟語検索サイト・漢検系確認候補,,FALSE,https://kokugo.jitenon.jp/kanji/%E5%B0%88/contain/ / https://kakijun.com/kanji/kotoba/5c08.html,先行の告示PDF由来リストとは別枠。語単位最長一致でのみ実行し、一字置換は禁止。,旧字体・新字体の一字対応で処理可能なため、熟語単位ルールから除外,旧字体一字対応テーブル側で管理
対象,對象,對,対,FALSE,新規・辞書検索系・基底熟語,漢字/熟語検索サイト・漢検系確認候補,,FALSE,https://kokugo.jitenon.jp/kanji/%E5%B0%8D/contain/ / https://kakijun.com/kanji/kotoba/5c0d.html,先行の告示PDF由来リストとは別枠。語単位最長一致でのみ実行し、一字置換は禁止。,旧字体・新字体の一字対応で処理可能なため、熟語単位ルールから除外,旧字体一字対応テーブル側で管理
対照,對照,對,対,FALSE,新規・辞書検索系・基底熟語,漢字/熟語検索サイト・漢検系確認候補,,FALSE,https://kokugo.jitenon.jp/kanji/%E5%B0%8D/contain/ / https://kakijun.com/kanji/kotoba/5c0d.html,先行の告示PDF由来リストとは別枠。語単位最長一致でのみ実行し、一字置換は禁止。,旧字体・新字体の一字対応で処理可能なため、熟語単位ルールから除外,旧字体一字対応テーブル側で管理
対策,對策,對,対,FALSE,新規・辞書検索系・基底熟語,漢字/熟語検索サイト・漢検系確認候補,,FALSE,https://kokugo.jitenon.jp/kanji/%E5%B0%8D/contain/ / https://kakijun.com/kanji/kotoba/5c0d.html,先行の告示PDF由来リストとは別枠。語単位最長一致でのみ実行し、一字置換は禁止。,旧字体・新字体の一字対応で処理可能なため、熟語単位ルールから除外,旧字体一字対応テーブル側で管理
対話,對話,對,対,FALSE,新規・辞書検索系・基底熟語,漢字/熟語検索サイト・漢検系確認候補,,FALSE,https://kokugo.jitenon.jp/kanji/%E5%B0%8D/contain/ / https://kakijun.com/kanji/kotoba/5c0d.html,先行の告示PDF由来リストとは別枠。語単位最長一致でのみ実行し、一字置換は禁止。,旧字体・新字体の一字対応で処理可能なため、熟語単位ルールから除外,旧字体一字対応テーブル側で管理
対立,對立,對,対,FALSE,新規・辞書検索系・基底熟語,漢字/熟語検索サイト・漢検系確認候補,,FALSE,https://kokugo.jitenon.jp/kanji/%E5%B0%8D/contain/ / https://kakijun.com/kanji/kotoba/5c0d.html,先行の告示PDF由来リストとは別枠。語単位最長一致でのみ実行し、一字置換は禁止。,旧字体・新字体の一字対応で処理可能なため、熟語単位ルールから除外,旧字体一字対応テーブル側で管理
対決,對決,對,対,FALSE,新規・辞書検索系・基底熟語,漢字/熟語検索サイト・漢検系確認候補,,FALSE,https://kokugo.jitenon.jp/kanji/%E5%B0%8D/contain/ / https://kakijun.com/kanji/kotoba/5c0d.html,先行の告示PDF由来リストとは別枠。語単位最長一致でのみ実行し、一字置換は禁止。,旧字体・新字体の一字対応で処理可能なため、熟語単位ルールから除外,旧字体一字対応テーブル側で管理
対比,對比,對,対,FALSE,新規・辞書検索系・基底熟語,漢字/熟語検索サイト・漢検系確認候補,,FALSE,https://kokugo.jitenon.jp/kanji/%E5%B0%8D/contain/ / https://kakijun.com/kanji/kotoba/5c0d.html,先行の告示PDF由来リストとは別枠。語単位最長一致でのみ実行し、一字置換は禁止。,旧字体・新字体の一字対応で処理可能なため、熟語単位ルールから除外,旧字体一字対応テーブル側で管理
対等,對等,對,対,FALSE,新規・辞書検索系・基底熟語,漢字/熟語検索サイト・漢検系確認候補,,FALSE,https://kokugo.jitenon.jp/kanji/%E5%B0%8D/contain/ / https://kakijun.com/kanji/kotoba/5c0d.html,先行の告示PDF由来リストとは別枠。語単位最長一致でのみ実行し、一字置換は禁止。,旧字体・新字体の一字対応で処理可能なため、熟語単位ルールから除外,旧字体一字対応テーブル側で管理
対岸,對岸,對,対,FALSE,新規・辞書検索系・基底熟語,漢字/熟語検索サイト・漢検系確認候補,,FALSE,https://kokugo.jitenon.jp/kanji/%E5%B0%8D/contain/ / https://kakijun.com/kanji/kotoba/5c0d.html,先行の告示PDF由来リストとは別枠。語単位最長一致でのみ実行し、一字置換は禁止。,旧字体・新字体の一字対応で処理可能なため、熟語単位ルールから除外,旧字体一字対応テーブル側で管理
帯同,帶同,帶,帯,FALSE,新規・辞書検索系・基底熟語,漢字/熟語検索サイト・漢検系確認候補,,FALSE,https://kokugo.jitenon.jp/kanji/%E5%B8%B6/contain/ / https://kakijun.com/kanji/kotoba/5e36.html,先行の告示PDF由来リストとは別枠。語単位最長一致でのみ実行し、一字置換は禁止。,旧字体・新字体の一字対応で処理可能なため、熟語単位ルールから除外,旧字体一字対応テーブル側で管理
地帯,地帶,帶,帯,FALSE,新規・辞書検索系・基底熟語,漢字/熟語検索サイト・漢検系確認候補,,FALSE,https://kokugo.jitenon.jp/kanji/%E5%B8%B6/contain/ / https://kakijun.com/kanji/kotoba/5e36.html,先行の告示PDF由来リストとは別枠。語単位最長一致でのみ実行し、一字置換は禁止。,旧字体・新字体の一字対応で処理可能なため、熟語単位ルールから除外,旧字体一字対応テーブル側で管理
熱帯,熱帶,帶,帯,FALSE,新規・辞書検索系・基底熟語,漢字/熟語検索サイト・漢検系確認候補,,FALSE,https://kokugo.jitenon.jp/kanji/%E5%B8%B6/contain/ / https://kakijun.com/kanji/kotoba/5e36.html,先行の告示PDF由来リストとは別枠。語単位最長一致でのみ実行し、一字置換は禁止。,旧字体・新字体の一字対応で処理可能なため、熟語単位ルールから除外,旧字体一字対応テーブル側で管理
時間帯,時間帶,帶,帯,FALSE,新規・辞書検索系・基底熟語,漢字/熟語検索サイト・漢検系確認候補,,FALSE,https://kokugo.jitenon.jp/kanji/%E5%B8%B6/contain/ / https://kakijun.com/kanji/kotoba/5e36.html,先行の告示PDF由来リストとは別枠。語単位最長一致でのみ実行し、一字置換は禁止。,旧字体・新字体の一字対応で処理可能なため、熟語単位ルールから除外,旧字体一字対応テーブル側で管理
携帯,携帶,帶,帯,FALSE,新規・辞書検索系・基底熟語,漢字/熟語検索サイト・漢検系確認候補,,FALSE,https://kokugo.jitenon.jp/kanji/%E5%B8%B6/contain/ / https://kakijun.com/kanji/kotoba/5e36.html,先行の告示PDF由来リストとは別枠。語単位最長一致でのみ実行し、一字置換は禁止。,旧字体・新字体の一字対応で処理可能なため、熟語単位ルールから除外,旧字体一字対応テーブル側で管理
連帯,連帶,帶,帯,FALSE,新規・辞書検索系・基底熟語,漢字/熟語検索サイト・漢検系確認候補,,FALSE,https://kokugo.jitenon.jp/kanji/%E5%B8%B6/contain/ / https://kakijun.com/kanji/kotoba/5e36.html,先行の告示PDF由来リストとは別枠。語単位最長一致でのみ実行し、一字置換は禁止。,旧字体・新字体の一字対応で処理可能なため、熟語単位ルールから除外,旧字体一字対応テーブル側で管理
帯状,帶状,帶,帯,FALSE,新規・辞書検索系・基底熟語,漢字/熟語検索サイト・漢検系確認候補,,FALSE,https://kokugo.jitenon.jp/kanji/%E5%B8%B6/contain/ / https://kakijun.com/kanji/kotoba/5e36.html,先行の告示PDF由来リストとは別枠。語単位最長一致でのみ実行し、一字置換は禁止。,旧字体・新字体の一字対応で処理可能なため、熟語単位ルールから除外,旧字体一字対応テーブル側で管理
包帯,包帶,帶,帯,FALSE,新規・辞書検索系・基底熟語,漢字/熟語検索サイト・漢検系確認候補,,FALSE,https://kokugo.jitenon.jp/kanji/%E5%B8%B6/contain/ / https://kakijun.com/kanji/kotoba/5e36.html,先行の告示PDF由来リストとは別枠。語単位最長一致でのみ実行し、一字置換は禁止。,旧字体・新字体の一字対応で処理可能なため、熟語単位ルールから除外,旧字体一字対応テーブル側で管理
所帯,所帶,帶,帯,FALSE,新規・辞書検索系・基底熟語,漢字/熟語検索サイト・漢検系確認候補,,FALSE,https://kokugo.jitenon.jp/kanji/%E5%B8%B6/contain/ / https://kakijun.com/kanji/kotoba/5e36.html,先行の告示PDF由来リストとは別枠。語単位最長一致でのみ実行し、一字置換は禁止。,旧字体・新字体の一字対応で処理可能なため、熟語単位ルールから除外,旧字体一字対応テーブル側で管理
選択,選擇,擇,択,FALSE,新規・辞書検索系・基底熟語,漢字/熟語検索サイト・漢検系確認候補,,FALSE,https://kokugo.jitenon.jp/kanji/%E6%93%87/contain/ / https://kakijun.com/kanji/kotoba/64c7.html,先行の告示PDF由来リストとは別枠。語単位最長一致でのみ実行し、一字置換は禁止。,旧字体・新字体の一字対応で処理可能なため、熟語単位ルールから除外,旧字体一字対応テーブル側で管理
採択,採擇,擇,択,FALSE,新規・辞書検索系・基底熟語,漢字/熟語検索サイト・漢検系確認候補,,FALSE,https://kokugo.jitenon.jp/kanji/%E6%93%87/contain/ / https://kakijun.com/kanji/kotoba/64c7.html,先行の告示PDF由来リストとは別枠。語単位最長一致でのみ実行し、一字置換は禁止。,旧字体・新字体の一字対応で処理可能なため、熟語単位ルールから除外,旧字体一字対応テーブル側で管理
択一,擇一,擇,択,FALSE,新規・辞書検索系・基底熟語,漢字/熟語検索サイト・漢検系確認候補,,FALSE,https://kokugo.jitenon.jp/kanji/%E6%93%87/contain/ / https://kakijun.com/kanji/kotoba/64c7.html,先行の告示PDF由来リストとは別枠。語単位最長一致でのみ実行し、一字置換は禁止。,旧字体・新字体の一字対応で処理可能なため、熟語単位ルールから除外,旧字体一字対応テーブル側で管理
択捉,擇捉,擇,択,FALSE,新規・辞書検索系・基底熟語,漢字/熟語検索サイト・漢検系確認候補,,FALSE,https://kokugo.jitenon.jp/kanji/%E6%93%87/contain/ / https://kakijun.com/kanji/kotoba/64c7.html,先行の告示PDF由来リストとは別枠。語単位最長一致でのみ実行し、一字置換は禁止。,旧字体・新字体の一字対応で処理可能なため、熟語単位ルールから除外,旧字体一字対応テーブル側で管理
択善,擇善,擇,択,FALSE,新規・辞書検索系・基底熟語,漢字/熟語検索サイト・漢検系確認候補,,FALSE,https://kokugo.jitenon.jp/kanji/%E6%93%87/contain/ / https://kakijun.com/kanji/kotoba/64c7.html,先行の告示PDF由来リストとは別枠。語単位最長一致でのみ実行し、一字置換は禁止。,旧字体・新字体の一字対応で処理可能なため、熟語単位ルールから除外,旧字体一字対応テーブル側で管理
聴衆,聽衆,聽,聴,FALSE,新規・辞書検索系・基底熟語,漢字/熟語検索サイト・漢検系確認候補,,FALSE,https://kokugo.jitenon.jp/kanji/%E8%81%BD/contain/ / https://kakijun.com/kanji/kotoba/807d.html,先行の告示PDF由来リストとは別枠。語単位最長一致でのみ実行し、一字置換は禁止。,旧字体・新字体の一字対応で処理可能なため、熟語単位ルールから除外,旧字体一字対応テーブル側で管理
聴覚,聽覺,聽,聴,FALSE,新規・辞書検索系・基底熟語,漢字/熟語検索サイト・漢検系確認候補,,FALSE,https://kokugo.jitenon.jp/kanji/%E8%81%BD/contain/ / https://kakijun.com/kanji/kotoba/807d.html,先行の告示PDF由来リストとは別枠。語単位最長一致でのみ実行し、一字置換は禁止。,旧字体・新字体の一字対応で処理可能なため、熟語単位ルールから除外,旧字体一字対応テーブル側で管理
視聴,視聽,聽,聴,FALSE,新規・辞書検索系・基底熟語,漢字/熟語検索サイト・漢検系確認候補,,FALSE,https://kokugo.jitenon.jp/kanji/%E8%81%BD/contain/ / https://kakijun.com/kanji/kotoba/807d.html,先行の告示PDF由来リストとは別枠。語単位最長一致でのみ実行し、一字置換は禁止。,旧字体・新字体の一字対応で処理可能なため、熟語単位ルールから除外,旧字体一字対応テーブル側で管理
傾聴,傾聽,聽,聴,FALSE,新規・辞書検索系・基底熟語,漢字/熟語検索サイト・漢検系確認候補,,FALSE,https://kokugo.jitenon.jp/kanji/%E8%81%BD/contain/ / https://kakijun.com/kanji/kotoba/807d.html,先行の告示PDF由来リストとは別枠。語単位最長一致でのみ実行し、一字置換は禁止。,旧字体・新字体の一字対応で処理可能なため、熟語単位ルールから除外,旧字体一字対応テーブル側で管理
盗聴,盜聽,聽,聴,FALSE,新規・辞書検索系・基底熟語,漢字/熟語検索サイト・漢検系確認候補,,FALSE,https://kokugo.jitenon.jp/kanji/%E8%81%BD/contain/ / https://kakijun.com/kanji/kotoba/807d.html,先行の告示PDF由来リストとは別枠。語単位最長一致でのみ実行し、一字置換は禁止。,旧字体・新字体の一字対応で処理可能なため、熟語単位ルールから除外,旧字体一字対応テーブル側で管理
聴講,聽講,聽,聴,FALSE,新規・辞書検索系・基底熟語,漢字/熟語検索サイト・漢検系確認候補,,FALSE,https://kokugo.jitenon.jp/kanji/%E8%81%BD/contain/ / https://kakijun.com/kanji/kotoba/807d.html,先行の告示PDF由来リストとは別枠。語単位最長一致でのみ実行し、一字置換は禁止。,旧字体・新字体の一字対応で処理可能なため、熟語単位ルールから除外,旧字体一字対応テーブル側で管理
聴取,聽取,聽,聴,FALSE,新規・辞書検索系・基底熟語,漢字/熟語検索サイト・漢検系確認候補,,FALSE,https://kokugo.jitenon.jp/kanji/%E8%81%BD/contain/ / https://kakijun.com/kanji/kotoba/807d.html,先行の告示PDF由来リストとは別枠。語単位最長一致でのみ実行し、一字置換は禁止。,旧字体・新字体の一字対応で処理可能なため、熟語単位ルールから除外,旧字体一字対応テーブル側で管理
聴診,聽診,聽,聴,FALSE,新規・辞書検索系・基底熟語,漢字/熟語検索サイト・漢検系確認候補,,FALSE,https://kokugo.jitenon.jp/kanji/%E8%81%BD/contain/ / https://kakijun.com/kanji/kotoba/807d.html,先行の告示PDF由来リストとは別枠。語単位最長一致でのみ実行し、一字置換は禁止。,旧字体・新字体の一字対応で処理可能なため、熟語単位ルールから除外,旧字体一字対応テーブル側で管理
公聴会,公聽會,聽,聴,FALSE,新規・辞書検索系・基底熟語,漢字/熟語検索サイト・漢検系確認候補,,FALSE,https://kokugo.jitenon.jp/kanji/%E8%81%BD/contain/ / https://kakijun.com/kanji/kotoba/807d.html,先行の告示PDF由来リストとは別枠。語単位最長一致でのみ実行し、一字置換は禁止。,旧字体・新字体の一字対応で処理可能なため、熟語単位ルールから除外,旧字体一字対応テーブル側で管理
廃止,廢止,廢,廃,FALSE,新規・辞書検索系・基底熟語,漢字/熟語検索サイト・漢検系確認候補,,FALSE,https://kokugo.jitenon.jp/kanji/%E5%BB%A2/contain/ / https://kakijun.com/kanji/kotoba/5ee2.html,先行の告示PDF由来リストとは別枠。語単位最長一致でのみ実行し、一字置換は禁止。,旧字体・新字体の一字対応で処理可能なため、熟語単位ルールから除外,旧字体一字対応テーブル側で管理
廃棄,廢棄,廢,廃,FALSE,新規・辞書検索系・基底熟語,漢字/熟語検索サイト・漢検系確認候補,,FALSE,https://kokugo.jitenon.jp/kanji/%E5%BB%A2/contain/ / https://kakijun.com/kanji/kotoba/5ee2.html,先行の告示PDF由来リストとは別枠。語単位最長一致でのみ実行し、一字置換は禁止。,旧字体・新字体の一字対応で処理可能なため、熟語単位ルールから除外,旧字体一字対応テーブル側で管理
廃物,廢物,廢,廃,FALSE,新規・辞書検索系・基底熟語,漢字/熟語検索サイト・漢検系確認候補,,FALSE,https://kokugo.jitenon.jp/kanji/%E5%BB%A2/contain/ / https://kakijun.com/kanji/kotoba/5ee2.html,先行の告示PDF由来リストとは別枠。語単位最長一致でのみ実行し、一字置換は禁止。,旧字体・新字体の一字対応で処理可能なため、熟語単位ルールから除外,旧字体一字対応テーブル側で管理
荒廃,荒廢,廢,廃,FALSE,新規・辞書検索系・基底熟語,漢字/熟語検索サイト・漢検系確認候補,,FALSE,https://kokugo.jitenon.jp/kanji/%E5%BB%A2/contain/ / https://kakijun.com/kanji/kotoba/5ee2.html,先行の告示PDF由来リストとは別枠。語単位最長一致でのみ実行し、一字置換は禁止。,旧字体・新字体の一字対応で処理可能なため、熟語単位ルールから除外,旧字体一字対応テーブル側で管理
老廃,老廢,廢,廃,FALSE,新規・辞書検索系・基底熟語,漢字/熟語検索サイト・漢検系確認候補,,FALSE,https://kokugo.jitenon.jp/kanji/%E5%BB%A2/contain/ / https://kakijun.com/kanji/kotoba/5ee2.html,先行の告示PDF由来リストとは別枠。語単位最長一致でのみ実行し、一字置換は禁止。,旧字体・新字体の一字対応で処理可能なため、熟語単位ルールから除外,旧字体一字対応テーブル側で管理
廃墟,廢墟,廢,廃,FALSE,新規・辞書検索系・基底熟語,漢字/熟語検索サイト・漢検系確認候補,,FALSE,https://kokugo.jitenon.jp/kanji/%E5%BB%A2/contain/ / https://kakijun.com/kanji/kotoba/5ee2.html,先行の告示PDF由来リストとは別枠。語単位最長一致でのみ実行し、一字置換は禁止。,旧字体・新字体の一字対応で処理可能なため、熟語単位ルールから除外,旧字体一字対応テーブル側で管理
廃業,廢業,廢,廃,FALSE,新規・辞書検索系・基底熟語,漢字/熟語検索サイト・漢検系確認候補,,FALSE,https://kokugo.jitenon.jp/kanji/%E5%BB%A2/contain/ / https://kakijun.com/kanji/kotoba/5ee2.html,先行の告示PDF由来リストとは別枠。語単位最長一致でのみ実行し、一字置換は禁止。,旧字体・新字体の一字対応で処理可能なため、熟語単位ルールから除外,旧字体一字対応テーブル側で管理
廃刊,廢刊,廢,廃,FALSE,新規・辞書検索系・基底熟語,漢字/熟語検索サイト・漢検系確認候補,,FALSE,https://kokugo.jitenon.jp/kanji/%E5%BB%A2/contain/ / https://kakijun.com/kanji/kotoba/5ee2.html,先行の告示PDF由来リストとは別枠。語単位最長一致でのみ実行し、一字置換は禁止。,旧字体・新字体の一字対応で処理可能なため、熟語単位ルールから除外,旧字体一字対応テーブル側で管理
拝見,拜見,拜,拝,FALSE,新規・辞書検索系・基底熟語,漢字/熟語検索サイト・漢検系確認候補,,FALSE,https://kokugo.jitenon.jp/kanji/%E6%8B%9C/contain/ / https://kakijun.com/kanji/kotoba/62dc.html,先行の告示PDF由来リストとは別枠。語単位最長一致でのみ実行し、一字置換は禁止。,旧字体・新字体の一字対応で処理可能なため、熟語単位ルールから除外,旧字体一字対応テーブル側で管理
拝借,拜借,拜,拝,FALSE,新規・辞書検索系・基底熟語,漢字/熟語検索サイト・漢検系確認候補,,FALSE,https://kokugo.jitenon.jp/kanji/%E6%8B%9C/contain/ / https://kakijun.com/kanji/kotoba/62dc.html,先行の告示PDF由来リストとは別枠。語単位最長一致でのみ実行し、一字置換は禁止。,旧字体・新字体の一字対応で処理可能なため、熟語単位ルールから除外,旧字体一字対応テーブル側で管理
参拝,參拜,拜,拝,FALSE,新規・辞書検索系・基底熟語,漢字/熟語検索サイト・漢検系確認候補,,FALSE,https://kokugo.jitenon.jp/kanji/%E6%8B%9C/contain/ / https://kakijun.com/kanji/kotoba/62dc.html,先行の告示PDF由来リストとは別枠。語単位最長一致でのみ実行し、一字置換は禁止。,旧字体・新字体の一字対応で処理可能なため、熟語単位ルールから除外,旧字体一字対応テーブル側で管理
拝啓,拜啓,拜,拝,FALSE,新規・辞書検索系・基底熟語,漢字/熟語検索サイト・漢検系確認候補,,FALSE,https://kokugo.jitenon.jp/kanji/%E6%8B%9C/contain/ / https://kakijun.com/kanji/kotoba/62dc.html,先行の告示PDF由来リストとは別枠。語単位最長一致でのみ実行し、一字置換は禁止。,旧字体・新字体の一字対応で処理可能なため、熟語単位ルールから除外,旧字体一字対応テーブル側で管理
拝読,拜讀,拜,拝,FALSE,新規・辞書検索系・基底熟語,漢字/熟語検索サイト・漢検系確認候補,,FALSE,https://kokugo.jitenon.jp/kanji/%E6%8B%9C/contain/ / https://kakijun.com/kanji/kotoba/62dc.html,先行の告示PDF由来リストとは別枠。語単位最長一致でのみ実行し、一字置換は禁止。,旧字体・新字体の一字対応で処理可能なため、熟語単位ルールから除外,旧字体一字対応テーブル側で管理
拝観,拜觀,拜,拝,FALSE,新規・辞書検索系・基底熟語,漢字/熟語検索サイト・漢検系確認候補,,FALSE,https://kokugo.jitenon.jp/kanji/%E6%8B%9C/contain/ / https://kakijun.com/kanji/kotoba/62dc.html,先行の告示PDF由来リストとは別枠。語単位最長一致でのみ実行し、一字置換は禁止。,旧字体・新字体の一字対応で処理可能なため、熟語単位ルールから除外,旧字体一字対応テーブル側で管理
拝礼,拜禮,拜,拝,FALSE,新規・辞書検索系・基底熟語,漢字/熟語検索サイト・漢検系確認候補,,FALSE,https://kokugo.jitenon.jp/kanji/%E6%8B%9C/contain/ / https://kakijun.com/kanji/kotoba/62dc.html,先行の告示PDF由来リストとは別枠。語単位最長一致でのみ実行し、一字置換は禁止。,旧字体・新字体の一字対応で処理可能なため、熟語単位ルールから除外,旧字体一字対応テーブル側で管理
小麦,小麥,麥,麦,FALSE,新規・辞書検索系・基底熟語,漢字/熟語検索サイト・漢検系確認候補,,FALSE,https://kokugo.jitenon.jp/kanji/%E9%BA%A5/contain/ / https://kakijun.com/kanji/kotoba/9ea5.html,先行の告示PDF由来リストとは別枠。語単位最長一致でのみ実行し、一字置換は禁止。,旧字体・新字体の一字対応で処理可能なため、熟語単位ルールから除外,旧字体一字対応テーブル側で管理
麦茶,麥茶,麥,麦,FALSE,新規・辞書検索系・基底熟語,漢字/熟語検索サイト・漢検系確認候補,,FALSE,https://kokugo.jitenon.jp/kanji/%E9%BA%A5/contain/ / https://kakijun.com/kanji/kotoba/9ea5.html,先行の告示PDF由来リストとは別枠。語単位最長一致でのみ実行し、一字置換は禁止。,旧字体・新字体の一字対応で処理可能なため、熟語単位ルールから除外,旧字体一字対応テーブル側で管理
麦芽,麥芽,麥,麦,FALSE,新規・辞書検索系・基底熟語,漢字/熟語検索サイト・漢検系確認候補,,FALSE,https://kokugo.jitenon.jp/kanji/%E9%BA%A5/contain/ / https://kakijun.com/kanji/kotoba/9ea5.html,先行の告示PDF由来リストとは別枠。語単位最長一致でのみ実行し、一字置換は禁止。,旧字体・新字体の一字対応で処理可能なため、熟語単位ルールから除外,旧字体一字対応テーブル側で管理
麦酒,麥酒,麥,麦,FALSE,新規・辞書検索系・基底熟語,漢字/熟語検索サイト・漢検系確認候補,,FALSE,https://kokugo.jitenon.jp/kanji/%E9%BA%A5/contain/ / https://kakijun.com/kanji/kotoba/9ea5.html,先行の告示PDF由来リストとは別枠。語単位最長一致でのみ実行し、一字置換は禁止。,旧字体・新字体の一字対応で処理可能なため、熟語単位ルールから除外,旧字体一字対応テーブル側で管理
麦飯,麥飯,麥,麦,FALSE,新規・辞書検索系・基底熟語,漢字/熟語検索サイト・漢検系確認候補,,FALSE,https://kokugo.jitenon.jp/kanji/%E9%BA%A5/contain/ / https://kakijun.com/kanji/kotoba/9ea5.html,先行の告示PDF由来リストとは別枠。語単位最長一致でのみ実行し、一字置換は禁止。,旧字体・新字体の一字対応で処理可能なため、熟語単位ルールから除外,旧字体一字対応テーブル側で管理
大麦,大麥,麥,麦,FALSE,新規・辞書検索系・基底熟語,漢字/熟語検索サイト・漢検系確認候補,,FALSE,https://kokugo.jitenon.jp/kanji/%E9%BA%A5/contain/ / https://kakijun.com/kanji/kotoba/9ea5.html,先行の告示PDF由来リストとは別枠。語単位最長一致でのみ実行し、一字置換は禁止。,旧字体・新字体の一字対応で処理可能なため、熟語単位ルールから除外,旧字体一字対応テーブル側で管理
裸麦,裸麥,麥,麦,FALSE,新規・辞書検索系・基底熟語,漢字/熟語検索サイト・漢検系確認候補,,FALSE,https://kokugo.jitenon.jp/kanji/%E9%BA%A5/contain/ / https://kakijun.com/kanji/kotoba/9ea5.html,先行の告示PDF由来リストとは別枠。語単位最長一致でのみ実行し、一字置換は禁止。,旧字体・新字体の一字対応で処理可能なため、熟語単位ルールから除外,旧字体一字対応テーブル側で管理
麦畑,麥畑,麥,麦,FALSE,新規・辞書検索系・基底熟語,漢字/熟語検索サイト・漢検系確認候補,,FALSE,https://kokugo.jitenon.jp/kanji/%E9%BA%A5/contain/ / https://kakijun.com/kanji/kotoba/9ea5.html,先行の告示PDF由来リストとは別枠。語単位最長一致でのみ実行し、一字置換は禁止。,旧字体・新字体の一字対応で処理可能なため、熟語単位ルールから除外,旧字体一字対応テーブル側で管理
秘密,祕密,祕,秘,FALSE,新規・辞書検索系・基底熟語,漢字/熟語検索サイト・漢検系確認候補,,FALSE,https://kokugo.jitenon.jp/kanji/%E7%A5%95/contain/ / https://kakijun.com/kanji/kotoba/7955.html,先行の告示PDF由来リストとは別枠。語単位最長一致でのみ実行し、一字置換は禁止。,旧字体・新字体の一字対応で処理可能なため、熟語単位ルールから除外,旧字体一字対応テーブル側で管理
秘書,祕書,祕,秘,FALSE,新規・辞書検索系・基底熟語,漢字/熟語検索サイト・漢検系確認候補,,FALSE,https://kokugo.jitenon.jp/kanji/%E7%A5%95/contain/ / https://kakijun.com/kanji/kotoba/7955.html,先行の告示PDF由来リストとは別枠。語単位最長一致でのみ実行し、一字置換は禁止。,旧字体・新字体の一字対応で処理可能なため、熟語単位ルールから除外,旧字体一字対応テーブル側で管理
秘訣,祕訣,祕,秘,FALSE,新規・辞書検索系・基底熟語,漢字/熟語検索サイト・漢検系確認候補,,FALSE,https://kokugo.jitenon.jp/kanji/%E7%A5%95/contain/ / https://kakijun.com/kanji/kotoba/7955.html,先行の告示PDF由来リストとは別枠。語単位最長一致でのみ実行し、一字置換は禁止。,旧字体・新字体の一字対応で処理可能なため、熟語単位ルールから除外,旧字体一字対応テーブル側で管理
極秘,極祕,祕,秘,FALSE,新規・辞書検索系・基底熟語,漢字/熟語検索サイト・漢検系確認候補,,FALSE,https://kokugo.jitenon.jp/kanji/%E7%A5%95/contain/ / https://kakijun.com/kanji/kotoba/7955.html,先行の告示PDF由来リストとは別枠。語単位最長一致でのみ実行し、一字置換は禁止。,旧字体・新字体の一字対応で処理可能なため、熟語単位ルールから除外,旧字体一字対応テーブル側で管理
秘境,祕境,祕,秘,FALSE,新規・辞書検索系・基底熟語,漢字/熟語検索サイト・漢検系確認候補,,FALSE,https://kokugo.jitenon.jp/kanji/%E7%A5%95/contain/ / https://kakijun.com/kanji/kotoba/7955.html,先行の告示PDF由来リストとは別枠。語単位最長一致でのみ実行し、一字置換は禁止。,旧字体・新字体の一字対応で処理可能なため、熟語単位ルールから除外,旧字体一字対応テーブル側で管理
秘宝,祕寶,祕,秘,FALSE,新規・辞書検索系・基底熟語,漢字/熟語検索サイト・漢検系確認候補,,FALSE,https://kokugo.jitenon.jp/kanji/%E7%A5%95/contain/ / https://kakijun.com/kanji/kotoba/7955.html,先行の告示PDF由来リストとは別枠。語単位最長一致でのみ実行し、一字置換は禁止。,旧字体・新字体の一字対応で処理可能なため、熟語単位ルールから除外,旧字体一字対応テーブル側で管理
仏教,佛教,佛,仏,FALSE,新規・辞書検索系・基底熟語,漢字/熟語検索サイト・漢検系確認候補,,FALSE,https://kokugo.jitenon.jp/kanji/%E4%BD%9B/contain/ / https://kakijun.com/kanji/kotoba/4f5b.html,先行の告示PDF由来リストとは別枠。語単位最長一致でのみ実行し、一字置換は禁止。,旧字体・新字体の一字対応で処理可能なため、熟語単位ルールから除外,旧字体一字対応テーブル側で管理
仏像,佛像,佛,仏,FALSE,新規・辞書検索系・基底熟語,漢字/熟語検索サイト・漢検系確認候補,,FALSE,https://kokugo.jitenon.jp/kanji/%E4%BD%9B/contain/ / https://kakijun.com/kanji/kotoba/4f5b.html,先行の告示PDF由来リストとは別枠。語単位最長一致でのみ実行し、一字置換は禁止。,旧字体・新字体の一字対応で処理可能なため、熟語単位ルールから除外,旧字体一字対応テーブル側で管理
仏壇,佛壇,佛,仏,FALSE,新規・辞書検索系・基底熟語,漢字/熟語検索サイト・漢検系確認候補,,FALSE,https://kokugo.jitenon.jp/kanji/%E4%BD%9B/contain/ / https://kakijun.com/kanji/kotoba/4f5b.html,先行の告示PDF由来リストとは別枠。語単位最長一致でのみ実行し、一字置換は禁止。,旧字体・新字体の一字対応で処理可能なため、熟語単位ルールから除外,旧字体一字対応テーブル側で管理
念仏,念佛,佛,仏,FALSE,新規・辞書検索系・基底熟語,漢字/熟語検索サイト・漢検系確認候補,,FALSE,https://kokugo.jitenon.jp/kanji/%E4%BD%9B/contain/ / https://kakijun.com/kanji/kotoba/4f5b.html,先行の告示PDF由来リストとは別枠。語単位最長一致でのみ実行し、一字置換は禁止。,旧字体・新字体の一字対応で処理可能なため、熟語単位ルールから除外,旧字体一字対応テーブル側で管理
成仏,成佛,佛,仏,FALSE,新規・辞書検索系・基底熟語,漢字/熟語検索サイト・漢検系確認候補,,FALSE,https://kokugo.jitenon.jp/kanji/%E4%BD%9B/contain/ / https://kakijun.com/kanji/kotoba/4f5b.html,先行の告示PDF由来リストとは別枠。語単位最長一致でのみ実行し、一字置換は禁止。,旧字体・新字体の一字対応で処理可能なため、熟語単位ルールから除外,旧字体一字対応テーブル側で管理
大仏,大佛,佛,仏,FALSE,新規・辞書検索系・基底熟語,漢字/熟語検索サイト・漢検系確認候補,,FALSE,https://kokugo.jitenon.jp/kanji/%E4%BD%9B/contain/ / https://kakijun.com/kanji/kotoba/4f5b.html,先行の告示PDF由来リストとは別枠。語単位最長一致でのみ実行し、一字置換は禁止。,旧字体・新字体の一字対応で処理可能なため、熟語単位ルールから除外,旧字体一字対応テーブル側で管理
仏法,佛法,佛,仏,FALSE,新規・辞書検索系・基底熟語,漢字/熟語検索サイト・漢検系確認候補,,FALSE,https://kokugo.jitenon.jp/kanji/%E4%BD%9B/contain/ / https://kakijun.com/kanji/kotoba/4f5b.html,先行の告示PDF由来リストとは別枠。語単位最長一致でのみ実行し、一字置換は禁止。,旧字体・新字体の一字対応で処理可能なため、熟語単位ルールから除外,旧字体一字対応テーブル側で管理
仏語,佛語,佛,仏,FALSE,新規・辞書検索系・基底熟語,漢字/熟語検索サイト・漢検系確認候補,,FALSE,https://kokugo.jitenon.jp/kanji/%E4%BD%9B/contain/ / https://kakijun.com/kanji/kotoba/4f5b.html,先行の告示PDF由来リストとは別枠。語単位最長一致でのみ実行し、一字置換は禁止。,旧字体・新字体の一字対応で処理可能なため、熟語単位ルールから除外,旧字体一字対応テーブル側で管理
仏典,佛典,佛,仏,FALSE,新規・辞書検索系・基底熟語,漢字/熟語検索サイト・漢検系確認候補,,FALSE,https://kokugo.jitenon.jp/kanji/%E4%BD%9B/contain/ / https://kakijun.com/kanji/kotoba/4f5b.html,先行の告示PDF由来リストとは別枠。語単位最長一致でのみ実行し、一字置換は禁止。,旧字体・新字体の一字対応で処理可能なため、熟語単位ルールから除外,旧字体一字対応テーブル側で管理
満足,滿足,滿,満,FALSE,新規・辞書検索系・基底熟語,漢字/熟語検索サイト・漢検系確認候補,,FALSE,https://kokugo.jitenon.jp/kanji/%E6%BB%BF/contain/ / https://kakijun.com/kanji/kotoba/6eff.html,先行の告示PDF由来リストとは別枠。語単位最長一致でのみ実行し、一字置換は禁止。,旧字体・新字体の一字対応で処理可能なため、熟語単位ルールから除外,旧字体一字対応テーブル側で管理
満員,滿員,滿,満,FALSE,新規・辞書検索系・基底熟語,漢字/熟語検索サイト・漢検系確認候補,,FALSE,https://kokugo.jitenon.jp/kanji/%E6%BB%BF/contain/ / https://kakijun.com/kanji/kotoba/6eff.html,先行の告示PDF由来リストとは別枠。語単位最長一致でのみ実行し、一字置換は禁止。,旧字体・新字体の一字対応で処理可能なため、熟語単位ルールから除外,旧字体一字対応テーブル側で管理
満開,滿開,滿,満,FALSE,新規・辞書検索系・基底熟語,漢字/熟語検索サイト・漢検系確認候補,,FALSE,https://kokugo.jitenon.jp/kanji/%E6%BB%BF/contain/ / https://kakijun.com/kanji/kotoba/6eff.html,先行の告示PDF由来リストとは別枠。語単位最長一致でのみ実行し、一字置換は禁止。,旧字体・新字体の一字対応で処理可能なため、熟語単位ルールから除外,旧字体一字対応テーブル側で管理
満月,滿月,滿,満,FALSE,新規・辞書検索系・基底熟語,漢字/熟語検索サイト・漢検系確認候補,,FALSE,https://kokugo.jitenon.jp/kanji/%E6%BB%BF/contain/ / https://kakijun.com/kanji/kotoba/6eff.html,先行の告示PDF由来リストとは別枠。語単位最長一致でのみ実行し、一字置換は禁止。,旧字体・新字体の一字対応で処理可能なため、熟語単位ルールから除外,旧字体一字対応テーブル側で管理
不満,不滿,滿,満,FALSE,新規・辞書検索系・基底熟語,漢字/熟語検索サイト・漢検系確認候補,,FALSE,https://kokugo.jitenon.jp/kanji/%E6%BB%BF/contain/ / https://kakijun.com/kanji/kotoba/6eff.html,先行の告示PDF由来リストとは別枠。語単位最長一致でのみ実行し、一字置換は禁止。,旧字体・新字体の一字対応で処理可能なため、熟語単位ルールから除外,旧字体一字対応テーブル側で管理
満腹,滿腹,滿,満,FALSE,新規・辞書検索系・基底熟語,漢字/熟語検索サイト・漢検系確認候補,,FALSE,https://kokugo.jitenon.jp/kanji/%E6%BB%BF/contain/ / https://kakijun.com/kanji/kotoba/6eff.html,先行の告示PDF由来リストとは別枠。語単位最長一致でのみ実行し、一字置換は禁止。,旧字体・新字体の一字対応で処理可能なため、熟語単位ルールから除外,旧字体一字対応テーブル側で管理
満州,滿洲,滿,満,FALSE,新規・辞書検索系・基底熟語,漢字/熟語検索サイト・漢検系確認候補,,FALSE,https://kokugo.jitenon.jp/kanji/%E6%BB%BF/contain/ / https://kakijun.com/kanji/kotoba/6eff.html,先行の告示PDF由来リストとは別枠。語単位最長一致でのみ実行し、一字置換は禁止。,旧字体・新字体の一字対応で処理可能なため、熟語単位ルールから除外,旧字体一字対応テーブル側で管理
満点,滿點,滿,満,FALSE,新規・辞書検索系・基底熟語,漢字/熟語検索サイト・漢検系確認候補,,FALSE,https://kokugo.jitenon.jp/kanji/%E6%BB%BF/contain/ / https://kakijun.com/kanji/kotoba/6eff.html,先行の告示PDF由来リストとは別枠。語単位最長一致でのみ実行し、一字置換は禁止。,旧字体・新字体の一字対応で処理可能なため、熟語単位ルールから除外,旧字体一字対応テーブル側で管理
満期,滿期,滿,満,FALSE,新規・辞書検索系・基底熟語,漢字/熟語検索サイト・漢検系確認候補,,FALSE,https://kokugo.jitenon.jp/kanji/%E6%BB%BF/contain/ / https://kakijun.com/kanji/kotoba/6eff.html,先行の告示PDF由来リストとは別枠。語単位最長一致でのみ実行し、一字置換は禁止。,旧字体・新字体の一字対応で処理可能なため、熟語単位ルールから除外,旧字体一字対応テーブル側で管理
黙認,默認,默,黙,FALSE,新規・辞書検索系・基底熟語,漢字/熟語検索サイト・漢検系確認候補,,FALSE,https://kokugo.jitenon.jp/kanji/%E9%BB%98/contain/ / https://kakijun.com/kanji/kotoba/9ed8.html,先行の告示PDF由来リストとは別枠。語単位最長一致でのみ実行し、一字置換は禁止。,旧字体・新字体の一字対応で処理可能なため、熟語単位ルールから除外,旧字体一字対応テーブル側で管理
黙示,默示,默,黙,FALSE,新規・辞書検索系・基底熟語,漢字/熟語検索サイト・漢検系確認候補,,FALSE,https://kokugo.jitenon.jp/kanji/%E9%BB%98/contain/ / https://kakijun.com/kanji/kotoba/9ed8.html,先行の告示PDF由来リストとは別枠。語単位最長一致でのみ実行し、一字置換は禁止。,旧字体・新字体の一字対応で処理可能なため、熟語単位ルールから除外,旧字体一字対応テーブル側で管理
黙祷,默禱,默,黙,FALSE,新規・辞書検索系・基底熟語,漢字/熟語検索サイト・漢検系確認候補,,FALSE,https://kokugo.jitenon.jp/kanji/%E9%BB%98/contain/ / https://kakijun.com/kanji/kotoba/9ed8.html,先行の告示PDF由来リストとは別枠。語単位最長一致でのみ実行し、一字置換は禁止。,旧字体・新字体の一字対応で処理可能なため、熟語単位ルールから除外,旧字体一字対応テーブル側で管理
沈黙,沈默,默,黙,FALSE,新規・辞書検索系・基底熟語,漢字/熟語検索サイト・漢検系確認候補,,FALSE,https://kokugo.jitenon.jp/kanji/%E9%BB%98/contain/ / https://kakijun.com/kanji/kotoba/9ed8.html,先行の告示PDF由来リストとは別枠。語単位最長一致でのみ実行し、一字置換は禁止。,旧字体・新字体の一字対応で処理可能なため、熟語単位ルールから除外,旧字体一字対応テーブル側で管理
黙殺,默殺,默,黙,FALSE,新規・辞書検索系・基底熟語,漢字/熟語検索サイト・漢検系確認候補,,FALSE,https://kokugo.jitenon.jp/kanji/%E9%BB%98/contain/ / https://kakijun.com/kanji/kotoba/9ed8.html,先行の告示PDF由来リストとは別枠。語単位最長一致でのみ実行し、一字置換は禁止。,旧字体・新字体の一字対応で処理可能なため、熟語単位ルールから除外,旧字体一字対応テーブル側で管理
黙読,默讀,默,黙,FALSE,新規・辞書検索系・基底熟語,漢字/熟語検索サイト・漢検系確認候補,,FALSE,https://kokugo.jitenon.jp/kanji/%E9%BB%98/contain/ / https://kakijun.com/kanji/kotoba/9ed8.html,先行の告示PDF由来リストとは別枠。語単位最長一致でのみ実行し、一字置換は禁止。,旧字体・新字体の一字対応で処理可能なため、熟語単位ルールから除外,旧字体一字対応テーブル側で管理
黙想,默想,默,黙,FALSE,新規・辞書検索系・基底熟語,漢字/熟語検索サイト・漢検系確認候補,,FALSE,https://kokugo.jitenon.jp/kanji/%E9%BB%98/contain/ / https://kakijun.com/kanji/kotoba/9ed8.html,先行の告示PDF由来リストとは別枠。語単位最長一致でのみ実行し、一字置換は禁止。,旧字体・新字体の一字対応で処理可能なため、熟語単位ルールから除外,旧字体一字対応テーブル側で管理
黙契,默契,默,黙,FALSE,新規・辞書検索系・基底熟語,漢字/熟語検索サイト・漢検系確認候補,,FALSE,https://kokugo.jitenon.jp/kanji/%E9%BB%98/contain/ / https://kakijun.com/kanji/kotoba/9ed8.html,先行の告示PDF由来リストとは別枠。語単位最長一致でのみ実行し、一字置換は禁止。,旧字体・新字体の一字対応で処理可能なため、熟語単位ルールから除外,旧字体一字対応テーブル側で管理
翻訳,翻譯,譯,訳,FALSE,新規・辞書検索系・基底熟語,漢字/熟語検索サイト・漢検系確認候補,,FALSE,https://kokugo.jitenon.jp/kanji/%E8%AD%AF/contain/ / https://kakijun.com/kanji/kotoba/8b6f.html,先行の告示PDF由来リストとは別枠。語単位最長一致でのみ実行し、一字置換は禁止。,旧字体・新字体の一字対応で処理可能なため、熟語単位ルールから除外,旧字体一字対応テーブル側で管理
通訳,通譯,譯,訳,FALSE,新規・辞書検索系・基底熟語,漢字/熟語検索サイト・漢検系確認候補,,FALSE,https://kokugo.jitenon.jp/kanji/%E8%AD%AF/contain/ / https://kakijun.com/kanji/kotoba/8b6f.html,先行の告示PDF由来リストとは別枠。語単位最長一致でのみ実行し、一字置換は禁止。,旧字体・新字体の一字対応で処理可能なため、熟語単位ルールから除外,旧字体一字対応テーブル側で管理
訳者,譯者,譯,訳,FALSE,新規・辞書検索系・基底熟語,漢字/熟語検索サイト・漢検系確認候補,,FALSE,https://kokugo.jitenon.jp/kanji/%E8%AD%AF/contain/ / https://kakijun.com/kanji/kotoba/8b6f.html,先行の告示PDF由来リストとは別枠。語単位最長一致でのみ実行し、一字置換は禁止。,旧字体・新字体の一字対応で処理可能なため、熟語単位ルールから除外,旧字体一字対応テーブル側で管理
訳文,譯文,譯,訳,FALSE,新規・辞書検索系・基底熟語,漢字/熟語検索サイト・漢検系確認候補,,FALSE,https://kokugo.jitenon.jp/kanji/%E8%AD%AF/contain/ / https://kakijun.com/kanji/kotoba/8b6f.html,先行の告示PDF由来リストとは別枠。語単位最長一致でのみ実行し、一字置換は禁止。,旧字体・新字体の一字対応で処理可能なため、熟語単位ルールから除外,旧字体一字対応テーブル側で管理
直訳,直譯,譯,訳,FALSE,新規・辞書検索系・基底熟語,漢字/熟語検索サイト・漢検系確認候補,,FALSE,https://kokugo.jitenon.jp/kanji/%E8%AD%AF/contain/ / https://kakijun.com/kanji/kotoba/8b6f.html,先行の告示PDF由来リストとは別枠。語単位最長一致でのみ実行し、一字置換は禁止。,旧字体・新字体の一字対応で処理可能なため、熟語単位ルールから除外,旧字体一字対応テーブル側で管理
意訳,意譯,譯,訳,FALSE,新規・辞書検索系・基底熟語,漢字/熟語検索サイト・漢検系確認候補,,FALSE,https://kokugo.jitenon.jp/kanji/%E8%AD%AF/contain/ / https://kakijun.com/kanji/kotoba/8b6f.html,先行の告示PDF由来リストとは別枠。語単位最長一致でのみ実行し、一字置換は禁止。,旧字体・新字体の一字対応で処理可能なため、熟語単位ルールから除外,旧字体一字対応テーブル側で管理
誤訳,誤譯,譯,訳,FALSE,新規・辞書検索系・基底熟語,漢字/熟語検索サイト・漢検系確認候補,,FALSE,https://kokugo.jitenon.jp/kanji/%E8%AD%AF/contain/ / https://kakijun.com/kanji/kotoba/8b6f.html,先行の告示PDF由来リストとは別枠。語単位最長一致でのみ実行し、一字置換は禁止。,旧字体・新字体の一字対応で処理可能なため、熟語単位ルールから除外,旧字体一字対応テーブル側で管理
和訳,和譯,譯,訳,FALSE,新規・辞書検索系・基底熟語,漢字/熟語検索サイト・漢検系確認候補,,FALSE,https://kokugo.jitenon.jp/kanji/%E8%AD%AF/contain/ / https://kakijun.com/kanji/kotoba/8b6f.html,先行の告示PDF由来リストとは別枠。語単位最長一致でのみ実行し、一字置換は禁止。,旧字体・新字体の一字対応で処理可能なため、熟語単位ルールから除外,旧字体一字対応テーブル側で管理
英訳,英譯,譯,訳,FALSE,新規・辞書検索系・基底熟語,漢字/熟語検索サイト・漢検系確認候補,,FALSE,https://kokugo.jitenon.jp/kanji/%E8%AD%AF/contain/ / https://kakijun.com/kanji/kotoba/8b6f.html,先行の告示PDF由来リストとは別枠。語単位最長一致でのみ実行し、一字置換は禁止。,旧字体・新字体の一字対応で処理可能なため、熟語単位ルールから除外,旧字体一字対応テーブル側で管理
予定,豫定,豫,予,FALSE,新規・辞書検索系・基底熟語,漢字/熟語検索サイト・漢検系確認候補,,FALSE,https://kokugo.jitenon.jp/kanji/%E8%B1%AB/contain/ / https://kakijun.com/kanji/kotoba/8c6b.html,先行の告示PDF由来リストとは別枠。語単位最長一致でのみ実行し、一字置換は禁止。,旧字体・新字体の一字対応で処理可能なため、熟語単位ルールから除外,旧字体一字対応テーブル側で管理
予算,豫算,豫,予,FALSE,新規・辞書検索系・基底熟語,漢字/熟語検索サイト・漢検系確認候補,,FALSE,https://kokugo.jitenon.jp/kanji/%E8%B1%AB/contain/ / https://kakijun.com/kanji/kotoba/8c6b.html,先行の告示PDF由来リストとは別枠。語単位最長一致でのみ実行し、一字置換は禁止。,旧字体・新字体の一字対応で処理可能なため、熟語単位ルールから除外,旧字体一字対応テーブル側で管理
予約,豫約,豫,予,FALSE,新規・辞書検索系・基底熟語,漢字/熟語検索サイト・漢検系確認候補,,FALSE,https://kokugo.jitenon.jp/kanji/%E8%B1%AB/contain/ / https://kakijun.com/kanji/kotoba/8c6b.html,先行の告示PDF由来リストとは別枠。語単位最長一致でのみ実行し、一字置換は禁止。,旧字体・新字体の一字対応で処理可能なため、熟語単位ルールから除外,旧字体一字対応テーブル側で管理
予防,豫防,豫,予,FALSE,新規・辞書検索系・基底熟語,漢字/熟語検索サイト・漢検系確認候補,,FALSE,https://kokugo.jitenon.jp/kanji/%E8%B1%AB/contain/ / https://kakijun.com/kanji/kotoba/8c6b.html,先行の告示PDF由来リストとは別枠。語単位最長一致でのみ実行し、一字置換は禁止。,旧字体・新字体の一字対応で処理可能なため、熟語単位ルールから除外,旧字体一字対応テーブル側で管理
予告,豫告,豫,予,FALSE,新規・辞書検索系・基底熟語,漢字/熟語検索サイト・漢検系確認候補,,FALSE,https://kokugo.jitenon.jp/kanji/%E8%B1%AB/contain/ / https://kakijun.com/kanji/kotoba/8c6b.html,先行の告示PDF由来リストとは別枠。語単位最長一致でのみ実行し、一字置換は禁止。,旧字体・新字体の一字対応で処理可能なため、熟語単位ルールから除外,旧字体一字対応テーブル側で管理
予備,豫備,豫,予,FALSE,新規・辞書検索系・基底熟語,漢字/熟語検索サイト・漢検系確認候補,,FALSE,https://kokugo.jitenon.jp/kanji/%E8%B1%AB/contain/ / https://kakijun.com/kanji/kotoba/8c6b.html,先行の告示PDF由来リストとは別枠。語単位最長一致でのみ実行し、一字置換は禁止。,旧字体・新字体の一字対応で処理可能なため、熟語単位ルールから除外,旧字体一字対応テーブル側で管理
予言,豫言,豫,予,FALSE,新規・辞書検索系・基底熟語,漢字/熟語検索サイト・漢検系確認候補,,FALSE,https://kokugo.jitenon.jp/kanji/%E8%B1%AB/contain/ / https://kakijun.com/kanji/kotoba/8c6b.html,先行の告示PDF由来リストとは別枠。語単位最長一致でのみ実行し、一字置換は禁止。,旧字体・新字体の一字対応で処理可能なため、熟語単位ルールから除外,旧字体一字対応テーブル側で管理
予感,豫感,豫,予,FALSE,新規・辞書検索系・基底熟語,漢字/熟語検索サイト・漢検系確認候補,,FALSE,https://kokugo.jitenon.jp/kanji/%E8%B1%AB/contain/ / https://kakijun.com/kanji/kotoba/8c6b.html,先行の告示PDF由来リストとは別枠。語単位最長一致でのみ実行し、一字置換は禁止。,旧字体・新字体の一字対応で処理可能なため、熟語単位ルールから除外,旧字体一字対応テーブル側で管理
予期,豫期,豫,予,FALSE,新規・辞書検索系・基底熟語,漢字/熟語検索サイト・漢検系確認候補,,FALSE,https://kokugo.jitenon.jp/kanji/%E8%B1%AB/contain/ / https://kakijun.com/kanji/kotoba/8c6b.html,先行の告示PDF由来リストとは別枠。語単位最長一致でのみ実行し、一字置換は禁止。,旧字体・新字体の一字対応で処理可能なため、熟語単位ルールから除外,旧字体一字対応テーブル側で管理
余裕,餘裕,餘,余,FALSE,新規・辞書検索系・基底熟語,漢字/熟語検索サイト・漢検系確認候補,,FALSE,https://kokugo.jitenon.jp/kanji/%E9%A4%98/contain/ / https://kakijun.com/kanji/kotoba/9918.html,先行の告示PDF由来リストとは別枠。語単位最長一致でのみ実行し、一字置換は禁止。,旧字体・新字体の一字対応で処理可能なため、熟語単位ルールから除外,旧字体一字対応テーブル側で管理
余分,餘分,餘,余,FALSE,新規・辞書検索系・基底熟語,漢字/熟語検索サイト・漢検系確認候補,,FALSE,https://kokugo.jitenon.jp/kanji/%E9%A4%98/contain/ / https://kakijun.com/kanji/kotoba/9918.html,先行の告示PDF由来リストとは別枠。語単位最長一致でのみ実行し、一字置換は禁止。,旧字体・新字体の一字対応で処理可能なため、熟語単位ルールから除外,旧字体一字対応テーブル側で管理
余白,餘白,餘,余,FALSE,新規・辞書検索系・基底熟語,漢字/熟語検索サイト・漢検系確認候補,,FALSE,https://kokugo.jitenon.jp/kanji/%E9%A4%98/contain/ / https://kakijun.com/kanji/kotoba/9918.html,先行の告示PDF由来リストとは別枠。語単位最長一致でのみ実行し、一字置換は禁止。,旧字体・新字体の一字対応で処理可能なため、熟語単位ルールから除外,旧字体一字対応テーブル側で管理
余興,餘興,餘,余,FALSE,新規・辞書検索系・基底熟語,漢字/熟語検索サイト・漢検系確認候補,,FALSE,https://kokugo.jitenon.jp/kanji/%E9%A4%98/contain/ / https://kakijun.com/kanji/kotoba/9918.html,先行の告示PDF由来リストとは別枠。語単位最長一致でのみ実行し、一字置換は禁止。,旧字体・新字体の一字対応で処理可能なため、熟語単位ルールから除外,旧字体一字対応テーブル側で管理
余計,餘計,餘,余,FALSE,新規・辞書検索系・基底熟語,漢字/熟語検索サイト・漢検系確認候補,,FALSE,https://kokugo.jitenon.jp/kanji/%E9%A4%98/contain/ / https://kakijun.com/kanji/kotoba/9918.html,先行の告示PDF由来リストとは別枠。語単位最長一致でのみ実行し、一字置換は禁止。,旧字体・新字体の一字対応で処理可能なため、熟語単位ルールから除外,旧字体一字対応テーブル側で管理
余韻,餘韻,餘,余,FALSE,新規・辞書検索系・基底熟語,漢字/熟語検索サイト・漢検系確認候補,,FALSE,https://kokugo.jitenon.jp/kanji/%E9%A4%98/contain/ / https://kakijun.com/kanji/kotoba/9918.html,先行の告示PDF由来リストとは別枠。語単位最長一致でのみ実行し、一字置換は禁止。,旧字体・新字体の一字対応で処理可能なため、熟語単位ルールから除外,旧字体一字対応テーブル側で管理
余命,餘命,餘,余,FALSE,新規・辞書検索系・基底熟語,漢字/熟語検索サイト・漢検系確認候補,,FALSE,https://kokugo.jitenon.jp/kanji/%E9%A4%98/contain/ / https://kakijun.com/kanji/kotoba/9918.html,先行の告示PDF由来リストとは別枠。語単位最長一致でのみ実行し、一字置換は禁止。,旧字体・新字体の一字対応で処理可能なため、熟語単位ルールから除外,旧字体一字対応テーブル側で管理
余談,餘談,餘,余,FALSE,新規・辞書検索系・基底熟語,漢字/熟語検索サイト・漢検系確認候補,,FALSE,https://kokugo.jitenon.jp/kanji/%E9%A4%98/contain/ / https://kakijun.com/kanji/kotoba/9918.html,先行の告示PDF由来リストとは別枠。語単位最長一致でのみ実行し、一字置換は禁止。,旧字体・新字体の一字対応で処理可能なため、熟語単位ルールから除外,旧字体一字対応テーブル側で管理
余波,餘波,餘,余,FALSE,新規・辞書検索系・基底熟語,漢字/熟語検索サイト・漢検系確認候補,,FALSE,https://kokugo.jitenon.jp/kanji/%E9%A4%98/contain/ / https://kakijun.com/kanji/kotoba/9918.html,先行の告示PDF由来リストとは別枠。語単位最長一致でのみ実行し、一字置換は禁止。,旧字体・新字体の一字対応で処理可能なため、熟語単位ルールから除外,旧字体一字対応テーブル側で管理
一覧,一覽,覽,覧,FALSE,新規・辞書検索系・基底熟語,漢字/熟語検索サイト・漢検系確認候補,,FALSE,https://kokugo.jitenon.jp/kanji/%E8%A6%BD/contain/ / https://kakijun.com/kanji/kotoba/89bd.html,先行の告示PDF由来リストとは別枠。語単位最長一致でのみ実行し、一字置換は禁止。,旧字体・新字体の一字対応で処理可能なため、熟語単位ルールから除外,旧字体一字対応テーブル側で管理
閲覧,閲覽,覽,覧,FALSE,新規・辞書検索系・基底熟語,漢字/熟語検索サイト・漢検系確認候補,,FALSE,https://kokugo.jitenon.jp/kanji/%E8%A6%BD/contain/ / https://kakijun.com/kanji/kotoba/89bd.html,先行の告示PDF由来リストとは別枠。語単位最長一致でのみ実行し、一字置換は禁止。,旧字体・新字体の一字対応で処理可能なため、熟語単位ルールから除外,旧字体一字対応テーブル側で管理
展覧,展覽,覽,覧,FALSE,新規・辞書検索系・基底熟語,漢字/熟語検索サイト・漢検系確認候補,,FALSE,https://kokugo.jitenon.jp/kanji/%E8%A6%BD/contain/ / https://kakijun.com/kanji/kotoba/89bd.html,先行の告示PDF由来リストとは別枠。語単位最長一致でのみ実行し、一字置換は禁止。,旧字体・新字体の一字対応で処理可能なため、熟語単位ルールから除外,旧字体一字対応テーブル側で管理
回覧,回覽,覽,覧,FALSE,新規・辞書検索系・基底熟語,漢字/熟語検索サイト・漢検系確認候補,,FALSE,https://kokugo.jitenon.jp/kanji/%E8%A6%BD/contain/ / https://kakijun.com/kanji/kotoba/89bd.html,先行の告示PDF由来リストとは別枠。語単位最長一致でのみ実行し、一字置換は禁止。,旧字体・新字体の一字対応で処理可能なため、熟語単位ルールから除外,旧字体一字対応テーブル側で管理
観覧,觀覽,覽,覧,FALSE,新規・辞書検索系・基底熟語,漢字/熟語検索サイト・漢検系確認候補,,FALSE,https://kokugo.jitenon.jp/kanji/%E8%A6%BD/contain/ / https://kakijun.com/kanji/kotoba/89bd.html,先行の告示PDF由来リストとは別枠。語単位最長一致でのみ実行し、一字置換は禁止。,旧字体・新字体の一字対応で処理可能なため、熟語単位ルールから除外,旧字体一字対応テーブル側で管理
博覧会,博覽會,覽,覧,FALSE,新規・辞書検索系・基底熟語,漢字/熟語検索サイト・漢検系確認候補,,FALSE,https://kokugo.jitenon.jp/kanji/%E8%A6%BD/contain/ / https://kakijun.com/kanji/kotoba/89bd.html,先行の告示PDF由来リストとは別枠。語単位最長一致でのみ実行し、一字置換は禁止。,旧字体・新字体の一字対応で処理可能なため、熟語単位ルールから除外,旧字体一字対応テーブル側で管理
便覧,便覽,覽,覧,FALSE,新規・辞書検索系・基底熟語,漢字/熟語検索サイト・漢検系確認候補,,FALSE,https://kokugo.jitenon.jp/kanji/%E8%A6%BD/contain/ / https://kakijun.com/kanji/kotoba/89bd.html,先行の告示PDF由来リストとは別枠。語単位最長一致でのみ実行し、一字置換は禁止。,旧字体・新字体の一字対応で処理可能なため、熟語単位ルールから除外,旧字体一字対応テーブル側で管理
竜頭,龍頭,龍,竜,FALSE,新規・辞書検索系・基底熟語,漢字/熟語検索サイト・漢検系確認候補,,FALSE,https://kokugo.jitenon.jp/kanji/%E9%BE%8D/contain/ / https://kakijun.com/kanji/kotoba/9f8d.html,先行の告示PDF由来リストとは別枠。語単位最長一致でのみ実行し、一字置換は禁止。,旧字体・新字体の一字対応で処理可能なため、熟語単位ルールから除外,旧字体一字対応テーブル側で管理
竜宮,龍宮,龍,竜,FALSE,新規・辞書検索系・基底熟語,漢字/熟語検索サイト・漢検系確認候補,,FALSE,https://kokugo.jitenon.jp/kanji/%E9%BE%8D/contain/ / https://kakijun.com/kanji/kotoba/9f8d.html,先行の告示PDF由来リストとは別枠。語単位最長一致でのみ実行し、一字置換は禁止。,旧字体・新字体の一字対応で処理可能なため、熟語単位ルールから除外,旧字体一字対応テーブル側で管理
竜神,龍神,龍,竜,FALSE,新規・辞書検索系・基底熟語,漢字/熟語検索サイト・漢検系確認候補,,FALSE,https://kokugo.jitenon.jp/kanji/%E9%BE%8D/contain/ / https://kakijun.com/kanji/kotoba/9f8d.html,先行の告示PDF由来リストとは別枠。語単位最長一致でのみ実行し、一字置換は禁止。,旧字体・新字体の一字対応で処理可能なため、熟語単位ルールから除外,旧字体一字対応テーブル側で管理
竜王,龍王,龍,竜,FALSE,新規・辞書検索系・基底熟語,漢字/熟語検索サイト・漢検系確認候補,,FALSE,https://kokugo.jitenon.jp/kanji/%E9%BE%8D/contain/ / https://kakijun.com/kanji/kotoba/9f8d.html,先行の告示PDF由来リストとは別枠。語単位最長一致でのみ実行し、一字置換は禁止。,旧字体・新字体の一字対応で処理可能なため、熟語単位ルールから除外,旧字体一字対応テーブル側で管理
恐竜,恐龍,龍,竜,FALSE,新規・辞書検索系・基底熟語,漢字/熟語検索サイト・漢検系確認候補,,FALSE,https://kokugo.jitenon.jp/kanji/%E9%BE%8D/contain/ / https://kakijun.com/kanji/kotoba/9f8d.html,先行の告示PDF由来リストとは別枠。語単位最長一致でのみ実行し、一字置換は禁止。,旧字体・新字体の一字対応で処理可能なため、熟語単位ルールから除外,旧字体一字対応テーブル側で管理
竜巻,龍卷,龍,竜,FALSE,新規・辞書検索系・基底熟語,漢字/熟語検索サイト・漢検系確認候補,,FALSE,https://kokugo.jitenon.jp/kanji/%E9%BE%8D/contain/ / https://kakijun.com/kanji/kotoba/9f8d.html,先行の告示PDF由来リストとは別枠。語単位最長一致でのみ実行し、一字置換は禁止。,旧字体・新字体の一字対応で処理可能なため、熟語単位ルールから除外,旧字体一字対応テーブル側で管理
竜胆,龍膽,龍,竜,FALSE,新規・辞書検索系・基底熟語,漢字/熟語検索サイト・漢検系確認候補,,FALSE,https://kokugo.jitenon.jp/kanji/%E9%BE%8D/contain/ / https://kakijun.com/kanji/kotoba/9f8d.html,先行の告示PDF由来リストとは別枠。語単位最長一致でのみ実行し、一字置換は禁止。,旧字体・新字体の一字対応で処理可能なため、熟語単位ルールから除外,旧字体一字対応テーブル側で管理
竜骨,龍骨,龍,竜,FALSE,新規・辞書検索系・基底熟語,漢字/熟語検索サイト・漢検系確認候補,,FALSE,https://kokugo.jitenon.jp/kanji/%E9%BE%8D/contain/ / https://kakijun.com/kanji/kotoba/9f8d.html,先行の告示PDF由来リストとは別枠。語単位最長一致でのみ実行し、一字置換は禁止。,旧字体・新字体の一字対応で処理可能なため、熟語単位ルールから除外,旧字体一字対応テーブル側で管理
破壊,破壞,壞,壊,FALSE,新規・辞書検索系・基底熟語,漢字/熟語検索サイト・漢検系確認候補,,FALSE,https://kokugo.jitenon.jp/kanji/%E5%A3%9E/contain/ / https://kakijun.com/kanji/kotoba/58de.html,先行の告示PDF由来リストとは別枠。語単位最長一致でのみ実行し、一字置換は禁止。,旧字体・新字体の一字対応で処理可能なため、熟語単位ルールから除外,旧字体一字対応テーブル側で管理
崩壊,崩壞,壞,壊,FALSE,新規・辞書検索系・基底熟語,漢字/熟語検索サイト・漢検系確認候補,,FALSE,https://kokugo.jitenon.jp/kanji/%E5%A3%9E/contain/ / https://kakijun.com/kanji/kotoba/58de.html,先行の告示PDF由来リストとは別枠。語単位最長一致でのみ実行し、一字置換は禁止。,旧字体・新字体の一字対応で処理可能なため、熟語単位ルールから除外,旧字体一字対応テーブル側で管理
壊滅,壞滅,壞,壊,FALSE,新規・辞書検索系・基底熟語,漢字/熟語検索サイト・漢検系確認候補,,FALSE,https://kokugo.jitenon.jp/kanji/%E5%A3%9E/contain/ / https://kakijun.com/kanji/kotoba/58de.html,先行の告示PDF由来リストとは別枠。語単位最長一致でのみ実行し、一字置換は禁止。,旧字体・新字体の一字対応で処理可能なため、熟語単位ルールから除外,旧字体一字対応テーブル側で管理
決壊,決壞,壞,壊,FALSE,新規・辞書検索系・基底熟語,漢字/熟語検索サイト・漢検系確認候補,,FALSE,https://kokugo.jitenon.jp/kanji/%E5%A3%9E/contain/ / https://kakijun.com/kanji/kotoba/58de.html,先行の告示PDF由来リストとは別枠。語単位最長一致でのみ実行し、一字置換は禁止。,旧字体・新字体の一字対応で処理可能なため、熟語単位ルールから除外,旧字体一字対応テーブル側で管理
倒壊,倒壞,壞,壊,FALSE,新規・辞書検索系・基底熟語,漢字/熟語検索サイト・漢検系確認候補,,FALSE,https://kokugo.jitenon.jp/kanji/%E5%A3%9E/contain/ / https://kakijun.com/kanji/kotoba/58de.html,先行の告示PDF由来リストとは別枠。語単位最長一致でのみ実行し、一字置換は禁止。,旧字体・新字体の一字対応で処理可能なため、熟語単位ルールから除外,旧字体一字対応テーブル側で管理
壊死,壞死,壞,壊,FALSE,新規・辞書検索系・基底熟語,漢字/熟語検索サイト・漢検系確認候補,,FALSE,https://kokugo.jitenon.jp/kanji/%E5%A3%9E/contain/ / https://kakijun.com/kanji/kotoba/58de.html,先行の告示PDF由来リストとは別枠。語単位最長一致でのみ実行し、一字置換は禁止。,旧字体・新字体の一字対応で処理可能なため、熟語単位ルールから除外,旧字体一字対応テーブル側で管理
壊乱,壞亂,壞,壊,FALSE,新規・辞書検索系・基底熟語,漢字/熟語検索サイト・漢検系確認候補,,FALSE,https://kokugo.jitenon.jp/kanji/%E5%A3%9E/contain/ / https://kakijun.com/kanji/kotoba/58de.html,先行の告示PDF由来リストとは別枠。語単位最長一致でのみ実行し、一字置換は禁止。,旧字体・新字体の一字対応で処理可能なため、熟語単位ルールから除外,旧字体一字対応テーブル側で管理
損壊,損壞,壞,壊,FALSE,新規・辞書検索系・基底熟語,漢字/熟語検索サイト・漢検系確認候補,,FALSE,https://kokugo.jitenon.jp/kanji/%E5%A3%9E/contain/ / https://kakijun.com/kanji/kotoba/58de.html,先行の告示PDF由来リストとは別枠。語単位最長一致でのみ実行し、一字置換は禁止。,旧字体・新字体の一字対応で処理可能なため、熟語単位ルールから除外,旧字体一字対応テーブル側で管理
懐中,懷中,懷,懐,FALSE,新規・辞書検索系・基底熟語,漢字/熟語検索サイト・漢検系確認候補,,FALSE,https://kokugo.jitenon.jp/kanji/%E6%87%B7/contain/ / https://kakijun.com/kanji/kotoba/61f7.html,先行の告示PDF由来リストとは別枠。語単位最長一致でのみ実行し、一字置換は禁止。,旧字体・新字体の一字対応で処理可能なため、熟語単位ルールから除外,旧字体一字対応テーブル側で管理
懐疑,懷疑,懷,懐,FALSE,新規・辞書検索系・基底熟語,漢字/熟語検索サイト・漢検系確認候補,,FALSE,https://kokugo.jitenon.jp/kanji/%E6%87%B7/contain/ / https://kakijun.com/kanji/kotoba/61f7.html,先行の告示PDF由来リストとは別枠。語単位最長一致でのみ実行し、一字置換は禁止。,旧字体・新字体の一字対応で処理可能なため、熟語単位ルールから除外,旧字体一字対応テーブル側で管理
懐古,懷古,懷,懐,FALSE,新規・辞書検索系・基底熟語,漢字/熟語検索サイト・漢検系確認候補,,FALSE,https://kokugo.jitenon.jp/kanji/%E6%87%B7/contain/ / https://kakijun.com/kanji/kotoba/61f7.html,先行の告示PDF由来リストとは別枠。語単位最長一致でのみ実行し、一字置換は禁止。,旧字体・新字体の一字対応で処理可能なため、熟語単位ルールから除外,旧字体一字対応テーブル側で管理
懐石,懷石,懷,懐,FALSE,新規・辞書検索系・基底熟語,漢字/熟語検索サイト・漢検系確認候補,,FALSE,https://kokugo.jitenon.jp/kanji/%E6%87%B7/contain/ / https://kakijun.com/kanji/kotoba/61f7.html,先行の告示PDF由来リストとは別枠。語単位最長一致でのみ実行し、一字置換は禁止。,旧字体・新字体の一字対応で処理可能なため、熟語単位ルールから除外,旧字体一字対応テーブル側で管理
懐柔,懷柔,懷,懐,FALSE,新規・辞書検索系・基底熟語,漢字/熟語検索サイト・漢検系確認候補,,FALSE,https://kokugo.jitenon.jp/kanji/%E6%87%B7/contain/ / https://kakijun.com/kanji/kotoba/61f7.html,先行の告示PDF由来リストとは別枠。語単位最長一致でのみ実行し、一字置換は禁止。,旧字体・新字体の一字対応で処理可能なため、熟語単位ルールから除外,旧字体一字対応テーブル側で管理
懐胎,懷胎,懷,懐,FALSE,新規・辞書検索系・基底熟語,漢字/熟語検索サイト・漢検系確認候補,,FALSE,https://kokugo.jitenon.jp/kanji/%E6%87%B7/contain/ / https://kakijun.com/kanji/kotoba/61f7.html,先行の告示PDF由来リストとは別枠。語単位最長一致でのみ実行し、一字置換は禁止。,旧字体・新字体の一字対応で処理可能なため、熟語単位ルールから除外,旧字体一字対応テーブル側で管理
懐炉,懷爐,懷,懐,FALSE,新規・辞書検索系・基底熟語,漢字/熟語検索サイト・漢検系確認候補,,FALSE,https://kokugo.jitenon.jp/kanji/%E6%87%B7/contain/ / https://kakijun.com/kanji/kotoba/61f7.html,先行の告示PDF由来リストとは別枠。語単位最長一致でのみ実行し、一字置換は禁止。,旧字体・新字体の一字対応で処理可能なため、熟語単位ルールから除外,旧字体一字対応テーブル側で管理
懐郷,懷郷,懷,懐,FALSE,新規・辞書検索系・基底熟語,漢字/熟語検索サイト・漢検系確認候補,,FALSE,https://kokugo.jitenon.jp/kanji/%E6%87%B7/contain/ / https://kakijun.com/kanji/kotoba/61f7.html,先行の告示PDF由来リストとは別枠。語単位最長一致でのみ実行し、一字置換は禁止。,旧字体・新字体の一字対応で処理可能なため、熟語単位ルールから除外,旧字体一字対応テーブル側で管理
支払,支拂,拂,払,FALSE,新規・辞書検索系・基底熟語,漢字/熟語検索サイト・漢検系確認候補,,FALSE,https://kokugo.jitenon.jp/kanji/%E6%8B%82/contain/ / https://kakijun.com/kanji/kotoba/62c2.html,先行の告示PDF由来リストとは別枠。語単位最長一致でのみ実行し、一字置換は禁止。,旧字体・新字体の一字対応で処理可能なため、熟語単位ルールから除外,旧字体一字対応テーブル側で管理
払拭,拂拭,拂,払,FALSE,新規・辞書検索系・基底熟語,漢字/熟語検索サイト・漢検系確認候補,,FALSE,https://kokugo.jitenon.jp/kanji/%E6%8B%82/contain/ / https://kakijun.com/kanji/kotoba/62c2.html,先行の告示PDF由来リストとは別枠。語単位最長一致でのみ実行し、一字置換は禁止。,旧字体・新字体の一字対応で処理可能なため、熟語単位ルールから除外,旧字体一字対応テーブル側で管理
前払,前拂,拂,払,FALSE,新規・辞書検索系・基底熟語,漢字/熟語検索サイト・漢検系確認候補,,FALSE,https://kokugo.jitenon.jp/kanji/%E6%8B%82/contain/ / https://kakijun.com/kanji/kotoba/62c2.html,先行の告示PDF由来リストとは別枠。語単位最長一致でのみ実行し、一字置換は禁止。,旧字体・新字体の一字対応で処理可能なため、熟語単位ルールから除外,旧字体一字対応テーブル側で管理
払下げ,拂下げ,拂,払,FALSE,新規・辞書検索系・基底熟語,漢字/熟語検索サイト・漢検系確認候補,,FALSE,https://kokugo.jitenon.jp/kanji/%E6%8B%82/contain/ / https://kakijun.com/kanji/kotoba/62c2.html,先行の告示PDF由来リストとは別枠。語単位最長一致でのみ実行し、一字置換は禁止。,旧字体・新字体の一字対応で処理可能なため、熟語単位ルールから除外,旧字体一字対応テーブル側で管理
払暁,拂曉,拂,払,FALSE,新規・辞書検索系・基底熟語,漢字/熟語検索サイト・漢検系確認候補,,FALSE,https://kokugo.jitenon.jp/kanji/%E6%8B%82/contain/ / https://kakijun.com/kanji/kotoba/62c2.html,先行の告示PDF由来リストとは別枠。語単位最長一致でのみ実行し、一字置換は禁止。,旧字体・新字体の一字対応で処理可能なため、熟語単位ルールから除外,旧字体一字対応テーブル側で管理
一払,一拂,拂,払,FALSE,新規・辞書検索系・基底熟語,漢字/熟語検索サイト・漢検系確認候補,,FALSE,https://kokugo.jitenon.jp/kanji/%E6%8B%82/contain/ / https://kakijun.com/kanji/kotoba/62c2.html,先行の告示PDF由来リストとは別枠。語単位最長一致でのみ実行し、一字置換は禁止。,旧字体・新字体の一字対応で処理可能なため、熟語単位ルールから除外,旧字体一字対応テーブル側で管理
後払,後拂,拂,払,FALSE,新規・辞書検索系・基底熟語,漢字/熟語検索サイト・漢検系確認候補,,FALSE,https://kokugo.jitenon.jp/kanji/%E6%8B%82/contain/ / https://kakijun.com/kanji/kotoba/62c2.html,先行の告示PDF由来リストとは別枠。語単位最長一致でのみ実行し、一字置換は禁止。,旧字体・新字体の一字対応で処理可能なため、熟語単位ルールから除外,旧字体一字対応テーブル側で管理
分払,分拂,拂,払,FALSE,新規・辞書検索系・基底熟語,漢字/熟語検索サイト・漢検系確認候補,,FALSE,https://kokugo.jitenon.jp/kanji/%E6%8B%82/contain/ / https://kakijun.com/kanji/kotoba/62c2.html,先行の告示PDF由来リストとは別枠。語単位最長一致でのみ実行し、一字置換は禁止。,旧字体・新字体の一字対応で処理可能なため、熟語単位ルールから除外,旧字体一字対応テーブル側で管理
抜群,拔群,拔,抜,FALSE,新規・辞書検索系・基底熟語,漢字/熟語検索サイト・漢検系確認候補,,FALSE,https://kokugo.jitenon.jp/kanji/%E6%8B%94/contain/ / https://kakijun.com/kanji/kotoba/62d4.html,先行の告示PDF由来リストとは別枠。語単位最長一致でのみ実行し、一字置換は禁止。,旧字体・新字体の一字対応で処理可能なため、熟語単位ルールから除外,旧字体一字対応テーブル側で管理
抜粋,拔粹,拔,抜,FALSE,新規・辞書検索系・基底熟語,漢字/熟語検索サイト・漢検系確認候補,,FALSE,https://kokugo.jitenon.jp/kanji/%E6%8B%94/contain/ / https://kakijun.com/kanji/kotoba/62d4.html,先行の告示PDF由来リストとは別枠。語単位最長一致でのみ実行し、一字置換は禁止。,旧字体・新字体の一字対応で処理可能なため、熟語単位ルールから除外,旧字体一字対応テーブル側で管理
選抜,選拔,拔,抜,FALSE,新規・辞書検索系・基底熟語,漢字/熟語検索サイト・漢検系確認候補,,FALSE,https://kokugo.jitenon.jp/kanji/%E6%8B%94/contain/ / https://kakijun.com/kanji/kotoba/62d4.html,先行の告示PDF由来リストとは別枠。語単位最長一致でのみ実行し、一字置換は禁止。,旧字体・新字体の一字対応で処理可能なため、熟語単位ルールから除外,旧字体一字対応テーブル側で管理
抜擢,拔擢,拔,抜,FALSE,新規・辞書検索系・基底熟語,漢字/熟語検索サイト・漢検系確認候補,,FALSE,https://kokugo.jitenon.jp/kanji/%E6%8B%94/contain/ / https://kakijun.com/kanji/kotoba/62d4.html,先行の告示PDF由来リストとは別枠。語単位最長一致でのみ実行し、一字置換は禁止。,旧字体・新字体の一字対応で処理可能なため、熟語単位ルールから除外,旧字体一字対応テーブル側で管理
抜歯,拔齒,拔,抜,FALSE,新規・辞書検索系・基底熟語,漢字/熟語検索サイト・漢検系確認候補,,FALSE,https://kokugo.jitenon.jp/kanji/%E6%8B%94/contain/ / https://kakijun.com/kanji/kotoba/62d4.html,先行の告示PDF由来リストとは別枠。語単位最長一致でのみ実行し、一字置換は禁止。,旧字体・新字体の一字対応で処理可能なため、熟語単位ルールから除外,旧字体一字対応テーブル側で管理
抜刀,拔刀,拔,抜,FALSE,新規・辞書検索系・基底熟語,漢字/熟語検索サイト・漢検系確認候補,,FALSE,https://kokugo.jitenon.jp/kanji/%E6%8B%94/contain/ / https://kakijun.com/kanji/kotoba/62d4.html,先行の告示PDF由来リストとは別枠。語単位最長一致でのみ実行し、一字置換は禁止。,旧字体・新字体の一字対応で処理可能なため、熟語単位ルールから除外,旧字体一字対応テーブル側で管理
抜本,拔本,拔,抜,FALSE,新規・辞書検索系・基底熟語,漢字/熟語検索サイト・漢検系確認候補,,FALSE,https://kokugo.jitenon.jp/kanji/%E6%8B%94/contain/ / https://kakijun.com/kanji/kotoba/62d4.html,先行の告示PDF由来リストとは別枠。語単位最長一致でのみ実行し、一字置換は禁止。,旧字体・新字体の一字対応で処理可能なため、熟語単位ルールから除外,旧字体一字対応テーブル側で管理
抜糸,拔絲,拔,抜,FALSE,新規・辞書検索系・基底熟語,漢字/熟語検索サイト・漢検系確認候補,,FALSE,https://kokugo.jitenon.jp/kanji/%E6%8B%94/contain/ / https://kakijun.com/kanji/kotoba/62d4.html,先行の告示PDF由来リストとは別枠。語単位最長一致でのみ実行し、一字置換は禁止。,旧字体・新字体の一字対応で処理可能なため、熟語単位ルールから除外,旧字体一字対応テーブル側で管理
摂取,攝取,攝,摂,FALSE,新規・辞書検索系・基底熟語,漢字/熟語検索サイト・漢検系確認候補,,FALSE,https://kokugo.jitenon.jp/kanji/%E6%94%9D/contain/ / https://kakijun.com/kanji/kotoba/651d.html,先行の告示PDF由来リストとは別枠。語単位最長一致でのみ実行し、一字置換は禁止。,旧字体・新字体の一字対応で処理可能なため、熟語単位ルールから除外,旧字体一字対応テーブル側で管理
摂氏,攝氏,攝,摂,FALSE,新規・辞書検索系・基底熟語,漢字/熟語検索サイト・漢検系確認候補,,FALSE,https://kokugo.jitenon.jp/kanji/%E6%94%9D/contain/ / https://kakijun.com/kanji/kotoba/651d.html,先行の告示PDF由来リストとは別枠。語単位最長一致でのみ実行し、一字置換は禁止。,旧字体・新字体の一字対応で処理可能なため、熟語単位ルールから除外,旧字体一字対応テーブル側で管理
摂政,攝政,攝,摂,FALSE,新規・辞書検索系・基底熟語,漢字/熟語検索サイト・漢検系確認候補,,FALSE,https://kokugo.jitenon.jp/kanji/%E6%94%9D/contain/ / https://kakijun.com/kanji/kotoba/651d.html,先行の告示PDF由来リストとは別枠。語単位最長一致でのみ実行し、一字置換は禁止。,旧字体・新字体の一字対応で処理可能なため、熟語単位ルールから除外,旧字体一字対応テーブル側で管理
摂理,攝理,攝,摂,FALSE,新規・辞書検索系・基底熟語,漢字/熟語検索サイト・漢検系確認候補,,FALSE,https://kokugo.jitenon.jp/kanji/%E6%94%9D/contain/ / https://kakijun.com/kanji/kotoba/651d.html,先行の告示PDF由来リストとは別枠。語単位最長一致でのみ実行し、一字置換は禁止。,旧字体・新字体の一字対応で処理可能なため、熟語単位ルールから除外,旧字体一字対応テーブル側で管理
摂生,攝生,攝,摂,FALSE,新規・辞書検索系・基底熟語,漢字/熟語検索サイト・漢検系確認候補,,FALSE,https://kokugo.jitenon.jp/kanji/%E6%94%9D/contain/ / https://kakijun.com/kanji/kotoba/651d.html,先行の告示PDF由来リストとは別枠。語単位最長一致でのみ実行し、一字置換は禁止。,旧字体・新字体の一字対応で処理可能なため、熟語単位ルールから除外,旧字体一字対応テーブル側で管理
摂食,攝食,攝,摂,FALSE,新規・辞書検索系・基底熟語,漢字/熟語検索サイト・漢検系確認候補,,FALSE,https://kokugo.jitenon.jp/kanji/%E6%94%9D/contain/ / https://kakijun.com/kanji/kotoba/651d.html,先行の告示PDF由来リストとは別枠。語単位最長一致でのみ実行し、一字置換は禁止。,旧字体・新字体の一字対応で処理可能なため、熟語単位ルールから除外,旧字体一字対応テーブル側で管理
摂津,攝津,攝,摂,FALSE,新規・辞書検索系・基底熟語,漢字/熟語検索サイト・漢検系確認候補,,FALSE,https://kokugo.jitenon.jp/kanji/%E6%94%9D/contain/ / https://kakijun.com/kanji/kotoba/651d.html,先行の告示PDF由来リストとは別枠。語単位最長一致でのみ実行し、一字置換は禁止。,旧字体・新字体の一字対応で処理可能なため、熟語単位ルールから除外,旧字体一字対応テーブル側で管理
摂動,攝動,攝,摂,FALSE,新規・辞書検索系・基底熟語,漢字/熟語検索サイト・漢検系確認候補,,FALSE,https://kokugo.jitenon.jp/kanji/%E6%94%9D/contain/ / https://kakijun.com/kanji/kotoba/651d.html,先行の告示PDF由来リストとは別枠。語単位最長一致でのみ実行し、一字置換は禁止。,旧字体・新字体の一字対応で処理可能なため、熟語単位ルールから除外,旧字体一字対応テーブル側で管理
揺動,搖動,搖,揺,FALSE,新規・辞書検索系・基底熟語,漢字/熟語検索サイト・漢検系確認候補,,FALSE,https://kokugo.jitenon.jp/kanji/%E6%90%96/contain/ / https://kakijun.com/kanji/kotoba/6416.html,先行の告示PDF由来リストとは別枠。語単位最長一致でのみ実行し、一字置換は禁止。,旧字体・新字体の一字対応で処理可能なため、熟語単位ルールから除外,旧字体一字対応テーブル側で管理
動揺,動搖,搖,揺,FALSE,新規・辞書検索系・基底熟語,漢字/熟語検索サイト・漢検系確認候補,,FALSE,https://kokugo.jitenon.jp/kanji/%E6%90%96/contain/ / https://kakijun.com/kanji/kotoba/6416.html,先行の告示PDF由来リストとは別枠。語単位最長一致でのみ実行し、一字置換は禁止。,旧字体・新字体の一字対応で処理可能なため、熟語単位ルールから除外,旧字体一字対応テーブル側で管理
揺籃,搖籃,搖,揺,FALSE,新規・辞書検索系・基底熟語,漢字/熟語検索サイト・漢検系確認候補,,FALSE,https://kokugo.jitenon.jp/kanji/%E6%90%96/contain/ / https://kakijun.com/kanji/kotoba/6416.html,先行の告示PDF由来リストとは別枠。語単位最長一致でのみ実行し、一字置換は禁止。,旧字体・新字体の一字対応で処理可能なため、熟語単位ルールから除外,旧字体一字対応テーブル側で管理
揺曳,搖曳,搖,揺,FALSE,新規・辞書検索系・基底熟語,漢字/熟語検索サイト・漢検系確認候補,,FALSE,https://kokugo.jitenon.jp/kanji/%E6%90%96/contain/ / https://kakijun.com/kanji/kotoba/6416.html,先行の告示PDF由来リストとは別枠。語単位最長一致でのみ実行し、一字置換は禁止。,旧字体・新字体の一字対応で処理可能なため、熟語単位ルールから除外,旧字体一字対応テーブル側で管理
揺光,搖光,搖,揺,FALSE,新規・辞書検索系・基底熟語,漢字/熟語検索サイト・漢検系確認候補,,FALSE,https://kokugo.jitenon.jp/kanji/%E6%90%96/contain/ / https://kakijun.com/kanji/kotoba/6416.html,先行の告示PDF由来リストとは別枠。語単位最長一致でのみ実行し、一字置換は禁止。,旧字体・新字体の一字対応で処理可能なため、熟語単位ルールから除外,旧字体一字対応テーブル側で管理
揺落,搖落,搖,揺,FALSE,新規・辞書検索系・基底熟語,漢字/熟語検索サイト・漢検系確認候補,,FALSE,https://kokugo.jitenon.jp/kanji/%E6%90%96/contain/ / https://kakijun.com/kanji/kotoba/6416.html,先行の告示PDF由来リストとは別枠。語単位最長一致でのみ実行し、一字置換は禁止。,旧字体・新字体の一字対応で処理可能なため、熟語単位ルールから除外,旧字体一字対応テーブル側で管理
揺拝,搖拜,搖,揺,FALSE,新規・辞書検索系・基底熟語,漢字/熟語検索サイト・漢検系確認候補,,FALSE,https://kokugo.jitenon.jp/kanji/%E6%90%96/contain/ / https://kakijun.com/kanji/kotoba/6416.html,先行の告示PDF由来リストとは別枠。語単位最長一致でのみ実行し、一字置換は禁止。,旧字体・新字体の一字対応で処理可能なため、熟語単位ルールから除外,旧字体一字対応テーブル側で管理
収入,收入,收,収,FALSE,新規・辞書検索系・基底熟語,漢字/熟語検索サイト・漢検系確認候補,,FALSE,https://kokugo.jitenon.jp/kanji/%E6%94%B6/contain/ / https://kakijun.com/kanji/kotoba/6536.html,先行の告示PDF由来リストとは別枠。語単位最長一致でのみ実行し、一字置換は禁止。,旧字体・新字体の一字対応で処理可能なため、熟語単位ルールから除外,旧字体一字対応テーブル側で管理
収集,收集,收,収,FALSE,新規・辞書検索系・基底熟語,漢字/熟語検索サイト・漢検系確認候補,,FALSE,https://kokugo.jitenon.jp/kanji/%E6%94%B6/contain/ / https://kakijun.com/kanji/kotoba/6536.html,先行の告示PDF由来リストとは別枠。語単位最長一致でのみ実行し、一字置換は禁止。,旧字体・新字体の一字対応で処理可能なため、熟語単位ルールから除外,旧字体一字対応テーブル側で管理
回収,回收,收,収,FALSE,新規・辞書検索系・基底熟語,漢字/熟語検索サイト・漢検系確認候補,,FALSE,https://kokugo.jitenon.jp/kanji/%E6%94%B6/contain/ / https://kakijun.com/kanji/kotoba/6536.html,先行の告示PDF由来リストとは別枠。語単位最長一致でのみ実行し、一字置換は禁止。,旧字体・新字体の一字対応で処理可能なため、熟語単位ルールから除外,旧字体一字対応テーブル側で管理
吸収,吸收,收,収,FALSE,新規・辞書検索系・基底熟語,漢字/熟語検索サイト・漢検系確認候補,,FALSE,https://kokugo.jitenon.jp/kanji/%E6%94%B6/contain/ / https://kakijun.com/kanji/kotoba/6536.html,先行の告示PDF由来リストとは別枠。語単位最長一致でのみ実行し、一字置換は禁止。,旧字体・新字体の一字対応で処理可能なため、熟語単位ルールから除外,旧字体一字対応テーブル側で管理
収納,收納,收,収,FALSE,新規・辞書検索系・基底熟語,漢字/熟語検索サイト・漢検系確認候補,,FALSE,https://kokugo.jitenon.jp/kanji/%E6%94%B6/contain/ / https://kakijun.com/kanji/kotoba/6536.html,先行の告示PDF由来リストとは別枠。語単位最長一致でのみ実行し、一字置換は禁止。,旧字体・新字体の一字対応で処理可能なため、熟語単位ルールから除外,旧字体一字対応テーブル側で管理
収穫,收穫,收,収,FALSE,新規・辞書検索系・基底熟語,漢字/熟語検索サイト・漢検系確認候補,,FALSE,https://kokugo.jitenon.jp/kanji/%E6%94%B6/contain/ / https://kakijun.com/kanji/kotoba/6536.html,先行の告示PDF由来リストとは別枠。語単位最長一致でのみ実行し、一字置換は禁止。,旧字体・新字体の一字対応で処理可能なため、熟語単位ルールから除外,旧字体一字対応テーブル側で管理
収容,收容,收,収,FALSE,新規・辞書検索系・基底熟語,漢字/熟語検索サイト・漢検系確認候補,,FALSE,https://kokugo.jitenon.jp/kanji/%E6%94%B6/contain/ / https://kakijun.com/kanji/kotoba/6536.html,先行の告示PDF由来リストとは別枠。語単位最長一致でのみ実行し、一字置換は禁止。,旧字体・新字体の一字対応で処理可能なため、熟語単位ルールから除外,旧字体一字対応テーブル側で管理
収支,收支,收,収,FALSE,新規・辞書検索系・基底熟語,漢字/熟語検索サイト・漢検系確認候補,,FALSE,https://kokugo.jitenon.jp/kanji/%E6%94%B6/contain/ / https://kakijun.com/kanji/kotoba/6536.html,先行の告示PDF由来リストとは別枠。語単位最長一致でのみ実行し、一字置換は禁止。,旧字体・新字体の一字対応で処理可能なため、熟語単位ルールから除外,旧字体一字対応テーブル側で管理
収束,收束,收,収,FALSE,新規・辞書検索系・基底熟語,漢字/熟語検索サイト・漢検系確認候補,,FALSE,https://kokugo.jitenon.jp/kanji/%E6%94%B6/contain/ / https://kakijun.com/kanji/kotoba/6536.html,先行の告示PDF由来リストとは別枠。語単位最長一致でのみ実行し、一字置換は禁止。,旧字体・新字体の一字対応で処理可能なため、熟語単位ルールから除外,旧字体一字対応テーブル側で管理
叙述,敍述,敍,叙,FALSE,新規・辞書検索系・基底熟語,漢字/熟語検索サイト・漢検系確認候補,,FALSE,https://kokugo.jitenon.jp/kanji/%E6%95%8D/contain/ / https://kakijun.com/kanji/kotoba/654d.html,先行の告示PDF由来リストとは別枠。語単位最長一致でのみ実行し、一字置換は禁止。,旧字体・新字体の一字対応で処理可能なため、熟語単位ルールから除外,旧字体一字対応テーブル側で管理
叙情,敍情,敍,叙,FALSE,新規・辞書検索系・基底熟語,漢字/熟語検索サイト・漢検系確認候補,,FALSE,https://kokugo.jitenon.jp/kanji/%E6%95%8D/contain/ / https://kakijun.com/kanji/kotoba/654d.html,先行の告示PDF由来リストとは別枠。語単位最長一致でのみ実行し、一字置換は禁止。,旧字体・新字体の一字対応で処理可能なため、熟語単位ルールから除外,旧字体一字対応テーブル側で管理
叙位,敍位,敍,叙,FALSE,新規・辞書検索系・基底熟語,漢字/熟語検索サイト・漢検系確認候補,,FALSE,https://kokugo.jitenon.jp/kanji/%E6%95%8D/contain/ / https://kakijun.com/kanji/kotoba/654d.html,先行の告示PDF由来リストとは別枠。語単位最長一致でのみ実行し、一字置換は禁止。,旧字体・新字体の一字対応で処理可能なため、熟語単位ルールから除外,旧字体一字対応テーブル側で管理
自叙,自敍,敍,叙,FALSE,新規・辞書検索系・基底熟語,漢字/熟語検索サイト・漢検系確認候補,,FALSE,https://kokugo.jitenon.jp/kanji/%E6%95%8D/contain/ / https://kakijun.com/kanji/kotoba/654d.html,先行の告示PDF由来リストとは別枠。語単位最長一致でのみ実行し、一字置換は禁止。,旧字体・新字体の一字対応で処理可能なため、熟語単位ルールから除外,旧字体一字対応テーブル側で管理
叙勲,敍勳,敍,叙,FALSE,新規・辞書検索系・基底熟語,漢字/熟語検索サイト・漢検系確認候補,,FALSE,https://kokugo.jitenon.jp/kanji/%E6%95%8D/contain/ / https://kakijun.com/kanji/kotoba/654d.html,先行の告示PDF由来リストとは別枠。語単位最長一致でのみ実行し、一字置換は禁止。,旧字体・新字体の一字対応で処理可能なため、熟語単位ルールから除外,旧字体一字対応テーブル側で管理
叙景,敍景,敍,叙,FALSE,新規・辞書検索系・基底熟語,漢字/熟語検索サイト・漢検系確認候補,,FALSE,https://kokugo.jitenon.jp/kanji/%E6%95%8D/contain/ / https://kakijun.com/kanji/kotoba/654d.html,先行の告示PDF由来リストとは別枠。語単位最長一致でのみ実行し、一字置換は禁止。,旧字体・新字体の一字対応で処理可能なため、熟語単位ルールから除外,旧字体一字対応テーブル側で管理
叙事,敍事,敍,叙,FALSE,新規・辞書検索系・基底熟語,漢字/熟語検索サイト・漢検系確認候補,,FALSE,https://kokugo.jitenon.jp/kanji/%E6%95%8D/contain/ / https://kakijun.com/kanji/kotoba/654d.html,先行の告示PDF由来リストとは別枠。語単位最長一致でのみ実行し、一字置換は禁止。,旧字体・新字体の一字対応で処理可能なため、熟語単位ルールから除外,旧字体一字対応テーブル側で管理
数字,數字,數,数,FALSE,新規・辞書検索系・基底熟語,漢字/熟語検索サイト・漢検系確認候補,,FALSE,https://kokugo.jitenon.jp/kanji/%E6%95%B8/contain/ / https://kakijun.com/kanji/kotoba/6578.html,先行の告示PDF由来リストとは別枠。語単位最長一致でのみ実行し、一字置換は禁止。,旧字体・新字体の一字対応で処理可能なため、熟語単位ルールから除外,旧字体一字対応テーブル側で管理
多数,多數,數,数,FALSE,新規・辞書検索系・基底熟語,漢字/熟語検索サイト・漢検系確認候補,,FALSE,https://kokugo.jitenon.jp/kanji/%E6%95%B8/contain/ / https://kakijun.com/kanji/kotoba/6578.html,先行の告示PDF由来リストとは別枠。語単位最長一致でのみ実行し、一字置換は禁止。,旧字体・新字体の一字対応で処理可能なため、熟語単位ルールから除外,旧字体一字対応テーブル側で管理
人数,人數,數,数,FALSE,新規・辞書検索系・基底熟語,漢字/熟語検索サイト・漢検系確認候補,,FALSE,https://kokugo.jitenon.jp/kanji/%E6%95%B8/contain/ / https://kakijun.com/kanji/kotoba/6578.html,先行の告示PDF由来リストとは別枠。語単位最長一致でのみ実行し、一字置換は禁止。,旧字体・新字体の一字対応で処理可能なため、熟語単位ルールから除外,旧字体一字対応テーブル側で管理
数量,數量,數,数,FALSE,新規・辞書検索系・基底熟語,漢字/熟語検索サイト・漢検系確認候補,,FALSE,https://kokugo.jitenon.jp/kanji/%E6%95%B8/contain/ / https://kakijun.com/kanji/kotoba/6578.html,先行の告示PDF由来リストとは別枠。語単位最長一致でのみ実行し、一字置換は禁止。,旧字体・新字体の一字対応で処理可能なため、熟語単位ルールから除外,旧字体一字対応テーブル側で管理
数値,數値,數,数,FALSE,新規・辞書検索系・基底熟語,漢字/熟語検索サイト・漢検系確認候補,,FALSE,https://kokugo.jitenon.jp/kanji/%E6%95%B8/contain/ / https://kakijun.com/kanji/kotoba/6578.html,先行の告示PDF由来リストとは別枠。語単位最長一致でのみ実行し、一字置換は禁止。,旧字体・新字体の一字対応で処理可能なため、熟語単位ルールから除外,旧字体一字対応テーブル側で管理
数式,數式,數,数,FALSE,新規・辞書検索系・基底熟語,漢字/熟語検索サイト・漢検系確認候補,,FALSE,https://kokugo.jitenon.jp/kanji/%E6%95%B8/contain/ / https://kakijun.com/kanji/kotoba/6578.html,先行の告示PDF由来リストとは別枠。語単位最長一致でのみ実行し、一字置換は禁止。,旧字体・新字体の一字対応で処理可能なため、熟語単位ルールから除外,旧字体一字対応テーブル側で管理
数理,數理,數,数,FALSE,新規・辞書検索系・基底熟語,漢字/熟語検索サイト・漢検系確認候補,,FALSE,https://kokugo.jitenon.jp/kanji/%E6%95%B8/contain/ / https://kakijun.com/kanji/kotoba/6578.html,先行の告示PDF由来リストとは別枠。語単位最長一致でのみ実行し、一字置換は禁止。,旧字体・新字体の一字対応で処理可能なため、熟語単位ルールから除外,旧字体一字対応テーブル側で管理
係数,係數,數,数,FALSE,新規・辞書検索系・基底熟語,漢字/熟語検索サイト・漢検系確認候補,,FALSE,https://kokugo.jitenon.jp/kanji/%E6%95%B8/contain/ / https://kakijun.com/kanji/kotoba/6578.html,先行の告示PDF由来リストとは別枠。語単位最長一致でのみ実行し、一字置換は禁止。,旧字体・新字体の一字対応で処理可能なため、熟語単位ルールから除外,旧字体一字対応テーブル側で管理
算数,算數,數,数,FALSE,新規・辞書検索系・基底熟語,漢字/熟語検索サイト・漢検系確認候補,,FALSE,https://kokugo.jitenon.jp/kanji/%E6%95%B8/contain/ / https://kakijun.com/kanji/kotoba/6578.html,先行の告示PDF由来リストとは別枠。語単位最長一致でのみ実行し、一字置換は禁止。,旧字体・新字体の一字対応で処理可能なため、熟語単位ルールから除外,旧字体一字対応テーブル側で管理
昼食,晝食,晝,昼,FALSE,新規・辞書検索系・基底熟語,漢字/熟語検索サイト・漢検系確認候補,,FALSE,https://kokugo.jitenon.jp/kanji/%E6%99%9D/contain/ / https://kakijun.com/kanji/kotoba/665d.html,先行の告示PDF由来リストとは別枠。語単位最長一致でのみ実行し、一字置換は禁止。,旧字体・新字体の一字対応で処理可能なため、熟語単位ルールから除外,旧字体一字対応テーブル側で管理
昼間,晝間,晝,昼,FALSE,新規・辞書検索系・基底熟語,漢字/熟語検索サイト・漢検系確認候補,,FALSE,https://kokugo.jitenon.jp/kanji/%E6%99%9D/contain/ / https://kakijun.com/kanji/kotoba/665d.html,先行の告示PDF由来リストとは別枠。語単位最長一致でのみ実行し、一字置換は禁止。,旧字体・新字体の一字対応で処理可能なため、熟語単位ルールから除外,旧字体一字対応テーブル側で管理
昼休み,晝休み,晝,昼,FALSE,新規・辞書検索系・基底熟語,漢字/熟語検索サイト・漢検系確認候補,,FALSE,https://kokugo.jitenon.jp/kanji/%E6%99%9D/contain/ / https://kakijun.com/kanji/kotoba/665d.html,先行の告示PDF由来リストとは別枠。語単位最長一致でのみ実行し、一字置換は禁止。,旧字体・新字体の一字対応で処理可能なため、熟語単位ルールから除外,旧字体一字対応テーブル側で管理
白昼,白晝,晝,昼,FALSE,新規・辞書検索系・基底熟語,漢字/熟語検索サイト・漢検系確認候補,,FALSE,https://kokugo.jitenon.jp/kanji/%E6%99%9D/contain/ / https://kakijun.com/kanji/kotoba/665d.html,先行の告示PDF由来リストとは別枠。語単位最長一致でのみ実行し、一字置換は禁止。,旧字体・新字体の一字対応で処理可能なため、熟語単位ルールから除外,旧字体一字対応テーブル側で管理
昼夜,晝夜,晝,昼,FALSE,新規・辞書検索系・基底熟語,漢字/熟語検索サイト・漢検系確認候補,,FALSE,https://kokugo.jitenon.jp/kanji/%E6%99%9D/contain/ / https://kakijun.com/kanji/kotoba/665d.html,先行の告示PDF由来リストとは別枠。語単位最長一致でのみ実行し、一字置換は禁止。,旧字体・新字体の一字対応で処理可能なため、熟語単位ルールから除外,旧字体一字対応テーブル側で管理
昼寝,晝寢,晝,昼,FALSE,新規・辞書検索系・基底熟語,漢字/熟語検索サイト・漢検系確認候補,,FALSE,https://kokugo.jitenon.jp/kanji/%E6%99%9D/contain/ / https://kakijun.com/kanji/kotoba/665d.html,先行の告示PDF由来リストとは別枠。語単位最長一致でのみ実行し、一字置換は禁止。,旧字体・新字体の一字対応で処理可能なため、熟語単位ルールから除外,旧字体一字対応テーブル側で管理
真昼,眞晝,晝,昼,FALSE,新規・辞書検索系・基底熟語,漢字/熟語検索サイト・漢検系確認候補,,FALSE,https://kokugo.jitenon.jp/kanji/%E6%99%9D/contain/ / https://kakijun.com/kanji/kotoba/665d.html,先行の告示PDF由来リストとは別枠。語単位最長一致でのみ実行し、一字置換は禁止。,旧字体・新字体の一字対応で処理可能なため、熟語単位ルールから除外,旧字体一字対応テーブル側で管理
条件,條件,條,条,FALSE,新規・辞書検索系・基底熟語,漢字/熟語検索サイト・漢検系確認候補,,FALSE,https://kokugo.jitenon.jp/kanji/%E6%A2%9D/contain/ / https://kakijun.com/kanji/kotoba/689d.html,先行の告示PDF由来リストとは別枠。語単位最長一致でのみ実行し、一字置換は禁止。,旧字体・新字体の一字対応で処理可能なため、熟語単位ルールから除外,旧字体一字対応テーブル側で管理
条約,條約,條,条,FALSE,新規・辞書検索系・基底熟語,漢字/熟語検索サイト・漢検系確認候補,,FALSE,https://kokugo.jitenon.jp/kanji/%E6%A2%9D/contain/ / https://kakijun.com/kanji/kotoba/689d.html,先行の告示PDF由来リストとは別枠。語単位最長一致でのみ実行し、一字置換は禁止。,旧字体・新字体の一字対応で処理可能なため、熟語単位ルールから除外,旧字体一字対応テーブル側で管理
条例,條例,條,条,FALSE,新規・辞書検索系・基底熟語,漢字/熟語検索サイト・漢検系確認候補,,FALSE,https://kokugo.jitenon.jp/kanji/%E6%A2%9D/contain/ / https://kakijun.com/kanji/kotoba/689d.html,先行の告示PDF由来リストとは別枠。語単位最長一致でのみ実行し、一字置換は禁止。,旧字体・新字体の一字対応で処理可能なため、熟語単位ルールから除外,旧字体一字対応テーブル側で管理
条文,條文,條,条,FALSE,新規・辞書検索系・基底熟語,漢字/熟語検索サイト・漢検系確認候補,,FALSE,https://kokugo.jitenon.jp/kanji/%E6%A2%9D/contain/ / https://kakijun.com/kanji/kotoba/689d.html,先行の告示PDF由来リストとは別枠。語単位最長一致でのみ実行し、一字置換は禁止。,旧字体・新字体の一字対応で処理可能なため、熟語単位ルールから除外,旧字体一字対応テーブル側で管理
箇条,箇條,條,条,FALSE,新規・辞書検索系・基底熟語,漢字/熟語検索サイト・漢検系確認候補,,FALSE,https://kokugo.jitenon.jp/kanji/%E6%A2%9D/contain/ / https://kakijun.com/kanji/kotoba/689d.html,先行の告示PDF由来リストとは別枠。語単位最長一致でのみ実行し、一字置換は禁止。,旧字体・新字体の一字対応で処理可能なため、熟語単位ルールから除外,旧字体一字対応テーブル側で管理
条理,條理,條,条,FALSE,新規・辞書検索系・基底熟語,漢字/熟語検索サイト・漢検系確認候補,,FALSE,https://kokugo.jitenon.jp/kanji/%E6%A2%9D/contain/ / https://kakijun.com/kanji/kotoba/689d.html,先行の告示PDF由来リストとは別枠。語単位最長一致でのみ実行し、一字置換は禁止。,旧字体・新字体の一字対応で処理可能なため、熟語単位ルールから除外,旧字体一字対応テーブル側で管理
条項,條項,條,条,FALSE,新規・辞書検索系・基底熟語,漢字/熟語検索サイト・漢検系確認候補,,FALSE,https://kokugo.jitenon.jp/kanji/%E6%A2%9D/contain/ / https://kakijun.com/kanji/kotoba/689d.html,先行の告示PDF由来リストとは別枠。語単位最長一致でのみ実行し、一字置換は禁止。,旧字体・新字体の一字対応で処理可能なため、熟語単位ルールから除外,旧字体一字対応テーブル側で管理
条規,條規,條,条,FALSE,新規・辞書検索系・基底熟語,漢字/熟語検索サイト・漢検系確認候補,,FALSE,https://kokugo.jitenon.jp/kanji/%E6%A2%9D/contain/ / https://kakijun.com/kanji/kotoba/689d.html,先行の告示PDF由来リストとは別枠。語単位最長一致でのみ実行し、一字置換は禁止。,旧字体・新字体の一字対応で処理可能なため、熟語単位ルールから除外,旧字体一字対応テーブル側で管理
信条,信條,條,条,FALSE,新規・辞書検索系・基底熟語,漢字/熟語検索サイト・漢検系確認候補,,FALSE,https://kokugo.jitenon.jp/kanji/%E6%A2%9D/contain/ / https://kakijun.com/kanji/kotoba/689d.html,先行の告示PDF由来リストとは別枠。語単位最長一致でのみ実行し、一字置換は禁止。,旧字体・新字体の一字対応で処理可能なため、熟語単位ルールから除外,旧字体一字対応テーブル側で管理
様子,樣子,樣,様,FALSE,新規・辞書検索系・基底熟語,漢字/熟語検索サイト・漢検系確認候補,,FALSE,https://kokugo.jitenon.jp/kanji/%E6%A8%A3/contain/ / https://kakijun.com/kanji/kotoba/6a23.html,先行の告示PDF由来リストとは別枠。語単位最長一致でのみ実行し、一字置換は禁止。,旧字体・新字体の一字対応で処理可能なため、熟語単位ルールから除外,旧字体一字対応テーブル側で管理
同様,同樣,樣,様,FALSE,新規・辞書検索系・基底熟語,漢字/熟語検索サイト・漢検系確認候補,,FALSE,https://kokugo.jitenon.jp/kanji/%E6%A8%A3/contain/ / https://kakijun.com/kanji/kotoba/6a23.html,先行の告示PDF由来リストとは別枠。語単位最長一致でのみ実行し、一字置換は禁止。,旧字体・新字体の一字対応で処理可能なため、熟語単位ルールから除外,旧字体一字対応テーブル側で管理
仕様,仕樣,樣,様,FALSE,新規・辞書検索系・基底熟語,漢字/熟語検索サイト・漢検系確認候補,,FALSE,https://kokugo.jitenon.jp/kanji/%E6%A8%A3/contain/ / https://kakijun.com/kanji/kotoba/6a23.html,先行の告示PDF由来リストとは別枠。語単位最長一致でのみ実行し、一字置換は禁止。,旧字体・新字体の一字対応で処理可能なため、熟語単位ルールから除外,旧字体一字対応テーブル側で管理
模様,模樣,樣,様,FALSE,新規・辞書検索系・基底熟語,漢字/熟語検索サイト・漢検系確認候補,,FALSE,https://kokugo.jitenon.jp/kanji/%E6%A8%A3/contain/ / https://kakijun.com/kanji/kotoba/6a23.html,先行の告示PDF由来リストとは別枠。語単位最長一致でのみ実行し、一字置換は禁止。,旧字体・新字体の一字対応で処理可能なため、熟語単位ルールから除外,旧字体一字対応テーブル側で管理
多様,多樣,樣,様,FALSE,新規・辞書検索系・基底熟語,漢字/熟語検索サイト・漢検系確認候補,,FALSE,https://kokugo.jitenon.jp/kanji/%E6%A8%A3/contain/ / https://kakijun.com/kanji/kotoba/6a23.html,先行の告示PDF由来リストとは別枠。語単位最長一致でのみ実行し、一字置換は禁止。,旧字体・新字体の一字対応で処理可能なため、熟語単位ルールから除外,旧字体一字対応テーブル側で管理
様式,樣式,樣,様,FALSE,新規・辞書検索系・基底熟語,漢字/熟語検索サイト・漢検系確認候補,,FALSE,https://kokugo.jitenon.jp/kanji/%E6%A8%A3/contain/ / https://kakijun.com/kanji/kotoba/6a23.html,先行の告示PDF由来リストとは別枠。語単位最長一致でのみ実行し、一字置換は禁止。,旧字体・新字体の一字対応で処理可能なため、熟語単位ルールから除外,旧字体一字対応テーブル側で管理
様相,樣相,樣,様,FALSE,新規・辞書検索系・基底熟語,漢字/熟語検索サイト・漢検系確認候補,,FALSE,https://kokugo.jitenon.jp/kanji/%E6%A8%A3/contain/ / https://kakijun.com/kanji/kotoba/6a23.html,先行の告示PDF由来リストとは別枠。語単位最長一致でのみ実行し、一字置換は禁止。,旧字体・新字体の一字対応で処理可能なため、熟語単位ルールから除外,旧字体一字対応テーブル側で管理
様態,樣態,樣,様,FALSE,新規・辞書検索系・基底熟語,漢字/熟語検索サイト・漢検系確認候補,,FALSE,https://kokugo.jitenon.jp/kanji/%E6%A8%A3/contain/ / https://kakijun.com/kanji/kotoba/6a23.html,先行の告示PDF由来リストとは別枠。語単位最長一致でのみ実行し、一字置換は禁止。,旧字体・新字体の一字対応で処理可能なため、熟語単位ルールから除外,旧字体一字対応テーブル側で管理
神様,神樣,樣,様,FALSE,新規・辞書検索系・基底熟語,漢字/熟語検索サイト・漢検系確認候補,,FALSE,https://kokugo.jitenon.jp/kanji/%E6%A8%A3/contain/ / https://kakijun.com/kanji/kotoba/6a23.html,先行の告示PDF由来リストとは別枠。語単位最長一致でのみ実行し、一字置換は禁止。,旧字体・新字体の一字対応で処理可能なため、熟語単位ルールから除外,旧字体一字対応テーブル側で管理
中枢,中樞,樞,枢,FALSE,新規・辞書検索系・基底熟語,漢字/熟語検索サイト・漢検系確認候補,,FALSE,https://kokugo.jitenon.jp/kanji/%E6%A8%9E/contain/ / https://kakijun.com/kanji/kotoba/6a1e.html,先行の告示PDF由来リストとは別枠。語単位最長一致でのみ実行し、一字置換は禁止。,旧字体・新字体の一字対応で処理可能なため、熟語単位ルールから除外,旧字体一字対応テーブル側で管理
枢軸,樞軸,樞,枢,FALSE,新規・辞書検索系・基底熟語,漢字/熟語検索サイト・漢検系確認候補,,FALSE,https://kokugo.jitenon.jp/kanji/%E6%A8%9E/contain/ / https://kakijun.com/kanji/kotoba/6a1e.html,先行の告示PDF由来リストとは別枠。語単位最長一致でのみ実行し、一字置換は禁止。,旧字体・新字体の一字対応で処理可能なため、熟語単位ルールから除外,旧字体一字対応テーブル側で管理
枢要,樞要,樞,枢,FALSE,新規・辞書検索系・基底熟語,漢字/熟語検索サイト・漢検系確認候補,,FALSE,https://kokugo.jitenon.jp/kanji/%E6%A8%9E/contain/ / https://kakijun.com/kanji/kotoba/6a1e.html,先行の告示PDF由来リストとは別枠。語単位最長一致でのみ実行し、一字置換は禁止。,旧字体・新字体の一字対応で処理可能なため、熟語単位ルールから除外,旧字体一字対応テーブル側で管理
枢密,樞密,樞,枢,FALSE,新規・辞書検索系・基底熟語,漢字/熟語検索サイト・漢検系確認候補,,FALSE,https://kokugo.jitenon.jp/kanji/%E6%A8%9E/contain/ / https://kakijun.com/kanji/kotoba/6a1e.html,先行の告示PDF由来リストとは別枠。語単位最長一致でのみ実行し、一字置換は禁止。,旧字体・新字体の一字対応で処理可能なため、熟語単位ルールから除外,旧字体一字対応テーブル側で管理
枢機,樞機,樞,枢,FALSE,新規・辞書検索系・基底熟語,漢字/熟語検索サイト・漢検系確認候補,,FALSE,https://kokugo.jitenon.jp/kanji/%E6%A8%9E/contain/ / https://kakijun.com/kanji/kotoba/6a1e.html,先行の告示PDF由来リストとは別枠。語単位最長一致でのみ実行し、一字置換は禁止。,旧字体・新字体の一字対応で処理可能なため、熟語単位ルールから除外,旧字体一字対応テーブル側で管理
枢府,樞府,樞,枢,FALSE,新規・辞書検索系・基底熟語,漢字/熟語検索サイト・漢検系確認候補,,FALSE,https://kokugo.jitenon.jp/kanji/%E6%A8%9E/contain/ / https://kakijun.com/kanji/kotoba/6a1e.html,先行の告示PDF由来リストとは別枠。語単位最長一致でのみ実行し、一字置換は禁止。,旧字体・新字体の一字対応で処理可能なため、熟語単位ルールから除外,旧字体一字対応テーブル側で管理
